#usda 1.0
(
    customLayerData = {
        dictionary cameraSettings = {
            dictionary Front = {
                double3 position = (5, 0, 0)
                double radius = 5
            }
            dictionary Perspective = {
                double3 position = (-17.825907208741807, 28.165978905424506, 5.060289807886963)
                double3 target = (-15.376712498208898, 26.494750483841866, 4.756053956424815)
            }
            dictionary Right = {
                double3 position = (0, -5, 0)
                double radius = 5
            }
            dictionary Top = {
                double3 position = (0, 0, 5)
                double radius = 5
            }
            string boundCamera = "/OmniverseKit_Persp"
        }
        dictionary metricsAssembler = {
            dictionary "/World/Cardbox_A1" = {
            }
            dictionary "/World/Cardbox_A2" = {
            }
            dictionary "/World/Cardbox_A2_01" = {
            }
            dictionary "/World/Cardbox_A3" = {
            }
            dictionary "/World/Cardbox_B1" = {
            }
            dictionary "/World/Cardbox_B2" = {
            }
            dictionary "/World/Cardbox_B3" = {
            }
            dictionary "/World/Cardbox_B3_01" = {
            }
            dictionary "/World/Cardbox_B3_02" = {
            }
            dictionary "/World/Cardbox_B3_03" = {
            }
            dictionary "/World/Cardbox_B3_04" = {
            }
            dictionary "/World/Cardbox_B3_05" = {
            }
            dictionary "/World/Cardbox_B3_06" = {
            }
            dictionary "/World/Cardbox_B3_07" = {
            }
            dictionary "/World/Cardbox_B3_08" = {
            }
            dictionary "/World/Cardbox_B3_09" = {
            }
            dictionary "/World/Cardbox_B3_10" = {
            }
            dictionary "/World/Cardbox_B3_11" = {
            }
            dictionary "/World/Cardbox_B3_12" = {
            }
            dictionary "/World/Cardbox_B3_13" = {
            }
            dictionary "/World/Cardbox_B3_14" = {
            }
            dictionary "/World/Cardbox_B3_15" = {
            }
            dictionary "/World/Cardbox_C1" = {
            }
            dictionary "/World/Cardbox_C2" = {
            }
            dictionary "/World/Cardbox_D1" = {
            }
            dictionary "/World/Cardbox_D2" = {
            }
            dictionary "/World/Cardbox_D2_01" = {
            }
            dictionary "/World/CubeBox_A06_42cm_PR_NVD_01" = {
            }
            dictionary "/World/CubeBox_A06_42cm_PR_NVD_02" = {
            }
            dictionary "/World/CubeBox_A06_42cm_PR_NVD_03" = {
            }
            dictionary "/World/CubeBox_A06_42cm_PR_NVD_04" = {
            }
            dictionary "/World/CubeBox_A06_42cm_PR_NVD_05" = {
            }
            dictionary "/World/CubeBox_A06_42cm_PR_NVD_06" = {
            }
            dictionary "/World/CubeBox_A06_42cm_PR_NVD_07" = {
            }
            dictionary "/World/RackLarge_A3" = {
            }
            dictionary "/World/RackLarge_A8" = {
            }
            dictionary "/World/RackLarge_A9" = {
            }
            dictionary "/World/RackLarge_A9_01" = {
            }
            dictionary "/World/RackLong_A9" = {
            }
            dictionary "/World/RackLong_A9_01" = {
            }
            dictionary "/World/RackLong_A9_02" = {
            }
            dictionary "/World/RackLong_A9_03" = {
            }
            dictionary "/World/RackSmall_A1" = {
            }
            dictionary "/World/WoodenCrate_C1" = {
            }
            int version = 1
        }
        dictionary omni_layer = {
            string authoring_layer = "./small_warehouse_full_with_industrial_ap.usda"
        }
        double3 racerBsPhaseCenter = (-10.02891489217081, 14.888611215255622, 7.55)
        string racerBsPlacement = "user-adjusted position"
        string racerScenario = "warehouse_full"
        dictionary renderSettings = {
        }
    }
    defaultPrim = "World"
    metersPerUnit = 1
    subLayers = [
        @warehouse_full.usd@
    ]
    upAxis = "Z"
)

over "World"
{
    def Xform "IndustrialWifiAccessPoint" (
        prepend references = @../isaac_assets/industrial_wifi_ap/industrial_wifi_ap.usda@
    )
    {
        custom string experiment:role = "visible_and_rf_access_point"
        custom double3 radio:phaseCenter = (-10.02891489217081, 14.888611215255622, 7.55)
        quatf xformOp:orient = (1, 0, 0, 0)
        float3 xformOp:scale = (1, 1, 1)
        double3 xformOp:translate = (-7.345038167463481, 14.888611215255622, 8)
        uniform token[] xformOpOrder = ["xformOp:translate", "xformOp:orient", "xformOp:scale"]

        over "MetalRadioObstacleProxy" (
            active = false
        )
        {
        }

        over "Enclosure"
        {
            quatf xformOp:orient = (1, 0, 0, 0)
            float3 xformOp:scale = (1, 1, 1)
            double3 xformOp:translate = (0, 0, 0)
            uniform token[] xformOpOrder = ["xformOp:translate", "xformOp:orient", "xformOp:scale"]

            over "MainBody"
            {
                quatf xformOp:orient = (1, 0, 0, 0)
                double3 xformOp:scale = (0.46, 0.35, 0.105)
                double3 xformOp:translate = (0, 0, -0.0875)
                uniform token[] xformOpOrder = ["xformOp:translate", "xformOp:orient", "xformOp:scale"]
            }
        }
    }

    def "Cardbox_D2" (
        prepend payload = @https://omniverse-content-production.s3-us-west-2.amazonaws.com/Assets/ArchVis/Industrial/Containers/Cardboard/Cardbox_D2.usd@
    )
    {
        quatf xformOp:orient = (1, 0, 0, 0)
        float3 xformOp:scale = (1, 1, 1)
        double3 xformOp:scale:unitsResolve = (0.009999999776482582, 0.009999999776482582, 0.009999999776482582)
        double3 xformOp:translate = (-0.8733662820419301, 7.199203968048096, 3.4320476055145264)
        uniform token[] xformOpOrder = ["xformOp:translate", "xformOp:orient", "xformOp:scale", "xformOp:scale:unitsResolve"]

        over "Cardbox_D2" (
            active = false
        )
        {
        }
    }

    def "Cardbox_B2" (
        prepend payload = @https://omniverse-content-production.s3-us-west-2.amazonaws.com/Assets/ArchVis/Industrial/Containers/Cardboard/Cardbox_B2.usd@
    )
    {
        quatf xformOp:orient = (1, 0, 0, 0)
        float3 xformOp:scale = (1, 1, 1)
        double3 xformOp:scale:unitsResolve = (0.009999999776482582, 0.009999999776482582, 0.009999999776482582)
        double3 xformOp:translate = (-0.6804784536361694, 9.354417971159902, 3.3474996089935303)
        uniform token[] xformOpOrder = ["xformOp:translate", "xformOp:orient", "xformOp:scale", "xformOp:scale:unitsResolve"]
    }

    def "Cardbox_B1" (
        prepend payload = @https://omniverse-content-production.s3-us-west-2.amazonaws.com/Assets/ArchVis/Industrial/Containers/Cardboard/Cardbox_B1.usd@
    )
    {
        quatf xformOp:orient = (1, 0, 0, 0)
        float3 xformOp:scale = (1, 1, 1)
        double3 xformOp:scale:unitsResolve = (0.009999999776482582, 0.009999999776482582, 0.009999999776482582)
        double3 xformOp:translate = (-0.6331084206887418, 9.87358152557622, 3.293352127075195)
        uniform token[] xformOpOrder = ["xformOp:translate", "xformOp:orient", "xformOp:scale", "xformOp:scale:unitsResolve"]
    }

    def "Cardbox_B3" (
        prepend payload = @https://omniverse-content-production.s3-us-west-2.amazonaws.com/Assets/ArchVis/Industrial/Containers/Cardboard/Cardbox_B3.usd@
    )
    {
        quatf xformOp:orient = (1, 0, 0, 0)
        float3 xformOp:scale = (1, 1, 1)
        double3 xformOp:scale:unitsResolve = (0.009999999776482582, 0.009999999776482582, 0.009999999776482582)
        double3 xformOp:translate = (-0.6513720799046993, 10.407608069464517, 3.342686414718628)
        uniform token[] xformOpOrder = ["xformOp:translate", "xformOp:orient", "xformOp:scale", "xformOp:scale:unitsResolve"]
    }

    def "Cardbox_A3" (
        prepend payload = @https://omniverse-content-production.s3-us-west-2.amazonaws.com/Assets/ArchVis/Industrial/Containers/Cardboard/Cardbox_A3.usd@
    )
    {
        quatf xformOp:orient = (1, 0, 0, 0)
        float3 xformOp:scale = (1, 1, 1)
        double3 xformOp:scale:unitsResolve = (0.009999999776482582, 0.009999999776482582, 0.009999999776482582)
        double3 xformOp:translate = (-0.4549044072628021, 10.915446003061597, 3.33284592628479)
        uniform token[] xformOpOrder = ["xformOp:translate", "xformOp:orient", "xformOp:scale", "xformOp:scale:unitsResolve"]
    }

    def "Cardbox_A2" (
        prepend payload = @https://omniverse-content-production.s3-us-west-2.amazonaws.com/Assets/ArchVis/Industrial/Containers/Cardboard/Cardbox_A2.usd@
    )
    {
        quatf xformOp:orient = (1, 0, 0, 0)
        float3 xformOp:scale = (1, 1, 1)
        double3 xformOp:scale:unitsResolve = (0.009999999776482582, 0.009999999776482582, 0.009999999776482582)
        double3 xformOp:translate = (-0.48637792468070984, 11.420959322147244, 3.347499370574951)
        uniform token[] xformOpOrder = ["xformOp:translate", "xformOp:orient", "xformOp:scale", "xformOp:scale:unitsResolve"]
    }

    def "Cardbox_C2" (
        prepend payload = @https://omniverse-content-production.s3-us-west-2.amazonaws.com/Assets/ArchVis/Industrial/Containers/Cardboard/Cardbox_C2.usd@
    )
    {
        quatf xformOp:orient = (1, 0, 0, 0)
        float3 xformOp:scale = (1, 1, 1)
        double3 xformOp:scale:unitsResolve = (0.009999999776482582, 0.009999999776482582, 0.009999999776482582)
        double3 xformOp:translate = (-0.5524593645578103, 10.460040092468262, 3.8526708254842967)
        uniform token[] xformOpOrder = ["xformOp:translate", "xformOp:orient", "xformOp:scale", "xformOp:scale:unitsResolve"]
    }

    def "Cardbox_A2_01" (
        prepend payload = @https://omniverse-content-production.s3-us-west-2.amazonaws.com/Assets/ArchVis/Industrial/Containers/Cardboard/Cardbox_A2.usd@
    )
    {
        quatf xformOp:orient = (1, 0, 0, 0)
        float3 xformOp:scale = (1, 1, 1)
        double3 xformOp:scale:unitsResolve = (0.009999999776482582, 0.009999999776482582, 0.009999999776482582)
        double3 xformOp:translate = (-0.4499628245830536, 11.942929320011002, 3.3474996089935303)
        uniform token[] xformOpOrder = ["xformOp:translate", "xformOp:orient", "xformOp:scale", "xformOp:scale:unitsResolve"]
    }

    def "Cardbox_A1" (
        prepend payload = @https://omniverse-content-production.s3-us-west-2.amazonaws.com/Assets/ArchVis/Industrial/Containers/Cardboard/Cardbox_A1.usd@
    )
    {
        quatf xformOp:orient = (1, 0, 0, 0)
        float3 xformOp:scale = (1, 1, 1)
        double3 xformOp:scale:unitsResolve = (0.009999999776482582, 0.009999999776482582, 0.009999999776482582)
        double3 xformOp:translate = (-0.4497645199298858, 12.466807734040003, 3.3474996089935303)
        uniform token[] xformOpOrder = ["xformOp:translate", "xformOp:orient", "xformOp:scale", "xformOp:scale:unitsResolve"]
    }

    def "Cardbox_D1" (
        prepend payload = @https://omniverse-content-production.s3-us-west-2.amazonaws.com/Assets/ArchVis/Industrial/Containers/Cardboard/Cardbox_D1.usd@
    )
    {
        quatf xformOp:orient = (1, 0, 0, 0)
        float3 xformOp:scale = (1, 1, 1)
        double3 xformOp:scale:unitsResolve = (0.009999999776482582, 0.009999999776482582, 0.009999999776482582)
        double3 xformOp:translate = (-0.7995023727416992, 11.838268280029297, 3.7739384174346924)
        uniform token[] xformOpOrder = ["xformOp:translate", "xformOp:orient", "xformOp:scale", "xformOp:scale:unitsResolve"]

        over "Cardbox_D1"
        {
            quatf xformOp:orient = (1, 0, 0, 0)
            float3 xformOp:scale = (1, 1, 1)
            double3 xformOp:translate = (21.40309711300811, 0, 10.159031050197768)
            uniform token[] xformOpOrder = ["xformOp:translate", "xformOp:orient", "xformOp:scale"]
        }
    }

    def "Cardbox_C1" (
        prepend payload = @https://omniverse-content-production.s3-us-west-2.amazonaws.com/Assets/ArchVis/Industrial/Containers/Cardboard/Cardbox_C1.usd@
    )
    {
        quatf xformOp:orient = (1, 0, 0, 0)
        float3 xformOp:scale = (1, 1, 1)
        double3 xformOp:scale:unitsResolve = (0.009999999776482582, 0.009999999776482582, 0.009999999776482582)
        double3 xformOp:translate = (-0.8359256982803345, 11.349889755249023, 3.8729318192527153)
        uniform token[] xformOpOrder = ["xformOp:translate", "xformOp:orient", "xformOp:scale", "xformOp:scale:unitsResolve"]

        over "Cardbox_C1"
        {
            quatf xformOp:orient = (1, 0, 0, 0)
            float3 xformOp:scale = (1, 1, 1)
            double3 xformOp:translate = (21.74154200889565, 0, 0)
            uniform token[] xformOpOrder = ["xformOp:translate", "xformOp:orient", "xformOp:scale"]
        }
    }

    def "CubeBox_A06_42cm_PR_NVD_01" (
        prepend payload = @https://omniverse-content-production.s3-us-west-2.amazonaws.com/Assets/DigitalTwin/Assets/Warehouse/Shipping/Cardboard_Boxes/Cube_A/CubeBox_A06_42cm_PR_NVD_01.usd@
    )
    {
        quatf xformOp:orient = (1, 0, 0, 0)
        float3 xformOp:scale = (1, 1, 1)
        double3 xformOp:scale:unitsResolve = (0.01, 0.01, 0.01)
        double3 xformOp:translate = (-5.39148640940856, 20.094789505004876, 1.9595904537161513)
        uniform token[] xformOpOrder = ["xformOp:translate", "xformOp:orient", "xformOp:scale", "xformOp:scale:unitsResolve"]
    }

    def "CubeBox_A06_42cm_PR_NVD_02" (
        prepend payload = @https://omniverse-content-production.s3-us-west-2.amazonaws.com/Assets/DigitalTwin/Assets/Warehouse/Shipping/Cardboard_Boxes/Cube_A/CubeBox_A06_42cm_PR_NVD_01.usd@
    )
    {
        quatf xformOp:orient = (1, 0, 0, 0)
        float3 xformOp:scale = (1, 1, 1)
        double3 xformOp:scale:unitsResolve = (0.01, 0.01, 0.01)
        double3 xformOp:translate = (-5.797391414642332, 19.650568218611237, 1.9452327489852905)
        uniform token[] xformOpOrder = ["xformOp:translate", "xformOp:orient", "xformOp:scale", "xformOp:scale:unitsResolve"]
    }

    def "CubeBox_A06_42cm_PR_NVD_03" (
        prepend payload = @https://omniverse-content-production.s3-us-west-2.amazonaws.com/Assets/DigitalTwin/Assets/Warehouse/Shipping/Cardboard_Boxes/Cube_A/CubeBox_A06_42cm_PR_NVD_01.usd@
    )
    {
        quatf xformOp:orient = (1, 0, 0, 0)
        float3 xformOp:scale = (1, 1, 1)
        double3 xformOp:scale:unitsResolve = (0.01, 0.01, 0.01)
        double3 xformOp:translate = (-5.801619529724121, 19.19592213848037, 1.9526128768920883)
        uniform token[] xformOpOrder = ["xformOp:translate", "xformOp:orient", "xformOp:scale", "xformOp:scale:unitsResolve"]
    }

    def "CubeBox_A06_42cm_PR_NVD_04" (
        prepend payload = @https://omniverse-content-production.s3-us-west-2.amazonaws.com/Assets/DigitalTwin/Assets/Warehouse/Shipping/Cardboard_Boxes/Cube_A/CubeBox_A06_42cm_PR_NVD_01.usd@
    )
    {
        quatf xformOp:orient = (1, 0, 0, 0)
        float3 xformOp:scale = (1, 1, 1)
        double3 xformOp:scale:unitsResolve = (0.01, 0.01, 0.01)
        double3 xformOp:translate = (-5.429795259489651, 18.65789668657112, 1.9551737700070506)
        uniform token[] xformOpOrder = ["xformOp:translate", "xformOp:orient", "xformOp:scale", "xformOp:scale:unitsResolve"]
    }

    def "CubeBox_A06_42cm_PR_NVD_05" (
        prepend payload = @https://omniverse-content-production.s3-us-west-2.amazonaws.com/Assets/DigitalTwin/Assets/Warehouse/Shipping/Cardboard_Boxes/Cube_A/CubeBox_A06_42cm_PR_NVD_01.usd@
    )
    {
        quatf xformOp:orient = (1, 0, 0, 0)
        float3 xformOp:scale = (1, 1, 1)
        double3 xformOp:scale:unitsResolve = (0.01, 0.01, 0.01)
        double3 xformOp:translate = (-5.966701507568359, 18.440408445771986, 1.9562499523162842)
        uniform token[] xformOpOrder = ["xformOp:translate", "xformOp:orient", "xformOp:scale", "xformOp:scale:unitsResolve"]
    }

    def "CubeBox_A06_42cm_PR_NVD_06" (
        prepend payload = @https://omniverse-content-production.s3-us-west-2.amazonaws.com/Assets/DigitalTwin/Assets/Warehouse/Shipping/Cardboard_Boxes/Cube_A/CubeBox_A06_42cm_PR_NVD_01.usd@
    )
    {
        quatf xformOp:orient = (1, 0, 0, 0)
        float3 xformOp:scale = (1, 1, 1)
        double3 xformOp:scale:unitsResolve = (0.01, 0.01, 0.01)
        double3 xformOp:translate = (-5.3312462627983095, 18.042526245117188, 1.959964478243766)
        uniform token[] xformOpOrder = ["xformOp:translate", "xformOp:orient", "xformOp:scale", "xformOp:scale:unitsResolve"]
    }

    def "CubeBox_A06_42cm_PR_NVD_07" (
        prepend payload = @https://omniverse-content-production.s3-us-west-2.amazonaws.com/Assets/DigitalTwin/Assets/Warehouse/Shipping/Cardboard_Boxes/Cube_A/CubeBox_A06_42cm_PR_NVD_01.usd@
    )
    {
        quatf xformOp:orient = (1, 0, 0, 0)
        float3 xformOp:scale = (1, 1, 1)
        double3 xformOp:scale:unitsResolve = (0.01, 0.01, 0.01)
        double3 xformOp:translate = (-5.959568977355957, 17.67724069896651, 1.9562499523162842)
        uniform token[] xformOpOrder = ["xformOp:translate", "xformOp:orient", "xformOp:scale", "xformOp:scale:unitsResolve"]
    }

    def "RackLarge_A8" (
        active = false
        prepend payload = @https://omniverse-content-production.s3-us-west-2.amazonaws.com/Assets/ArchVis/Industrial/Racks/RackLarge_A8.usd@
    )
    {
        quatf xformOp:orient = (1, 0, 0, 0)
        float3 xformOp:scale = (0.6, 1.2, 1)
        double3 xformOp:scale:unitsResolve = (0.009999999776482582, 0.009999999776482582, 0.009999999776482582)
        double3 xformOp:translate = (-10.50019359588623, 6.399376240846523, -6.431861265809858e-7)
        uniform token[] xformOpOrder = ["xformOp:translate", "xformOp:orient", "xformOp:scale", "xformOp:scale:unitsResolve"]
    }

    def "RackLarge_A9_01" (
        active = false
        prepend payload = @https://omniverse-content-production.s3-us-west-2.amazonaws.com/Assets/ArchVis/Industrial/Racks/RackLarge_A9.usd@
    )
    {
        float3 xformOp:rotateXYZ = (0, 0, 0)
        float3 xformOp:scale = (0.6, 1.2, 1)
        double3 xformOp:scale:unitsResolve = (0.009999999776482582, 0.009999999776482582, 0.009999999776482582)
        double3 xformOp:translate = (-0.6226317820414827, 6.247883614578405, 4.600944691901532e-7)
        uniform token[] xformOpOrder = ["xformOp:translate", "xformOp:rotateXYZ", "xformOp:scale", "xformOp:scale:unitsResolve"]
    }

    def "RackLong_A9" (
        active = false
        prepend payload = @https://omniverse-content-production.s3-us-west-2.amazonaws.com/Assets/ArchVis/Industrial/Racks/RackLong_A9.usd@
    )
    {
        quatf xformOp:orient = (1, 0, 0, 0)
        float3 xformOp:scale = (0.8, 1, 0.8)
        double3 xformOp:scale:unitsResolve = (0.009999999776482582, 0.009999999776482582, 0.009999999776482582)
        double3 xformOp:translate = (-16.470472243649027, 10.956383961955737, -1.0016141516189235e-7)
        uniform token[] xformOpOrder = ["xformOp:translate", "xformOp:orient", "xformOp:scale", "xformOp:scale:unitsResolve"]
    }

    def "RackLong_A9_01" (
        active = false
        prepend payload = @https://omniverse-content-production.s3-us-west-2.amazonaws.com/Assets/ArchVis/Industrial/Racks/RackLong_A9.usd@
    )
    {
        quatf xformOp:orient = (1, 0, 0, 0)
        float3 xformOp:scale = (0.8, 1, 0.8)
        double3 xformOp:scale:unitsResolve = (0.009999999776482582, 0.009999999776482582, 0.009999999776482582)
        double3 xformOp:translate = (-16.470472243649027, 14.966683894364962, -1.0016141516189235e-7)
        uniform token[] xformOpOrder = ["xformOp:translate", "xformOp:orient", "xformOp:scale", "xformOp:scale:unitsResolve"]
    }

    def "RackLong_A9_02" (
        active = false
        prepend payload = @https://omniverse-content-production.s3-us-west-2.amazonaws.com/Assets/ArchVis/Industrial/Racks/RackLong_A9.usd@
    )
    {
        quatf xformOp:orient = (1, 0, 0, 0)
        float3 xformOp:scale = (0.8, 1, 0.8)
        double3 xformOp:scale:unitsResolve = (0.009999999776482582, 0.009999999776482582, 0.009999999776482582)
        double3 xformOp:translate = (-16.470472243649027, 18.97588130084148, -1.0016141516189235e-7)
        uniform token[] xformOpOrder = ["xformOp:translate", "xformOp:orient", "xformOp:scale", "xformOp:scale:unitsResolve"]
    }

    def "RackLong_A9_03" (
        active = false
        prepend payload = @https://omniverse-content-production.s3-us-west-2.amazonaws.com/Assets/ArchVis/Industrial/Racks/RackLong_A9.usd@
    )
    {
        quatf xformOp:orient = (1, 0, 0, 0)
        float3 xformOp:scale = (0.8, 0.9, 0.8)
        double3 xformOp:scale:unitsResolve = (0.009999999776482582, 0.009999999776482582, 0.009999999776482582)
        double3 xformOp:translate = (-16.470472243649024, 22.793801026410765, -1.0016141516189231e-7)
        uniform token[] xformOpOrder = ["xformOp:translate", "xformOp:orient", "xformOp:scale", "xformOp:scale:unitsResolve"]
    }

    def "Cardbox_B3_01" (
        prepend payload = @https://omniverse-content-production.s3-us-west-2.amazonaws.com/Assets/ArchVis/Industrial/Containers/Cardboard/Cardbox_B3.usd@
    )
    {
        quatf xformOp:orient = (1, 0, 0, 0)
        float3 xformOp:scale = (1, 1, 1)
        double3 xformOp:scale:unitsResolve = (0.009999999776482582, 0.009999999776482582, 0.009999999776482582)
        double3 xformOp:translate = (-20.3737122091748, 16.412551879882812, 3.258607864379883)
        uniform token[] xformOpOrder = ["xformOp:translate", "xformOp:orient", "xformOp:scale", "xformOp:scale:unitsResolve"]

        over "Cardbox_B3" (
            active = false
        )
        {
        }
    }

    def "Cardbox_B3_02" (
        prepend payload = @https://omniverse-content-production.s3-us-west-2.amazonaws.com/Assets/ArchVis/Industrial/Containers/Cardboard/Cardbox_B3.usd@
    )
    {
        quatf xformOp:orient = (1, 0, 0, 0)
        float3 xformOp:scale = (1, 1, 1)
        double3 xformOp:scale:unitsResolve = (0.009999999776482582, 0.009999999776482582, 0.009999999776482582)
        double3 xformOp:translate = (-20.344930752428546, 15.7703903029986, 3.259999513626098)
        uniform token[] xformOpOrder = ["xformOp:translate", "xformOp:orient", "xformOp:scale", "xformOp:scale:unitsResolve"]

        over "Cardbox_B3" (
            active = false
        )
        {
        }
    }

    def "Cardbox_B3_03" (
        prepend payload = @https://omniverse-content-production.s3-us-west-2.amazonaws.com/Assets/ArchVis/Industrial/Containers/Cardboard/Cardbox_B3.usd@
    )
    {
        quatf xformOp:orient = (1, 0, 0, 0)
        float3 xformOp:scale = (1, 1, 1)
        double3 xformOp:scale:unitsResolve = (0.009999999776482582, 0.009999999776482582, 0.009999999776482582)
        double3 xformOp:translate = (-20.509909657357866, 15.151584656288174, 3.268217810069737)
        uniform token[] xformOpOrder = ["xformOp:translate", "xformOp:orient", "xformOp:scale", "xformOp:scale:unitsResolve"]

        over "Cardbox_B3" (
            active = false
        )
        {
        }
    }

    def "Cardbox_B3_04" (
        prepend payload = @https://omniverse-content-production.s3-us-west-2.amazonaws.com/Assets/ArchVis/Industrial/Containers/Cardboard/Cardbox_B3.usd@
    )
    {
        quatf xformOp:orient = (1, 0, 0, 0)
        float3 xformOp:scale = (1, 1, 1)
        double3 xformOp:scale:unitsResolve = (0.009999999776482582, 0.009999999776482582, 0.009999999776482582)
        double3 xformOp:translate = (-10.702296627838974, 9.746855735778809, 3.2051932034032884)
        uniform token[] xformOpOrder = ["xformOp:translate", "xformOp:orient", "xformOp:scale", "xformOp:scale:unitsResolve"]
    }

    def "Cardbox_B3_05" (
        prepend payload = @https://omniverse-content-production.s3-us-west-2.amazonaws.com/Assets/ArchVis/Industrial/Containers/Cardboard/Cardbox_B3.usd@
    )
    {
        quatf xformOp:orient = (1, 0, 0, 0)
        float3 xformOp:scale = (1, 1, 1)
        double3 xformOp:scale:unitsResolve = (0.009999999776482582, 0.009999999776482582, 0.009999999776482582)
        double3 xformOp:translate = (-10.706872940063477, 11.220574434800389, 3.1987500190734863)
        uniform token[] xformOpOrder = ["xformOp:translate", "xformOp:orient", "xformOp:scale", "xformOp:scale:unitsResolve"]
    }

    def "Cardbox_B3_06" (
        prepend payload = @https://omniverse-content-production.s3-us-west-2.amazonaws.com/Assets/ArchVis/Industrial/Containers/Cardboard/Cardbox_B3.usd@
    )
    {
        quatf xformOp:orient = (1, 0, 0, 0)
        float3 xformOp:scale = (1, 1, 1)
        double3 xformOp:scale:unitsResolve = (0.009999999776482582, 0.009999999776482582, 0.009999999776482582)
        double3 xformOp:translate = (-10.56316340102785, 11.896395683288574, 3.1987500190734863)
        uniform token[] xformOpOrder = ["xformOp:translate", "xformOp:orient", "xformOp:scale", "xformOp:scale:unitsResolve"]
    }

    def "Cardbox_B3_07" (
        prepend payload = @https://omniverse-content-production.s3-us-west-2.amazonaws.com/Assets/ArchVis/Industrial/Containers/Cardboard/Cardbox_B3.usd@
    )
    {
        quatf xformOp:orient = (1, 0, 0, 0)
        float3 xformOp:scale = (1, 1, 1)
        double3 xformOp:scale:unitsResolve = (0.009999999776482582, 0.009999999776482582, 0.009999999776482582)
        double3 xformOp:translate = (-5.715972110393659, 24.268848419189453, 3.4484150409698486)
        uniform token[] xformOpOrder = ["xformOp:translate", "xformOp:orient", "xformOp:scale", "xformOp:scale:unitsResolve"]
    }

    def "Cardbox_B3_08" (
        prepend payload = @https://omniverse-content-production.s3-us-west-2.amazonaws.com/Assets/ArchVis/Industrial/Containers/Cardboard/Cardbox_B3.usd@
    )
    {
        quatf xformOp:orient = (1, 0, 0, 0)
        float3 xformOp:scale = (1, 1, 1)
        double3 xformOp:scale:unitsResolve = (0.009999999776482582, 0.009999999776482582, 0.009999999776482582)
        double3 xformOp:translate = (-5.664312329312948, 23.71477414650873, 3.4487497806549072)
        uniform token[] xformOpOrder = ["xformOp:translate", "xformOp:orient", "xformOp:scale", "xformOp:scale:unitsResolve"]
    }

    def "Cardbox_B3_09" (
        prepend payload = @https://omniverse-content-production.s3-us-west-2.amazonaws.com/Assets/ArchVis/Industrial/Containers/Cardboard/Cardbox_B3.usd@
    )
    {
        quatf xformOp:orient = (1, 0, 0, 0)
        float3 xformOp:scale = (1, 1, 1)
        double3 xformOp:scale:unitsResolve = (0.009999999776482582, 0.009999999776482582, 0.009999999776482582)
        double3 xformOp:translate = (-5.757407188415527, 23.104470832155695, 3.448750019073485)
        uniform token[] xformOpOrder = ["xformOp:translate", "xformOp:orient", "xformOp:scale", "xformOp:scale:unitsResolve"]
    }

    def "Cardbox_B3_10" (
        prepend payload = @https://omniverse-content-production.s3-us-west-2.amazonaws.com/Assets/ArchVis/Industrial/Containers/Cardboard/Cardbox_B3.usd@
    )
    {
        quatf xformOp:orient = (1, 0, 0, 0)
        float3 xformOp:scale = (1, 1, 1)
        double3 xformOp:scale:unitsResolve = (0.009999999776482582, 0.009999999776482582, 0.009999999776482582)
        double3 xformOp:translate = (-5.4320783615112305, 22.571453094482422, 3.448592185974121)
        uniform token[] xformOpOrder = ["xformOp:translate", "xformOp:orient", "xformOp:scale", "xformOp:scale:unitsResolve"]
    }

    def "Cardbox_B3_11" (
        prepend payload = @https://omniverse-content-production.s3-us-west-2.amazonaws.com/Assets/ArchVis/Industrial/Containers/Cardboard/Cardbox_B3.usd@
    )
    {
        quatf xformOp:orient = (1, 0, 0, 0)
        float3 xformOp:scale = (1, 1, 1)
        double3 xformOp:scale:unitsResolve = (0.009999999776482582, 0.009999999776482582, 0.009999999776482582)
        double3 xformOp:translate = (-5.762688636779785, 22.018087540990482, 3.4487497806549072)
        uniform token[] xformOpOrder = ["xformOp:translate", "xformOp:orient", "xformOp:scale", "xformOp:scale:unitsResolve"]
    }

    def "Cardbox_B3_12" (
        prepend payload = @https://omniverse-content-production.s3-us-west-2.amazonaws.com/Assets/ArchVis/Industrial/Containers/Cardboard/Cardbox_B3.usd@
    )
    {
        quatf xformOp:orient = (1, 0, 0, 0)
        float3 xformOp:scale = (1, 1, 1)
        double3 xformOp:scale:unitsResolve = (0.009999999776482582, 0.009999999776482582, 0.009999999776482582)
        double3 xformOp:translate = (-5.484039433873864, 21.42887142608607, 3.448750019073485)
        uniform token[] xformOpOrder = ["xformOp:translate", "xformOp:orient", "xformOp:scale", "xformOp:scale:unitsResolve"]
    }

    def "Cardbox_B3_13" (
        prepend payload = @https://omniverse-content-production.s3-us-west-2.amazonaws.com/Assets/ArchVis/Industrial/Containers/Cardboard/Cardbox_B3.usd@
    )
    {
        quatf xformOp:orient = (1, 0, 0, 0)
        float3 xformOp:scale = (1, 1, 1)
        double3 xformOp:scale:unitsResolve = (0.009999999776482582, 0.009999999776482582, 0.009999999776482582)
        double3 xformOp:translate = (-10.409384727478027, 15.828778266906738, 2.010000228881836)
        uniform token[] xformOpOrder = ["xformOp:translate", "xformOp:orient", "xformOp:scale", "xformOp:scale:unitsResolve"]
    }

    def "Cardbox_B3_14" (
        prepend payload = @https://omniverse-content-production.s3-us-west-2.amazonaws.com/Assets/ArchVis/Industrial/Containers/Cardboard/Cardbox_B3.usd@
    )
    {
        quatf xformOp:orient = (1, 0, 0, 0)
        float3 xformOp:scale = (1, 1, 1)
        double3 xformOp:scale:unitsResolve = (0.009999999776482582, 0.009999999776482582, 0.009999999776482582)
        double3 xformOp:translate = (-10.93650722503662, 14.472682952880858, 1.43356110629124)
        uniform token[] xformOpOrder = ["xformOp:translate", "xformOp:orient", "xformOp:scale", "xformOp:scale:unitsResolve"]

        over "Cardbox_B3"
        {
            quatf xformOp:orient = (1, 0, 0, 0)
            float3 xformOp:scale = (1, 1, 1)
            double3 xformOp:translate = (42.88952808521026, 18.66395374558647, 8.11921829488847)
            uniform token[] xformOpOrder = ["xformOp:translate", "xformOp:orient", "xformOp:scale"]
        }
    }

    over "full_warehouse"
    {
        over "Box_19413"
        {
            over "SM_CardBoxA_02"
            {
                quatf xformOp:orient = (1, 0, 0, 0)
                float3 xformOp:scale = (0.01, 0.01, 0.01)
                double3 xformOp:translate = (0, 0, 0.523172419901119)
                uniform token[] xformOpOrder = ["xformOp:translate", "xformOp:orient", "xformOp:scale"]
            }
        }

        over "Box_19405"
        {
            over "SM_CardBoxB_02"
            {
                quatf xformOp:orient = (1, 0, 0, 0)
                float3 xformOp:scale = (0.01, 0.01, 0.01)
                double3 xformOp:translate = (0, 0, 0.5291542222913037)
                uniform token[] xformOpOrder = ["xformOp:translate", "xformOp:orient", "xformOp:scale"]
            }
        }

        over "SM_PillarPartA_9M5_1454"
        {
            over "SM_PillarPartA_9M"
            {
                over "SM_PillarPartA_9M"
                {
                    over "Section0"
                    {
                        quatf xformOp:orient = (1, 0, 0, 0)
                        float3 xformOp:scale = (0.01, 0.01, 0.01)
                        double3 xformOp:translate = (6.715673396738133, 4.156675004196586e-13, 0)
                        uniform token[] xformOpOrder = ["xformOp:translate", "xformOp:orient", "xformOp:scale"]
                    }

                    over "Section1"
                    {
                        quatf xformOp:orient = (1, 0, 0, 0)
                        float3 xformOp:scale = (0.01, 0.01, 0.01)
                        double3 xformOp:translate = (6.71567, 3.552713678800501e-15, 0)
                        uniform token[] xformOpOrder = ["xformOp:translate", "xformOp:orient", "xformOp:scale"]
                    }
                }
            }
        }

        over "SM_WallA_3M18_460"
        {
            over "SM_WallB_6M"
            {
                over "SM_WallB_6M"
                {
                    quatf xformOp:orient = (1, 0, 0, 0)
                    float3 xformOp:scale = (0.01, 0.01, 0.01)
                    double3 xformOp:translate = (6.715673396737959, 5.897504706808832e-13, 3.419486915845482e-13)
                    uniform token[] xformOpOrder = ["xformOp:translate", "xformOp:orient", "xformOp:scale"]
                }
            }
        }

        over "SM_WallA_3M19"
        {
            over "SM_WallB_6M"
            {
                over "SM_WallB_6M"
                {
                    quatf xformOp:orient = (1, 0, 0, 0)
                    float3 xformOp:scale = (0.01, 0.01, 0.01)
                    double3 xformOp:translate = (6.715673396737358, 7.958078640513122e-13, 3.419486915845482e-13)
                    uniform token[] xformOpOrder = ["xformOp:translate", "xformOp:orient", "xformOp:scale"]
                }
            }
        }

        over "SM_WallA_3M20"
        {
            over "SM_WallB_6M"
            {
                over "SM_WallB_6M"
                {
                    quatf xformOp:orient = (1, 0, 0, 0)
                    float3 xformOp:scale = (0.01, 0.01, 0.01)
                    double3 xformOp:translate = (6.715673396738001, 1.1546319456101628e-12, 3.419486915845482e-13)
                    uniform token[] xformOpOrder = ["xformOp:translate", "xformOp:orient", "xformOp:scale"]
                }
            }
        }

        over "SM_WallA_3M21_1371"
        {
            over "SM_WallB_6M"
            {
                over "SM_WallB_6M"
                {
                    quatf xformOp:orient = (1, 0, 0, 0)
                    float3 xformOp:scale = (0.01, 0.01, 0.01)
                    double3 xformOp:translate = (6.715673396738268, 1.3322676295501878e-14, 6.838973831690964e-13)
                    uniform token[] xformOpOrder = ["xformOp:translate", "xformOp:orient", "xformOp:scale"]
                }
            }
        }

        over "SM_WallA_3M26"
        {
            over "SM_WallB_6M"
            {
                over "SM_WallB_6M"
                {
                    quatf xformOp:orient = (1, 0, 0, 0)
                    float3 xformOp:scale = (0.01, 0.01, 0.01)
                    double3 xformOp:translate = (6.715673396737959, 5.897504706808832e-13, 6.838973831690964e-13)
                    uniform token[] xformOpOrder = ["xformOp:translate", "xformOp:orient", "xformOp:scale"]
                }
            }
        }

        over "SM_WallA_3M27"
        {
            over "SM_WallB_6M"
            {
                over "SM_WallB_6M"
                {
                    quatf xformOp:orient = (1, 0, 0, 0)
                    float3 xformOp:scale = (0.01, 0.01, 0.01)
                    double3 xformOp:translate = (6.715673396737358, 7.958078640513122e-13, 6.838973831690964e-13)
                    uniform token[] xformOpOrder = ["xformOp:translate", "xformOp:orient", "xformOp:scale"]
                }
            }
        }

        over "SM_WallA_3M28"
        {
            over "SM_WallB_6M"
            {
                over "SM_WallB_6M"
                {
                    quatf xformOp:orient = (1, 0, 0, 0)
                    float3 xformOp:scale = (0.01, 0.01, 0.01)
                    double3 xformOp:translate = (6.715673396738001, 1.1546319456101628e-12, 6.838973831690964e-13)
                    uniform token[] xformOpOrder = ["xformOp:translate", "xformOp:orient", "xformOp:scale"]
                }
            }
        }

        over "SM_WallA_3M8"
        {
            over "SM_WallB_6M"
            {
                over "SM_WallB_6M"
                {
                    quatf xformOp:orient = (1, 0, 0, 0)
                    float3 xformOp:scale = (0.01, 0.01, 0.01)
                    double3 xformOp:translate = (6.715673396738268, 1.3322676295501878e-14, 3.419486915845482e-13)
                    uniform token[] xformOpOrder = ["xformOp:translate", "xformOp:orient", "xformOp:scale"]
                }
            }
        }

        over "SM_WallA_6M10"
        {
            over "SM_WallA_6M"
            {
                over "SM_WallA_6M"
                {
                    over "Section0"
                    {
                        quatf xformOp:orient = (1, 0, 0, 0)
                        float3 xformOp:scale = (0.01, 0.01, 0.01)
                        double3 xformOp:translate = (6.715673396737959, 5.897504706808832e-13, 0)
                        uniform token[] xformOpOrder = ["xformOp:translate", "xformOp:orient", "xformOp:scale"]
                    }

                    over "Section1"
                    {
                        quatf xformOp:orient = (1, 0, 0, 0)
                        float3 xformOp:scale = (0.01, 0.01, 0.01)
                        double3 xformOp:translate = (6.715673396737959, 5.897504706808832e-13, 0)
                        uniform token[] xformOpOrder = ["xformOp:translate", "xformOp:orient", "xformOp:scale"]
                    }
                }
            }
        }

        over "SM_WallA_6M11"
        {
            over "SM_WallA_6M"
            {
                over "SM_WallA_6M"
                {
                    over "Section0"
                    {
                        quatf xformOp:orient = (1, 0, 0, 0)
                        float3 xformOp:scale = (0.01, 0.01, 0.01)
                        double3 xformOp:translate = (6.715673396737358, 7.958078640513122e-13, 0)
                        uniform token[] xformOpOrder = ["xformOp:translate", "xformOp:orient", "xformOp:scale"]
                    }

                    over "Section1"
                    {
                        quatf xformOp:orient = (1, 0, 0, 0)
                        float3 xformOp:scale = (0.01, 0.01, 0.01)
                        double3 xformOp:translate = (6.778530075493773, 0, 0)
                        uniform token[] xformOpOrder = ["xformOp:translate", "xformOp:orient", "xformOp:scale"]
                    }
                }
            }
        }

        over "SM_WallA_6M12"
        {
            over "SM_WallA_6M"
            {
                over "SM_WallA_6M"
                {
                    over "Section0"
                    {
                        quatf xformOp:orient = (1, 0, 0, 0)
                        float3 xformOp:scale = (0.01, 0.01, 0.01)
                        double3 xformOp:translate = (6.715673396738001, 1.1546319456101628e-12, 0)
                        uniform token[] xformOpOrder = ["xformOp:translate", "xformOp:orient", "xformOp:scale"]
                    }

                    over "Section1"
                    {
                        quatf xformOp:orient = (1, 0, 0, 0)
                        float3 xformOp:scale = (0.01, 0.01, 0.01)
                        double3 xformOp:translate = (6.778530075493773, 0, 0)
                        uniform token[] xformOpOrder = ["xformOp:translate", "xformOp:orient", "xformOp:scale"]
                    }
                }
            }
        }

        over "SM_WallA_6M5"
        {
            over "SM_WallA_6M"
            {
                over "SM_WallA_6M"
                {
                    over "Section0"
                    {
                        quatf xformOp:orient = (1, 0, 0, 0)
                        float3 xformOp:scale = (0.01, 0.01, 0.01)
                        double3 xformOp:translate = (6.715673396738268, 1.3322676295501878e-14, 0)
                        uniform token[] xformOpOrder = ["xformOp:translate", "xformOp:orient", "xformOp:scale"]
                    }

                    over "Section1"
                    {
                        quatf xformOp:orient = (1, 0, 0, 0)
                        float3 xformOp:scale = (0.01, 0.01, 0.01)
                        double3 xformOp:translate = (6.715673396738268, 1.3322676295501878e-14, 0)
                        uniform token[] xformOpOrder = ["xformOp:translate", "xformOp:orient", "xformOp:scale"]
                    }
                }
            }
        }

        over "SM_WallA_InnerCorner13"
        {
            over "SM_WallB_InnerCorner"
            {
                over "SM_WallB_InnerCorner"
                {
                    quatf xformOp:orient = (1, 0, 0, 0)
                    float3 xformOp:scale = (0.01, 0.01, 0.01)
                    double3 xformOp:translate = (-0.0000013620454910601154, -6.715673396738531, 3.419486915845482e-13)
                    uniform token[] xformOpOrder = ["xformOp:translate", "xformOp:orient", "xformOp:scale"]
                }
            }
        }

        over "SM_WallA_InnerCorner27"
        {
            over "SM_WallB_InnerCorner"
            {
                over "SM_WallB_InnerCorner"
                {
                    quatf xformOp:orient = (1, 0, 0, 0)
                    float3 xformOp:scale = (0.01, 0.01, 0.01)
                    double3 xformOp:translate = (-0.0000013620454910601154, -6.715673396738531, 6.838973831690964e-13)
                    uniform token[] xformOpOrder = ["xformOp:translate", "xformOp:orient", "xformOp:scale"]
                }
            }
        }

        over "SM_WallA_InnerCorner9_88"
        {
            over "SM_WallA_InnerCorner"
            {
                over "SM_WallA_InnerCorner"
                {
                    over "Section0"
                    {
                        quatf xformOp:orient = (1, 0, 0, 0)
                        float3 xformOp:scale = (0.01, 0.01, 0.01)
                        double3 xformOp:translate = (-0.0000013620454910601154, -6.715673396738531, 0)
                        uniform token[] xformOpOrder = ["xformOp:translate", "xformOp:orient", "xformOp:scale"]
                    }

                    over "Section1"
                    {
                        quatf xformOp:orient = (1, 0, 0, 0)
                        float3 xformOp:scale = (0.01, 0.01, 0.01)
                        double3 xformOp:translate = (-0.0000013747938552022276, -6.778530075493702, 0)
                        uniform token[] xformOpOrder = ["xformOp:translate", "xformOp:orient", "xformOp:scale"]
                    }
                }
            }
        }

        over "SM_WallA_InnerCorner12"
        {
            over "SM_WallA_InnerCorner"
            {
                over "SM_WallA_InnerCorner"
                {
                    over "Section0"
                    {
                        quatf xformOp:orient = (1, 0, 0, 0)
                        float3 xformOp:scale = (0.01, 0.01, 0.01)
                        double3 xformOp:translate = (6.71567, 0, 0)
                        uniform token[] xformOpOrder = ["xformOp:translate", "xformOp:orient", "xformOp:scale"]
                    }

                    over "Section1"
                    {
                        quatf xformOp:orient = (1, 0, 0, 0)
                        float3 xformOp:scale = (0.01, 0.01, 0.01)
                        double3 xformOp:translate = (6.778530075493773, 0, 0)
                        uniform token[] xformOpOrder = ["xformOp:translate", "xformOp:orient", "xformOp:scale"]
                    }
                }
            }
        }

        over "SM_WallA_InnerCorner16"
        {
            over "SM_WallB_InnerCorner"
            {
                over "SM_WallB_InnerCorner"
                {
                    quatf xformOp:orient = (1, 0, 0, 0)
                    float3 xformOp:scale = (0.01, 0.01, 0.01)
                    double3 xformOp:translate = (6.71567, 0, 0)
                    uniform token[] xformOpOrder = ["xformOp:translate", "xformOp:orient", "xformOp:scale"]
                }
            }
        }

        over "SM_WallA_InnerCorner29"
        {
            over "SM_WallB_InnerCorner"
            {
                over "SM_WallB_InnerCorner"
                {
                    quatf xformOp:orient = (1, 0, 0, 0)
                    float3 xformOp:scale = (0.01, 0.01, 0.01)
                    double3 xformOp:translate = (6.71567, 0, 0)
                    uniform token[] xformOpOrder = ["xformOp:translate", "xformOp:orient", "xformOp:scale"]
                }
            }
        }

        over "SM_PillarPartA_9M11_1481"
        {
            over "SM_PillarPartA_9M"
            {
                over "SM_PillarPartA_9M"
                {
                    over "Section0"
                    {
                        quatf xformOp:orient = (1, 0, 0, 0)
                        float3 xformOp:scale = (0.01, 0.01, 0.01)
                        double3 xformOp:translate = (6.71567, 0, 0)
                        uniform token[] xformOpOrder = ["xformOp:translate", "xformOp:orient", "xformOp:scale"]
                    }

                    over "Section1"
                    {
                        quatf xformOp:orient = (1, 0, 0, 0)
                        float3 xformOp:scale = (0.01, 0.01, 0.01)
                        double3 xformOp:translate = (6.71567, 1.4210854715202004e-14, 0)
                        uniform token[] xformOpOrder = ["xformOp:translate", "xformOp:orient", "xformOp:scale"]
                    }
                }
            }
        }

        over "SM_BracketBeam_6m11"
        {
            over "SM_BracketBeam_3m"
            {
                over "SM_BracketBeam_3m"
                {
                    quatf xformOp:orient = (1, 0, 0, 0)
                    float3 xformOp:scale = (0.01, 0.01, 0.01)
                    double3 xformOp:translate = (-8.623030005594501e-7, -6.778530075493688, -9.237055564881302e-14)
                    uniform token[] xformOpOrder = ["xformOp:translate", "xformOp:orient", "xformOp:scale"]
                }
            }
        }

        over "SM_PillarPartA_9M9_1472"
        {
            over "SM_PillarPartA_9M"
            {
                over "SM_PillarPartA_9M"
                {
                    over "Section1"
                    {
                        quatf xformOp:orient = (1, 0, 0, 0)
                        float3 xformOp:scale = (0.01, 0.01, 0.01)
                        double3 xformOp:translate = (6.71567, 7.105427357601002e-15, 0)
                        uniform token[] xformOpOrder = ["xformOp:translate", "xformOp:orient", "xformOp:scale"]
                    }

                    over "Section0"
                    {
                        quatf xformOp:orient = (1, 0, 0, 0)
                        float3 xformOp:scale = (0.01, 0.01, 0.01)
                        double3 xformOp:translate = (6.71567, 7.105427357601002e-15, 0)
                        uniform token[] xformOpOrder = ["xformOp:translate", "xformOp:orient", "xformOp:scale"]
                    }
                }
            }
        }

        over "SM_PillarPartA_9M7_1463"
        {
            over "SM_PillarPartA_9M"
            {
                over "SM_PillarPartA_9M"
                {
                    over "Section0"
                    {
                        quatf xformOp:orient = (1, 0, 0, 0)
                        float3 xformOp:scale = (0.01, 0.01, 0.01)
                        double3 xformOp:translate = (6.71567, 0, 0)
                        uniform token[] xformOpOrder = ["xformOp:translate", "xformOp:orient", "xformOp:scale"]
                    }

                    over "Section1"
                    {
                        quatf xformOp:orient = (1, 0, 0, 0)
                        float3 xformOp:scale = (0.01, 0.01, 0.01)
                        double3 xformOp:translate = (6.71567, 0, 0)
                        uniform token[] xformOpOrder = ["xformOp:translate", "xformOp:orient", "xformOp:scale"]
                    }
                }
            }
        }

        over "SM_BracketSlot15"
        {
            over "SM_BracketSlot"
            {
                over "SM_BracketSlot"
                {
                    quatf xformOp:orient = (1, 0, 0, 0)
                    float3 xformOp:scale = (0.01, 0.01, 0.01)
                    double3 xformOp:translate = (-0.0000013747938591990305, -6.77853007549373, 0)
                    uniform token[] xformOpOrder = ["xformOp:translate", "xformOp:orient", "xformOp:scale"]
                }
            }
        }

        over "SM_BracketBeam_6m12"
        {
            over "SM_BracketBeam"
            {
                quatf xformOp:orient = (1, 0, 0, 0)
                float3 xformOp:scale = (0.01, 0.01, 0.01)
                double3 xformOp:translate = (-8.623030360865869e-7, -6.778530075493688, -9.237055564881302e-14)
                uniform token[] xformOpOrder = ["xformOp:translate", "xformOp:orient", "xformOp:scale"]
            }
        }

        over "SM_BracketSlot41"
        {
            over "SM_BracketSlot"
            {
                over "SM_BracketSlot"
                {
                    quatf xformOp:orient = (1, 0, 0, 0)
                    float3 xformOp:scale = (0.01, 0.01, 0.01)
                    double3 xformOp:translate = (-0.0000013747938591990305, -6.77853007549373, 0)
                    uniform token[] xformOpOrder = ["xformOp:translate", "xformOp:orient", "xformOp:scale"]
                }
            }
        }

        over "SM_BracketBeam_6m9"
        {
            over "SM_BracketBeam_3m"
            {
                over "SM_BracketBeam_3m"
                {
                    quatf xformOp:orient = (1, 0, 0, 0)
                    float3 xformOp:scale = (0.01, 0.01, 0.01)
                    double3 xformOp:translate = (-8.623029952303796e-7, -6.778530075493688, -9.237055564881302e-14)
                    uniform token[] xformOpOrder = ["xformOp:translate", "xformOp:orient", "xformOp:scale"]
                }
            }
        }

        over "SM_BracketBeam_6m10"
        {
            over "SM_BracketBeam_3m"
            {
                over "SM_BracketBeam_3m"
                {
                    quatf xformOp:orient = (1, 0, 0, 0)
                    float3 xformOp:scale = (0.01, 0.01, 0.01)
                    double3 xformOp:translate = (-8.623029970067364e-7, -6.778530075493688, -9.237055564881302e-14)
                    uniform token[] xformOpOrder = ["xformOp:translate", "xformOp:orient", "xformOp:scale"]
                }
            }
        }

        over "SM_BracketSlot20"
        {
            over "SM_BracketSlot"
            {
                over "SM_BracketSlot"
                {
                    quatf xformOp:orient = (1, 0, 0, 0)
                    float3 xformOp:scale = (0.01, 0.01, 0.01)
                    double3 xformOp:translate = (0.0000031963053324091106, 6.7785300754930375, -2.6645352591003757e-15)
                    uniform token[] xformOpOrder = ["xformOp:translate", "xformOp:orient", "xformOp:scale"]
                }
            }
        }

        over "SM_PillarPartA_9M3_1445"
        {
            over "SM_PillarPartA_9M"
            {
                over "SM_PillarPartA_9M"
                {
                    over "Section1"
                    {
                        quatf xformOp:orient = (1, 0, 0, 0)
                        float3 xformOp:scale = (0.01, 0.01, 0.01)
                        double3 xformOp:translate = (6.71567, 0, 0)
                        uniform token[] xformOpOrder = ["xformOp:translate", "xformOp:orient", "xformOp:scale"]
                    }

                    over "Section0"
                    {
                        quatf xformOp:orient = (1, 0, 0, 0)
                        float3 xformOp:scale = (0.01, 0.01, 0.01)
                        double3 xformOp:translate = (6.71567, 0, 0)
                        uniform token[] xformOpOrder = ["xformOp:translate", "xformOp:orient", "xformOp:scale"]
                    }
                }
            }
        }

        over "SM_WallA_3M16"
        {
            over "SM_WallB_6M"
            {
                over "SM_WallB_6M" (
                    active = false
                )
                {
                }
            }
        }

        over "SM_WallA_3M15"
        {
            over "SM_WallB_6M"
            {
                over "SM_WallB_6M" (
                    active = false
                )
                {
                }
            }
        }

        over "SM_WallA_3M44"
        {
            over "SM_WallA_6M"
            {
                over "SM_WallA_6M"
                {
                    over "Section0" (
                        active = false
                    )
                    {
                    }

                    over "Section1" (
                        active = false
                    )
                    {
                    }
                }
            }
        }

        over "SM_WallWire_55"
        {
            over "SM_WallWire_09"
            {
                quatf xformOp:orient = (1, 0, 0, 0)
                float3 xformOp:scale = (0.01, 0.01, 0.01)
                double3 xformOp:translate = (0.0801923861911682, 0.000030143871603272032, -6.844068811813507)
                uniform token[] xformOpOrder = ["xformOp:translate", "xformOp:orient", "xformOp:scale"]
            }
        }

        over "Box_3818"
        {
            over "SM_CardBoxA_01"
            {
                over "SM_CardBoxA_01" (
                    active = false
                )
                {
                }
            }
        }

        over "Box_3820"
        {
            over "SM_CardBoxA_01"
            {
                over "SM_CardBoxA_01" (
                    active = false
                )
                {
                }
            }
        }

        over "Box_3822"
        {
            over "SM_CardBoxA_01"
            {
                over "SM_CardBoxA_01" (
                    active = false
                )
                {
                }
            }
        }

        over "Box_3824"
        {
            over "SM_CardBoxA_01"
            {
                over "SM_CardBoxA_01" (
                    active = false
                )
                {
                }
            }
        }

        over "SM_BracketBeam_6m8"
        {
            over "SM_BracketBeam_3m"
            {
                over "SM_BracketBeam_3m"
                {
                    quatf xformOp:orient = (1, 0, 0, 0)
                    float3 xformOp:scale = (0.01, 0.01, 0.01)
                    double3 xformOp:translate = (-8.623030036680746e-7, -6.778530075493688, -9.237055564881302e-14)
                    uniform token[] xformOpOrder = ["xformOp:translate", "xformOp:orient", "xformOp:scale"]
                }
            }
        }

        over "SM_BracketSlot12"
        {
            over "SM_BracketSlot"
            {
                over "SM_BracketSlot"
                {
                    quatf xformOp:orient = (1, 0, 0, 0)
                    float3 xformOp:scale = (0.01, 0.01, 0.01)
                    double3 xformOp:translate = (0.000003196305337738181, 6.7785300754930375, -2.6645352591003757e-15)
                    uniform token[] xformOpOrder = ["xformOp:translate", "xformOp:orient", "xformOp:scale"]
                }
            }
        }

        over "SM_BracketSlot16"
        {
            over "SM_BracketSlot"
            {
                over "SM_BracketSlot"
                {
                    quatf xformOp:orient = (1, 0, 0, 0)
                    float3 xformOp:scale = (0.01, 0.01, 0.01)
                    double3 xformOp:translate = (0.000003196305339514538, 6.7785300754930375, -2.6645352591003757e-15)
                    uniform token[] xformOpOrder = ["xformOp:translate", "xformOp:orient", "xformOp:scale"]
                }
            }
        }

        over "SM_BracketSlot19"
        {
            over "SM_BracketSlot"
            {
                over "SM_BracketSlot"
                {
                    quatf xformOp:orient = (1, 0, 0, 0)
                    float3 xformOp:scale = (0.01, 0.01, 0.01)
                    double3 xformOp:translate = (-0.0000013747938503172463, -6.77853007549373, 0)
                    uniform token[] xformOpOrder = ["xformOp:translate", "xformOp:orient", "xformOp:scale"]
                }
            }
        }

        over "SM_BracketSlot23"
        {
            over "SM_BracketSlot"
            {
                over "SM_BracketSlot"
                {
                    quatf xformOp:orient = (1, 0, 0, 0)
                    float3 xformOp:scale = (0.01, 0.01, 0.01)
                    double3 xformOp:translate = (-0.00000137479385386996, -6.77853007549373, 0)
                    uniform token[] xformOpOrder = ["xformOp:translate", "xformOp:orient", "xformOp:scale"]
                }
            }
        }

        over "SM_BracketSlot24"
        {
            over "SM_BracketSlot"
            {
                over "SM_BracketSlot"
                {
                    quatf xformOp:orient = (1, 0, 0, 0)
                    float3 xformOp:scale = (0.01, 0.01, 0.01)
                    double3 xformOp:translate = (0.0000031963053359618243, 6.7785300754930375, -2.6645352591003757e-15)
                    uniform token[] xformOpOrder = ["xformOp:translate", "xformOp:orient", "xformOp:scale"]
                }
            }
        }

        over "SM_BracketSlot26_1493"
        {
            over "SM_BracketSlot"
            {
                over "SM_BracketSlot"
                {
                    quatf xformOp:orient = (1, 0, 0, 0)
                    float3 xformOp:scale = (0.01, 0.01, 0.01)
                    double3 xformOp:translate = (-0.000001374793775710259, 6.778530075493688, -2.6645352591003757e-15)
                    uniform token[] xformOpOrder = ["xformOp:translate", "xformOp:orient", "xformOp:scale"]
                }
            }
        }

        over "SM_BracketSlot8"
        {
            over "SM_BracketSlot"
            {
                over "SM_BracketSlot"
                {
                    quatf xformOp:orient = (1, 0, 0, 0)
                    float3 xformOp:scale = (0.01, 0.01, 0.01)
                    double3 xformOp:translate = (0.000003196305339958627, 6.7785300754930375, -2.6645352591003757e-15)
                    uniform token[] xformOpOrder = ["xformOp:translate", "xformOp:orient", "xformOp:scale"]
                }
            }
        }

        over "SM_SignB_7"
        {
            over "SM_SignB_05"
            {
                double3 xformOp:translate = (6.71567, 5.442199569187045, 0)
            }
        }

        over "SM_SignA_22"
        {
            over "SM_SignA_03"
            {
                double3 xformOp:translate = (6.71567, 4.640992596334171, 2.4424906541753444e-15)
            }
        }

        over "SM_EmergencyBoardFull_5"
        {
            over "SM_EmergencyBoardFull_01"
            {
                over "Section1"
                {
                    double3 xformOp:translate = (6.71567, 5.442199569187032, 0)
                }

                over "Section0"
                {
                    double3 xformOp:translate = (6.71567, 5.442199569187032, 0)
                }

                over "Section2"
                {
                    double3 xformOp:translate = (6.71567, 5.442199569187032, 0)
                }
            }
        }

        over "SM_PaperNote_Small_490"
        {
            over "SM_PaperNote_Small_21"
            {
                float3 xformOp:scale = (0.01, 0.01, 0.01)
                double3 xformOp:translate = (6.71567, 5.442199569183583, 0.000006193031918400038)
            }
        }

        over "SM_SignA_24"
        {
            over "SM_SignA_13"
            {
                double3 xformOp:translate = (6.71567, 5.442199569187033, 4.440892098500626e-16)
            }
        }

        over "SM_FloorDecal_QuadRed2x3_436"
        {
            over "SM_FloorDecal_QuadRed2x1"
            {
                double3 xformOp:translate = (-6.71567, -5.5025072767797525, -1.3552527156068805e-20)
            }
        }

        over "SM_FloorDecal_Keepclear6_446"
        {
            over "SM_FloorDecal_Keepclear"
            {
                double3 xformOp:translate = (6.71567, 4.269895507590275, -8.131516293641283e-20)
            }
        }

        over "Box_2431"
        {
            over "SM_CardBoxB_01"
            {
                over "SM_CardBoxB_01" (
                    active = false
                )
                {
                }
            }
        }

        over "Box_2433"
        {
            over "SM_CardBoxB_01"
            {
                over "SM_CardBoxB_01" (
                    active = false
                )
                {
                }
            }
        }

        over "Box_2439"
        {
            over "SM_CardBoxB_01"
            {
                over "SM_CardBoxB_01" (
                    active = false
                )
                {
                }
            }
        }

        over "Box_3826"
        {
            over "SM_CardBoxA_01"
            {
                over "SM_CardBoxA_01" (
                    active = false
                )
                {
                }
            }
        }

        over "Box_42"
        {
            over "SM_CardBoxC_01"
            {
                over "SM_CardBoxC_01" (
                    active = false
                )
                {
                }
            }
        }

        over "Box_4248"
        {
            over "SM_CardBoxA_01"
            {
                over "SM_CardBoxA_01" (
                    active = false
                )
                {
                }
            }
        }

        over "Box_4254"
        {
            over "SM_CardBoxD_01"
            {
                over "SM_CardBoxD_01" (
                    active = false
                )
                {
                }
            }
        }

        over "Box_4256"
        {
            over "SM_CardBoxD_01"
            {
                over "SM_CardBoxD_01" (
                    active = false
                )
                {
                }
            }
        }

        over "Box_4258"
        {
            over "SM_CardBoxD_01"
            {
                over "SM_CardBoxD_01" (
                    active = false
                )
                {
                }
            }
        }

        over "Box_4260"
        {
            over "SM_CardBoxD_01"
            {
                over "SM_CardBoxD_01" (
                    active = false
                )
                {
                }
            }
        }

        over "Box_4262"
        {
            over "SM_CardBoxD_01"
            {
                over "SM_CardBoxD_01" (
                    active = false
                )
                {
                }
            }
        }

        over "Box_4264"
        {
            over "SM_CardBoxD_01"
            {
                over "SM_CardBoxD_01" (
                    active = false
                )
                {
                }
            }
        }

        over "Box_4272"
        {
            over "SM_CardBoxD_01"
            {
                over "SM_CardBoxD_01" (
                    active = false
                )
                {
                }
            }
        }

        over "Box_4274"
        {
            over "SM_CardBoxD_01"
            {
                over "SM_CardBoxD_01" (
                    active = false
                )
                {
                }
            }
        }

        over "Box_4276"
        {
            over "SM_CardBoxD_01"
            {
                over "SM_CardBoxD_01" (
                    active = false
                )
                {
                }
            }
        }

        over "Box_44"
        {
            over "SM_CardBoxC_01"
            {
                over "SM_CardBoxC_01" (
                    active = false
                )
                {
                }
            }
        }

        over "Box_50"
        {
            over "SM_CardBoxC_01"
            {
                over "SM_CardBoxC_01" (
                    active = false
                )
                {
                }
            }
        }

        over "Box_52"
        {
            over "SM_CardBoxC_01"
            {
                over "SM_CardBoxC_01" (
                    active = false
                )
                {
                }
            }
        }

        over "Box_5368"
        {
            over "SM_CardBoxC_01"
            {
                over "SM_CardBoxC_01" (
                    active = false
                )
                {
                }
            }
        }

        over "Box_5371"
        {
            over "SM_CardBoxC_01"
            {
                over "SM_CardBoxC_01" (
                    active = false
                )
                {
                }
            }
        }

        over "Box_5377"
        {
            over "SM_CardBoxC_01"
            {
                over "SM_CardBoxC_01" (
                    active = false
                )
                {
                }
            }
        }

        over "Box_5380"
        {
            over "SM_CardBoxC_01"
            {
                over "SM_CardBoxC_01" (
                    active = false
                )
                {
                }
            }
        }

        over "Box_5602"
        {
            over "SM_CardBoxC_01"
            {
                over "SM_CardBoxC_01" (
                    active = false
                )
                {
                }
            }
        }

        over "Box_5614"
        {
            over "SM_CardBoxC_01"
            {
                over "SM_CardBoxC_01" (
                    active = false
                )
                {
                }
            }
        }

        over "Box_5626"
        {
            over "SM_CardBoxB_01"
            {
                over "SM_CardBoxB_01" (
                    active = false
                )
                {
                }
            }
        }

        over "Box_5630"
        {
            over "SM_CardBoxB_01"
            {
                over "SM_CardBoxB_01" (
                    active = false
                )
                {
                }
            }
        }

        over "Box_5638"
        {
            over "SM_CardBoxB_01"
            {
                over "SM_CardBoxB_01" (
                    active = false
                )
                {
                }
            }
        }

        over "Box_5642"
        {
            over "SM_CardBoxB_01"
            {
                over "SM_CardBoxB_01" (
                    active = false
                )
                {
                }
            }
        }

        over "SM_FireExtinguisher_18"
        {
            over "SM_FireExtinguisher_02" (
                active = false
            )
            {
            }
        }

        over "SM_FloorDecal_StripeFull_4m76"
        {
            over "SM_FloorDecal_StripeFull_4m" (
                active = false
            )
            {
            }
        }

        over "SM_FloorDecal_StripeFull_4m80"
        {
            over "SM_FloorDecal_StripeFull_4m" (
                active = false
            )
            {
            }
        }

        over "SM_LampCeilingA_23"
        {
            over "SM_LampCeilingA_04"
            {
                over "Section0" (
                    active = false
                )
                {
                }

                over "Section1" (
                    active = false
                )
                {
                }
            }
        }

        over "SM_LampCeilingA_24"
        {
            over "SM_LampCeilingA_04"
            {
                over "Section0" (
                    active = false
                )
                {
                }

                over "Section1" (
                    active = false
                )
                {
                }
            }
        }

        over "SM_PaletteA_151"
        {
            over "SM_PaletteA_01" (
                active = false
            )
            {
            }
        }

        over "SM_PaletteA_318"
        {
            over "SM_PaletteA_01" (
                active = false
            )
            {
            }
        }

        over "SM_PaletteA_78"
        {
            over "SM_PaletteA_01" (
                active = false
            )
            {
            }
        }

        over "SM_RackFrame_160"
        {
            over "SM_RackFrame_03"
            {
                over "SM_RackFrame_03"
                {
                    over "Section0" (
                        active = false
                    )
                    {
                    }

                    over "Section1" (
                        active = false
                    )
                    {
                    }
                }
            }
        }

        over "SM_RackFrame_162"
        {
            over "SM_RackFrame_03"
            {
                over "SM_RackFrame_03"
                {
                    over "Section0" (
                        active = false
                    )
                    {
                    }

                    over "Section1" (
                        active = false
                    )
                    {
                    }
                }
            }
        }

        over "SM_RackFrame_163"
        {
            over "SM_RackFrame_03"
            {
                over "SM_RackFrame_03"
                {
                    over "Section1" (
                        active = false
                    )
                    {
                    }

                    over "Section0" (
                        active = false
                    )
                    {
                    }
                }
            }
        }

        over "SM_RackFrame_164"
        {
            over "SM_RackFrame_03"
            {
                over "SM_RackFrame_03"
                {
                    over "Section0" (
                        active = false
                    )
                    {
                    }

                    over "Section1" (
                        active = false
                    )
                    {
                    }
                }
            }
        }

        over "SM_RackFrame_165"
        {
            over "SM_RackFrame_03"
            {
                over "SM_RackFrame_03"
                {
                    over "Section0" (
                        active = false
                    )
                    {
                    }

                    over "Section1" (
                        active = false
                    )
                    {
                    }
                }
            }
        }

        over "SM_RackFrame_166"
        {
            over "SM_RackFrame_03"
            {
                over "SM_RackFrame_03"
                {
                    over "Section0" (
                        active = false
                    )
                    {
                    }

                    over "Section1" (
                        active = false
                    )
                    {
                    }
                }
            }
        }

        over "SM_RackFrame_168"
        {
            over "SM_RackFrame_03"
            {
                over "SM_RackFrame_03"
                {
                    over "Section0" (
                        active = false
                    )
                    {
                    }

                    over "Section1" (
                        active = false
                    )
                    {
                    }
                }
            }
        }

        over "SM_RackShelf_158"
        {
            over "SM_RackShelf_01"
            {
                over "SM_RackShelf_01"
                {
                    over "Section0" (
                        active = false
                    )
                    {
                    }

                    over "Section1" (
                        active = false
                    )
                    {
                    }

                    over "Section2" (
                        active = false
                    )
                    {
                    }
                }
            }
        }

        over "SM_RackShelf_161"
        {
            over "SM_RackShelf_01"
            {
                over "SM_RackShelf_01"
                {
                    over "Section0" (
                        active = false
                    )
                    {
                    }

                    over "Section1" (
                        active = false
                    )
                    {
                    }

                    over "Section2" (
                        active = false
                    )
                    {
                    }
                }
            }
        }

        over "SM_RackShelf_164"
        {
            over "SM_RackShelf_01"
            {
                over "SM_RackShelf_01"
                {
                    over "Section2" (
                        active = false
                    )
                    {
                    }

                    over "Section0" (
                        active = false
                    )
                    {
                    }

                    over "Section1" (
                        active = false
                    )
                    {
                    }
                }
            }
        }

        over "SM_RackShelf_165"
        {
            over "SM_RackShelf_01"
            {
                over "SM_RackShelf_01"
                {
                    over "Section2" (
                        active = false
                    )
                    {
                    }

                    over "Section0" (
                        active = false
                    )
                    {
                    }

                    over "Section1" (
                        active = false
                    )
                    {
                    }
                }
            }
        }

        over "SM_RackShelf_166"
        {
            over "SM_RackShelf_01"
            {
                over "SM_RackShelf_01"
                {
                    over "Section0" (
                        active = false
                    )
                    {
                    }

                    over "Section2" (
                        active = false
                    )
                    {
                    }

                    over "Section1" (
                        active = false
                    )
                    {
                    }
                }
            }
        }

        over "SM_RackShelf_167"
        {
            over "SM_RackShelf_01"
            {
                over "SM_RackShelf_01"
                {
                    over "Section2" (
                        active = false
                    )
                    {
                    }

                    over "Section0" (
                        active = false
                    )
                    {
                    }

                    over "Section1" (
                        active = false
                    )
                    {
                    }
                }
            }
        }

        over "SM_RackShelf_170"
        {
            over "SM_RackShelf_01"
            {
                over "SM_RackShelf_01"
                {
                    over "Section0" (
                        active = false
                    )
                    {
                    }

                    over "Section2" (
                        active = false
                    )
                    {
                    }

                    over "Section1" (
                        active = false
                    )
                    {
                    }
                }
            }
        }

        over "SM_SignCVer_140"
        {
            over "SM_SignCVer_10" (
                active = false
            )
            {
            }
        }

        over "SM_SignCVer_141"
        {
            over "SM_SignCVer_11" (
                active = false
            )
            {
            }
        }

        over "SM_SignCVer_142"
        {
            over "SM_SignCVer_12" (
                active = false
            )
            {
            }
        }

        over "SM_SignCVer_145"
        {
            over "SM_SignCVer_02" (
                active = false
            )
            {
            }
        }

        over "SM_SignCVer_150"
        {
            over "SM_SignCVer_04" (
                active = false
            )
            {
            }
        }

        over "SM_SignCVer_153"
        {
            over "SM_SignCVer_06" (
                active = false
            )
            {
            }
        }

        over "SM_SignCVer_189"
        {
            over "SM_SignCVer_09" (
                active = false
            )
            {
            }
        }

        over "SM_SignCVer_196"
        {
            over "SM_SignCVer_03" (
                active = false
            )
            {
            }
        }

        over "SM_SignCVer_198"
        {
            over "SM_SignCVer_05" (
                active = false
            )
            {
            }
        }

        over "SM_SignCVer_201"
        {
            over "SM_SignCVer_08" (
                active = false
            )
            {
            }
        }

        over "SM_WallA_3M40"
        {
            over "SM_WallB_6M"
            {
                over "SM_WallB_6M" (
                    active = false
                )
                {
                }
            }
        }

        over "SM_WallA_3M41"
        {
            over "SM_WallB_6M"
            {
                over "SM_WallB_6M" (
                    active = false
                )
                {
                }
            }
        }

        over "SM_WallA_6M7"
        {
            over "SM_WallA_6M"
            {
                over "SM_WallA_6M"
                {
                    over "Section0" (
                        active = false
                    )
                    {
                    }

                    over "Section1" (
                        active = false
                    )
                    {
                    }
                }
            }
        }

        over "SM_WallWire_65"
        {
            over "SM_WallWire_07" (
                active = false
            )
            {
            }
        }

        over "SM_floor35"
        {
            over "SM_floor02"
            {
                over "SM_floor02" (
                    active = false
                )
                {
                }
            }
        }

        over "SM_floor36"
        {
            over "SM_floor02"
            {
            }
        }

        over "SM_floor37"
        {
            over "SM_floor02"
            {
                over "SM_floor02" (
                    active = false
                )
                {
                }
            }
        }

        over "SM_floor39"
        {
            over "SM_floor02"
            {
            }
        }

        over "SM_floor57"
        {
            over "SM_floor02"
            {
                over "SM_floor02" (
                    active = false
                )
                {
                }
            }
        }

        over "SM_floor58"
        {
            over "SM_floor02"
            {
            }
        }

        over "SM_floor59"
        {
            over "SM_floor02"
            {
                over "SM_floor02" (
                    active = false
                )
                {
                }
            }
        }

        over "S_AisleSign12"
        {
            over "S_AisleSign"
            {
                over "S_AisleSign" (
                    active = false
                )
                {
                }
            }
        }

        over "Box_2415"
        {
            over "SM_CardBoxB_01"
            {
                over "SM_CardBoxB_01" (
                    active = false
                )
                {
                }
            }
        }

        over "Box_2427"
        {
            over "SM_CardBoxB_01"
            {
                over "SM_CardBoxB_01" (
                    active = false
                )
                {
                }
            }
        }

        over "Box_2429"
        {
            over "SM_CardBoxB_01"
            {
                over "SM_CardBoxB_01" (
                    active = false
                )
                {
                }
            }
        }

        over "Box_2437"
        {
            over "SM_CardBoxB_01"
            {
                over "SM_CardBoxB_01" (
                    active = false
                )
                {
                }
            }
        }

        over "Box_2441"
        {
            over "SM_CardBoxB_01"
            {
                over "SM_CardBoxB_01" (
                    active = false
                )
                {
                }
            }
        }

        over "Box_2443"
        {
            over "SM_CardBoxB_01"
            {
                over "SM_CardBoxB_01" (
                    active = false
                )
                {
                }
            }
        }

        over "Box_2447"
        {
            over "SM_CardBoxB_01"
            {
                over "SM_CardBoxB_01" (
                    active = false
                )
                {
                }
            }
        }

        over "Box_2449"
        {
            over "SM_CardBoxB_01"
            {
                over "SM_CardBoxB_01" (
                    active = false
                )
                {
                }
            }
        }

        over "Box_3549"
        {
            over "SM_CardBoxC_01"
            {
                over "SM_CardBoxC_01" (
                    active = false
                )
                {
                }
            }
        }

        over "Box_3563"
        {
            over "SM_CardBoxC_01"
            {
                over "SM_CardBoxC_01" (
                    active = false
                )
                {
                }
            }
        }

        over "Box_3565"
        {
            over "SM_CardBoxB_01"
            {
                over "SM_CardBoxB_01" (
                    active = false
                )
                {
                }
            }
        }

        over "Box_3567"
        {
            over "SM_CardBoxB_01"
            {
                over "SM_CardBoxB_01" (
                    active = false
                )
                {
                }
            }
        }

        over "Box_3569"
        {
            over "SM_CardBoxB_01"
            {
                over "SM_CardBoxB_01" (
                    active = false
                )
                {
                }
            }
        }

        over "Box_3571"
        {
            over "SM_CardBoxB_01"
            {
                over "SM_CardBoxB_01" (
                    active = false
                )
                {
                }
            }
        }

        over "Box_3573"
        {
            over "SM_CardBoxB_01"
            {
                over "SM_CardBoxB_01" (
                    active = false
                )
                {
                }
            }
        }

        over "Box_3575"
        {
            over "SM_CardBoxB_01"
            {
                over "SM_CardBoxB_01" (
                    active = false
                )
                {
                }
            }
        }

        over "Box_3577"
        {
            over "SM_CardBoxB_01"
            {
                over "SM_CardBoxB_01" (
                    active = false
                )
                {
                }
            }
        }

        over "Box_3579"
        {
            over "SM_CardBoxB_01"
            {
                over "SM_CardBoxB_01" (
                    active = false
                )
                {
                }
            }
        }

        over "Box_3581"
        {
            over "SM_CardBoxB_01"
            {
                over "SM_CardBoxB_01" (
                    active = false
                )
                {
                }
            }
        }

        over "Box_3583"
        {
            over "SM_CardBoxB_01"
            {
                over "SM_CardBoxB_01" (
                    active = false
                )
                {
                }
            }
        }

        over "Box_3585"
        {
            over "SM_CardBoxB_01"
            {
                over "SM_CardBoxB_01" (
                    active = false
                )
                {
                }
            }
        }

        over "Box_3587"
        {
            over "SM_CardBoxB_01"
            {
                over "SM_CardBoxB_01" (
                    active = false
                )
                {
                }
            }
        }

        over "Box_3589"
        {
            over "SM_CardBoxB_01"
            {
                over "SM_CardBoxB_01" (
                    active = false
                )
                {
                }
            }
        }

        over "Box_3591"
        {
            over "SM_CardBoxB_01"
            {
                over "SM_CardBoxB_01" (
                    active = false
                )
                {
                }
            }
        }

        over "Box_3691"
        {
            over "SM_CardBoxB_02" (
                active = false
            )
            {
            }
        }

        over "Box_3695"
        {
            over "SM_CardBoxA_01" (
                active = false
            )
            {
            }
        }

        over "Box_3697"
        {
            over "SM_CardBoxC_02" (
                active = false
            )
            {
            }
        }

        over "Box_3699"
        {
            over "SM_CardBoxC_02" (
                active = false
            )
            {
            }
        }

        over "Box_4163"
        {
            over "SM_CardBoxA_01"
            {
                over "SM_CardBoxA_01" (
                    active = false
                )
                {
                }
            }
        }

        over "Box_4165"
        {
            over "SM_CardBoxA_01"
            {
                over "SM_CardBoxA_01" (
                    active = false
                )
                {
                }
            }
        }

        over "Box_4167"
        {
            over "SM_CardBoxA_01"
            {
                over "SM_CardBoxA_01" (
                    active = false
                )
                {
                }
            }
        }

        over "Box_4169"
        {
            over "SM_CardBoxA_01"
            {
                over "SM_CardBoxA_01" (
                    active = false
                )
                {
                }
            }
        }

        over "Box_4171"
        {
            over "SM_CardBoxA_01"
            {
                over "SM_CardBoxA_01" (
                    active = false
                )
                {
                }
            }
        }

        over "Box_4173"
        {
            over "SM_CardBoxA_01"
            {
                over "SM_CardBoxA_01" (
                    active = false
                )
                {
                }
            }
        }

        over "Box_4175"
        {
            over "SM_CardBoxD_04"
            {
                over "SM_CardBoxD_04" (
                    active = false
                )
                {
                }
            }
        }

        over "Box_4177"
        {
            over "SM_CardBoxD_04"
            {
                over "SM_CardBoxD_04" (
                    active = false
                )
                {
                }
            }
        }

        over "Box_48"
        {
            over "SM_CardBoxC_01"
            {
                over "SM_CardBoxC_01" (
                    active = false
                )
                {
                }
            }
        }

        over "Box_4907"
        {
            over "SM_CardBoxA_01"
            {
                over "SM_CardBoxA_01" (
                    active = false
                )
                {
                }
            }
        }

        over "Box_4909"
        {
            over "SM_CardBoxA_01"
            {
                over "SM_CardBoxA_01" (
                    active = false
                )
                {
                }
            }
        }

        over "Box_5351"
        {
            over "SM_CardBoxB_01"
            {
                over "SM_CardBoxB_01" (
                    active = false
                )
                {
                }
            }
        }

        over "Box_5636"
        {
            over "SM_CardBoxB_01"
            {
                over "SM_CardBoxB_01" (
                    active = false
                )
                {
                }
            }
        }

        over "Box_5648"
        {
            over "SM_CardBoxB_01"
            {
                over "SM_CardBoxB_01" (
                    active = false
                )
                {
                }
            }
        }

        over "SM_FloorDecal_StripeFull_4m74"
        {
            over "SM_FloorDecal_StripeFull_4m" (
                active = false
            )
            {
            }
        }

        over "SM_FloorDecal_StripeFull_4m75"
        {
            over "SM_FloorDecal_StripeFull_4m" (
                active = false
            )
            {
            }
        }

        over "SM_FloorDecal_StripeFull_4m78"
        {
            over "SM_FloorDecal_StripeFull_4m" (
                active = false
            )
            {
            }
        }

        over "SM_FloorDecal_StripeFull_4m79"
        {
            over "SM_FloorDecal_StripeFull_4m" (
                active = false
            )
            {
            }
        }

        over "SM_LampCeilingA_33"
        {
            over "SM_LampCeilingA_04"
            {
                over "Section0" (
                    active = false
                )
                {
                }

                over "Section1" (
                    active = false
                )
                {
                }
            }
        }

        over "SM_PaletteA_1"
        {
            over "SM_PaletteA_01" (
                active = false
            )
            {
            }
        }

        over "SM_PaletteA_11"
        {
            over "SM_PaletteA_01" (
                active = false
            )
            {
            }
        }

        over "SM_PaletteA_12"
        {
            over "SM_PaletteA_01" (
                active = false
            )
            {
            }
        }

        over "SM_PaletteA_317"
        {
            over "SM_PaletteA_01" (
                active = false
            )
            {
            }
        }

        over "SM_PaletteA_465"
        {
            over "SM_PaletteA_01" (
                active = false
            )
            {
            }
        }

        over "SM_RackFrame_159"
        {
            over "SM_RackFrame_03"
            {
                over "SM_RackFrame_03"
                {
                    over "Section0" (
                        active = false
                    )
                    {
                    }

                    over "Section1" (
                        active = false
                    )
                    {
                    }
                }
            }
        }

        over "SM_RackFrame_161"
        {
            over "SM_RackFrame_03"
            {
                over "SM_RackFrame_03"
                {
                    over "Section1" (
                        active = false
                    )
                    {
                    }

                    over "Section0" (
                        active = false
                    )
                    {
                    }
                }
            }
        }

        over "SM_RackFrame_167"
        {
            over "SM_RackFrame_03"
            {
                over "SM_RackFrame_03"
                {
                    over "Section0" (
                        active = false
                    )
                    {
                    }

                    over "Section1" (
                        active = false
                    )
                    {
                    }
                }
            }
        }

        over "SM_RackShelf_156"
        {
            over "SM_RackShelf_01"
            {
                over "SM_RackShelf_01"
                {
                    over "Section0" (
                        active = false
                    )
                    {
                    }

                    over "Section1" (
                        active = false
                    )
                    {
                    }

                    over "Section2" (
                        active = false
                    )
                    {
                    }
                }
            }
        }

        over "SM_RackShelf_157"
        {
            over "SM_RackShelf_01"
            {
                over "SM_RackShelf_01"
                {
                    over "Section0" (
                        active = false
                    )
                    {
                    }

                    over "Section2" (
                        active = false
                    )
                    {
                    }

                    over "Section1" (
                        active = false
                    )
                    {
                    }
                }
            }
        }

        over "SM_Rackshield_43"
        {
            over "SM_Rackshield_02" (
                active = false
            )
            {
            }
        }

        over "SM_SignCVer_139"
        {
            over "SM_SignCVer_09" (
                active = false
            )
            {
            }
        }

        over "SM_SignCVer_146"
        {
            over "SM_SignCVer_03" (
                active = false
            )
            {
            }
        }

        over "SM_SignCVer_151"
        {
            over "SM_SignCVer_05" (
                active = false
            )
            {
            }
        }

        over "SM_SignCVer_186"
        {
            over "SM_SignCVer_08" (
                active = false
            )
            {
            }
        }

        over "SM_SignCVer_190"
        {
            over "SM_SignCVer_10" (
                active = false
            )
            {
            }
        }

        over "SM_SignCVer_191"
        {
            over "SM_SignCVer_11" (
                active = false
            )
            {
            }
        }

        over "SM_SignCVer_192"
        {
            over "SM_SignCVer_12" (
                active = false
            )
            {
            }
        }

        over "SM_SignCVer_195"
        {
            over "SM_SignCVer_02" (
                active = false
            )
            {
            }
        }

        over "SM_SignCVer_199"
        {
            over "SM_SignCVer_06" (
                active = false
            )
            {
            }
        }

        over "SM_WallWire_54"
        {
            over "SM_WallWire_09" (
                active = false
            )
            {
            }
        }

        over "SM_floor61"
        {
            over "SM_floor02"
            {
                over "SM_floor02" (
                    active = false
                )
                {
                }
            }
        }

        over "S_AisleSign_47"
        {
            over "S_AisleSign"
            {
                over "S_AisleSign" (
                    active = false
                )
                {
                }
            }
        }

        over "S_Barcode48"
        {
            over "S_Barcode"
            {
                over "S_Barcode" (
                    active = false
                )
                {
                }
            }
        }

        over "Box_2413"
        {
            over "SM_CardBoxB_01"
            {
                over "SM_CardBoxB_01" (
                    active = false
                )
                {
                }
            }
        }

        over "Box_2419"
        {
            over "SM_CardBoxB_01"
            {
                over "SM_CardBoxB_01" (
                    active = false
                )
                {
                }
            }
        }

        over "Box_2423"
        {
            over "SM_CardBoxB_01"
            {
                over "SM_CardBoxB_01" (
                    active = false
                )
                {
                }
            }
        }

        over "Box_2425"
        {
            over "SM_CardBoxB_01"
            {
                over "SM_CardBoxB_01" (
                    active = false
                )
                {
                }
            }
        }

        over "Box_2435"
        {
            over "SM_CardBoxB_01"
            {
                over "SM_CardBoxB_01" (
                    active = false
                )
                {
                }
            }
        }

        over "Box_2445"
        {
            over "SM_CardBoxB_01"
            {
                over "SM_CardBoxB_01" (
                    active = false
                )
                {
                }
            }
        }

        over "Box_3537"
        {
            over "SM_CardBoxC_01"
            {
                over "SM_CardBoxC_01" (
                    active = false
                )
                {
                }
            }
        }

        over "Box_3539"
        {
            over "SM_CardBoxC_01"
            {
                over "SM_CardBoxC_01" (
                    active = false
                )
                {
                }
            }
        }

        over "Box_3541"
        {
            over "SM_CardBoxC_01"
            {
                over "SM_CardBoxC_01" (
                    active = false
                )
                {
                }
            }
        }

        over "Box_3543"
        {
            over "SM_CardBoxC_01"
            {
                over "SM_CardBoxC_01" (
                    active = false
                )
                {
                }
            }
        }

        over "Box_3545"
        {
            over "SM_CardBoxC_01"
            {
                over "SM_CardBoxC_01" (
                    active = false
                )
                {
                }
            }
        }

        over "Box_3547"
        {
            over "SM_CardBoxC_01"
            {
                over "SM_CardBoxC_01" (
                    active = false
                )
                {
                }
            }
        }

        over "Box_3551"
        {
            over "SM_CardBoxC_01"
            {
                over "SM_CardBoxC_01" (
                    active = false
                )
                {
                }
            }
        }

        over "Box_3553"
        {
            over "SM_CardBoxC_01"
            {
                over "SM_CardBoxC_01" (
                    active = false
                )
                {
                }
            }
        }

        over "Box_3555"
        {
            over "SM_CardBoxC_01"
            {
                over "SM_CardBoxC_01" (
                    active = false
                )
                {
                }
            }
        }

        over "Box_3557"
        {
            over "SM_CardBoxC_01"
            {
                over "SM_CardBoxC_01" (
                    active = false
                )
                {
                }
            }
        }

        over "Box_3559"
        {
            over "SM_CardBoxC_01"
            {
                over "SM_CardBoxC_01" (
                    active = false
                )
                {
                }
            }
        }

        over "Box_3561"
        {
            over "SM_CardBoxC_01"
            {
                over "SM_CardBoxC_01" (
                    active = false
                )
                {
                }
            }
        }

        over "Box_3689"
        {
            over "SM_CardBoxD_02" (
                active = false
            )
            {
            }
        }

        over "Box_3693"
        {
            over "SM_CardBoxD_05" (
                active = false
            )
            {
            }
        }

        over "Box_3915"
        {
            over "SM_CardBoxB_02" (
                active = false
            )
            {
            }
        }

        over "Box_4899"
        {
            over "SM_CardBoxA_01"
            {
                over "SM_CardBoxA_01" (
                    active = false
                )
                {
                }
            }
        }

        over "Box_4901"
        {
            over "SM_CardBoxA_01"
            {
                over "SM_CardBoxA_01" (
                    active = false
                )
                {
                }
            }
        }

        over "Box_4905"
        {
            over "SM_CardBoxA_01"
            {
                over "SM_CardBoxA_01" (
                    active = false
                )
                {
                }
            }
        }

        over "Box_4917"
        {
            over "SM_CardBoxC_01"
            {
                over "SM_CardBoxC_01" (
                    active = false
                )
                {
                }
            }
        }

        over "Box_5089"
        {
            over "SM_CardBoxA_01"
            {
                over "SM_CardBoxA_01" (
                    active = false
                )
                {
                }
            }
        }

        over "Box_5093"
        {
            over "SM_CardBoxC_01"
            {
                over "SM_CardBoxC_01" (
                    active = false
                )
                {
                }
            }
        }

        over "Box_5349"
        {
            over "SM_CardBoxB_01"
            {
                over "SM_CardBoxB_01" (
                    active = false
                )
                {
                }
            }
        }

        over "Box_5365"
        {
            over "SM_CardBoxB_01"
            {
                over "SM_CardBoxB_01" (
                    active = false
                )
                {
                }
            }
        }

        over "Box_5374"
        {
            over "SM_CardBoxC_01"
            {
                over "SM_CardBoxC_01" (
                    active = false
                )
                {
                }
            }
        }

        over "Box_5386"
        {
            over "SM_CardBoxC_01"
            {
                over "SM_CardBoxC_01" (
                    active = false
                )
                {
                }
            }
        }

        over "Box_54"
        {
            over "SM_CardBoxC_01"
            {
                over "SM_CardBoxC_01" (
                    active = false
                )
                {
                }
            }
        }

        over "Box_5426"
        {
            over "SM_CardBoxB_01"
            {
                over "SM_CardBoxB_01" (
                    active = false
                )
                {
                }
            }
        }

        over "Box_5634"
        {
            over "SM_CardBoxB_01"
            {
                over "SM_CardBoxB_01" (
                    active = false
                )
                {
                }
            }
        }

        over "SM_FloorDecal_RecRed1X15"
        {
            over "SM_FloorDecal_RecRed1X1" (
                active = false
            )
            {
            }
        }

        over "SM_PaletteA_301"
        {
            over "SM_PaletteA_01" (
                active = false
            )
            {
            }
        }

        over "SM_PaletteA_307"
        {
            over "SM_PaletteA_01" (
                active = false
            )
            {
            }
        }

        over "SM_PaletteA_308"
        {
            over "SM_PaletteA_01" (
                active = false
            )
            {
            }
        }

        over "SM_PaletteA_309"
        {
            over "SM_PaletteA_01" (
                active = false
            )
            {
            }
        }

        over "SM_PaletteA_319"
        {
            over "SM_PaletteA_01" (
                active = false
            )
            {
            }
        }

        over "SM_PaletteA_466"
        {
            over "SM_PaletteA_01" (
                active = false
            )
            {
            }
        }

        over "SM_PaletteA_5"
        {
            over "SM_PaletteA_01" (
                active = false
            )
            {
            }
        }

        over "SM_PaletteA_6"
        {
            over "SM_PaletteA_01" (
                active = false
            )
            {
            }
        }

        over "SM_RackShelf_159"
        {
            over "SM_RackShelf_01"
            {
                over "SM_RackShelf_01"
                {
                    over "Section2" (
                        active = false
                    )
                    {
                    }

                    over "Section0" (
                        active = false
                    )
                    {
                    }

                    over "Section1" (
                        active = false
                    )
                    {
                    }
                }
            }
        }

        over "SM_RackShelf_160"
        {
            over "SM_RackShelf_01"
            {
                over "SM_RackShelf_01"
                {
                    over "Section2" (
                        active = false
                    )
                    {
                    }

                    over "Section0" (
                        active = false
                    )
                    {
                    }

                    over "Section1" (
                        active = false
                    )
                    {
                    }
                }
            }
        }

        over "SM_SignCVer_187"
        {
            over "SM_SignCVer_07" (
                active = false
            )
            {
            }
        }

        over "SM_SignCVer_188"
        {
            over "SM_SignCVer_09" (
                active = false
            )
            {
            }
        }

        over "SM_SignCVer_197"
        {
            over "SM_SignCVer_04" (
                active = false
            )
            {
            }
        }

        over "SM_SignCVer_202"
        {
            over "SM_SignCVer_07" (
                active = false
            )
            {
            }
        }

        over "SM_SignCVer_203"
        {
            over "SM_SignCVer_09" (
                active = false
            )
            {
            }
        }

        over "Box_2405"
        {
            over "SM_CardBoxB_01"
            {
                over "SM_CardBoxB_01" (
                    active = false
                )
                {
                }
            }
        }

        over "Box_2409"
        {
            over "SM_CardBoxB_01"
            {
                over "SM_CardBoxB_01" (
                    active = false
                )
                {
                }
            }
        }

        over "Box_2411"
        {
            over "SM_CardBoxB_01"
            {
                over "SM_CardBoxB_01" (
                    active = false
                )
                {
                }
            }
        }

        over "Box_2417"
        {
            over "SM_CardBoxB_01"
            {
                over "SM_CardBoxB_01" (
                    active = false
                )
                {
                }
            }
        }

        over "Box_2421"
        {
            over "SM_CardBoxB_01"
            {
                over "SM_CardBoxB_01" (
                    active = false
                )
                {
                }
            }
        }

        over "Box_3911"
        {
            over "SM_CardBoxB_02" (
                active = false
            )
            {
            }
        }

        over "Box_3913"
        {
            over "SM_CardBoxC_02" (
                active = false
            )
            {
            }
        }

        over "Box_46"
        {
            over "SM_CardBoxC_01"
            {
                over "SM_CardBoxC_01" (
                    active = false
                )
                {
                }
            }
        }

        over "Box_4903"
        {
            over "SM_CardBoxA_01"
            {
                over "SM_CardBoxA_01" (
                    active = false
                )
                {
                }
            }
        }

        over "Box_4915"
        {
            over "SM_CardBoxC_01"
            {
                over "SM_CardBoxC_01" (
                    active = false
                )
                {
                }
            }
        }

        over "Box_5079"
        {
            over "SM_CardBoxA_01"
            {
                over "SM_CardBoxA_01" (
                    active = false
                )
                {
                }
            }
        }

        over "Box_5087"
        {
            over "SM_CardBoxA_01"
            {
                over "SM_CardBoxA_01" (
                    active = false
                )
                {
                }
            }
        }

        over "Box_5091"
        {
            over "SM_CardBoxC_01"
            {
                over "SM_CardBoxC_01" (
                    active = false
                )
                {
                }
            }
        }

        over "Box_5295"
        {
            over "SM_CardBoxD_01"
            {
                over "SM_CardBoxD_01" (
                    active = false
                )
                {
                }
            }
        }

        over "Box_5301"
        {
            over "SM_CardBoxD_01"
            {
                over "SM_CardBoxD_01" (
                    active = false
                )
                {
                }
            }
        }

        over "Box_5303"
        {
            over "SM_CardBoxD_01"
            {
                over "SM_CardBoxD_01" (
                    active = false
                )
                {
                }
            }
        }

        over "Box_5305"
        {
            over "SM_CardBoxD_01"
            {
                over "SM_CardBoxD_01" (
                    active = false
                )
                {
                }
            }
        }

        over "Box_5307"
        {
            over "SM_CardBoxD_01"
            {
                over "SM_CardBoxD_01" (
                    active = false
                )
                {
                }
            }
        }

        over "Box_5309"
        {
            over "SM_CardBoxD_01"
            {
                over "SM_CardBoxD_01" (
                    active = false
                )
                {
                }
            }
        }

        over "Box_5329"
        {
            over "SM_CardBoxD_01"
            {
                over "SM_CardBoxD_01" (
                    active = false
                )
                {
                }
            }
        }

        over "Box_5331"
        {
            over "SM_CardBoxD_01"
            {
                over "SM_CardBoxD_01" (
                    active = false
                )
                {
                }
            }
        }

        over "Box_5333"
        {
            over "SM_CardBoxD_01"
            {
                over "SM_CardBoxD_01" (
                    active = false
                )
                {
                }
            }
        }

        over "Box_5335"
        {
            over "SM_CardBoxD_01"
            {
                over "SM_CardBoxD_01" (
                    active = false
                )
                {
                }
            }
        }

        over "Box_5337"
        {
            over "SM_CardBoxD_01"
            {
                over "SM_CardBoxD_01" (
                    active = false
                )
                {
                }
            }
        }

        over "Box_5347"
        {
            over "SM_CardBoxB_01"
            {
                over "SM_CardBoxB_01" (
                    active = false
                )
                {
                }
            }
        }

        over "Box_5359"
        {
            over "SM_CardBoxB_01"
            {
                over "SM_CardBoxB_01" (
                    active = false
                )
                {
                }
            }
        }

        over "Box_5363"
        {
            over "SM_CardBoxB_01"
            {
                over "SM_CardBoxB_01" (
                    active = false
                )
                {
                }
            }
        }

        over "Box_5383"
        {
            over "SM_CardBoxC_01"
            {
                over "SM_CardBoxC_01" (
                    active = false
                )
                {
                }
            }
        }

        over "Box_5424"
        {
            over "SM_CardBoxB_01"
            {
                over "SM_CardBoxB_01" (
                    active = false
                )
                {
                }
            }
        }

        over "Box_5632"
        {
            over "SM_CardBoxB_01"
            {
                over "SM_CardBoxB_01" (
                    active = false
                )
                {
                }
            }
        }

        over "Box_5646"
        {
            over "SM_CardBoxB_01"
            {
                over "SM_CardBoxB_01" (
                    active = false
                )
                {
                }
            }
        }

        over "SM_FloorDecal_RecRed1X16"
        {
            over "SM_FloorDecal_RecRed1X1" (
                active = false
            )
            {
            }
        }

        over "SM_FloorDecal_StripeFull_4m77"
        {
            over "SM_FloorDecal_StripeFull_4m" (
                active = false
            )
            {
            }
        }

        over "SM_FloorDecal_StripeFull_4m81"
        {
            over "SM_FloorDecal_StripeFull_4m" (
                active = false
            )
            {
            }
        }

        over "SM_RackShelf_162"
        {
            over "SM_RackShelf_01"
            {
                over "SM_RackShelf_01"
                {
                    over "Section1" (
                        active = false
                    )
                    {
                    }

                    over "Section2" (
                        active = false
                    )
                    {
                    }

                    over "Section0" (
                        active = false
                    )
                    {
                    }
                }
            }
        }

        over "SM_SignCVer_185"
        {
            over "SM_SignCVer_07" (
                active = false
            )
            {
            }
        }

        over "SM_SignCVer_193"
        {
            over "SM_SignCVer_13" (
                active = false
            )
            {
            }
        }

        over "SM_BeamA_9M25"
        {
            over "SM_BeamA_9M"
            {
                over "SM_BeamA_9M" (
                    active = false
                )
                {
                }
            }
        }

        over "SM_BeamA_9M26"
        {
            over "SM_BeamA_9M"
            {
                over "SM_BeamA_9M" (
                    active = false
                )
                {
                }
            }
        }

        over "SM_BeamA_9M27"
        {
            over "SM_BeamA_9M"
            {
                over "SM_BeamA_9M" (
                    active = false
                )
                {
                }
            }
        }

        over "SM_CeilingA_6X34"
        {
            over "SM_CeilingA_6X6"
            {
                over "SM_CeilingA_6X6" (
                    active = false
                )
                {
                }
            }
        }

        over "SM_CeilingA_6X36"
        {
            over "SM_CeilingA_6X6"
            {
                over "SM_CeilingA_6X6" (
                    active = false
                )
                {
                }
            }
        }

        over "SM_CeilingA_6X38"
        {
            over "SM_CeilingA_6X6"
            {
                over "SM_CeilingA_6X6" (
                    active = false
                )
                {
                }
            }
        }

        over "SM_CeilingA_6X40"
        {
            over "SM_CeilingA_6X6"
            {
                over "SM_CeilingA_6X6" (
                    active = false
                )
                {
                }
            }
        }

        over "SM_CeilingA_6X42"
        {
            over "SM_CeilingA_6X6"
            {
                over "SM_CeilingA_6X6" (
                    active = false
                )
                {
                }
            }
        }

        over "Box_2403"
        {
            over "SM_CardBoxB_01"
            {
                over "SM_CardBoxB_01" (
                    active = false
                )
                {
                }
            }
        }

        over "Box_2407"
        {
            over "SM_CardBoxB_01"
            {
                over "SM_CardBoxB_01" (
                    active = false
                )
                {
                }
            }
        }

        over "Box_4015"
        {
            over "SM_CardBoxA_02" (
                active = false
            )
            {
            }
        }

        over "Box_4017"
        {
            over "SM_CardBoxC_02" (
                active = false
            )
            {
            }
        }

        over "Box_4911"
        {
            over "SM_CardBoxC_01"
            {
                over "SM_CardBoxC_01" (
                    active = false
                )
                {
                }
            }
        }

        over "Box_4913"
        {
            over "SM_CardBoxC_01"
            {
                over "SM_CardBoxC_01" (
                    active = false
                )
                {
                }
            }
        }

        over "Box_5287"
        {
            over "SM_CardBoxD_01"
            {
                over "SM_CardBoxD_01" (
                    active = false
                )
                {
                }
            }
        }

        over "Box_5297"
        {
            over "SM_CardBoxD_01"
            {
                over "SM_CardBoxD_01" (
                    active = false
                )
                {
                }
            }
        }

        over "Box_5299"
        {
            over "SM_CardBoxD_01"
            {
                over "SM_CardBoxD_01" (
                    active = false
                )
                {
                }
            }
        }

        over "Box_5317"
        {
            over "SM_CardBoxD_01"
            {
                over "SM_CardBoxD_01" (
                    active = false
                )
                {
                }
            }
        }

        over "Box_5325"
        {
            over "SM_CardBoxD_01"
            {
                over "SM_CardBoxD_01" (
                    active = false
                )
                {
                }
            }
        }

        over "Box_5327"
        {
            over "SM_CardBoxD_01"
            {
                over "SM_CardBoxD_01" (
                    active = false
                )
                {
                }
            }
        }

        over "Box_5345"
        {
            over "SM_CardBoxB_01"
            {
                over "SM_CardBoxB_01" (
                    active = false
                )
                {
                }
            }
        }

        over "Box_5361"
        {
            over "SM_CardBoxB_01"
            {
                over "SM_CardBoxB_01" (
                    active = false
                )
                {
                }
            }
        }

        over "Box_5422"
        {
            over "SM_CardBoxB_01"
            {
                over "SM_CardBoxB_01" (
                    active = false
                )
                {
                }
            }
        }

        over "Box_5644"
        {
            over "SM_CardBoxB_01"
            {
                over "SM_CardBoxB_01" (
                    active = false
                )
                {
                }
            }
        }

        over "SM_PaletteA_314"
        {
            over "SM_PaletteA_01" (
                active = false
            )
            {
            }
        }

        over "SM_PaletteA_76"
        {
            over "SM_PaletteA_01" (
                active = false
            )
            {
            }
        }

        over "SM_PaletteA_77"
        {
            over "SM_PaletteA_01" (
                active = false
            )
            {
            }
        }

        over "SM_RackShelf_163"
        {
            over "SM_RackShelf_01"
            {
                over "SM_RackShelf_01"
                {
                    over "Section0" (
                        active = false
                    )
                    {
                    }

                    over "Section2" (
                        active = false
                    )
                    {
                    }

                    over "Section1" (
                        active = false
                    )
                    {
                    }
                }
            }
        }

        over "SM_Rackshield_50"
        {
            over "SM_Rackshield_02" (
                active = false
            )
            {
            }
        }

        over "SM_SignCVer_194"
        {
            over "SM_SignCVer_01" (
                active = false
            )
            {
            }
        }

        over "SM_SignCVer_200"
        {
            over "SM_SignCVer_07" (
                active = false
            )
            {
            }
        }

        over "Box_4013"
        {
            over "SM_CardBoxB_01" (
                active = false
            )
            {
            }
        }

        over "Box_4266"
        {
            over "SM_CardBoxD_01"
            {
                over "SM_CardBoxD_01" (
                    active = false
                )
                {
                }
            }
        }

        over "Box_4268"
        {
            over "SM_CardBoxD_01"
            {
                over "SM_CardBoxD_01" (
                    active = false
                )
                {
                }
            }
        }

        over "Box_4270"
        {
            over "SM_CardBoxD_01"
            {
                over "SM_CardBoxD_01" (
                    active = false
                )
                {
                }
            }
        }

        over "Box_5081"
        {
            over "SM_CardBoxA_01"
            {
                over "SM_CardBoxA_01" (
                    active = false
                )
                {
                }
            }
        }

        over "Box_5085"
        {
            over "SM_CardBoxA_01"
            {
                over "SM_CardBoxA_01" (
                    active = false
                )
                {
                }
            }
        }

        over "Box_5283"
        {
            over "SM_CardBoxD_01"
            {
                over "SM_CardBoxD_01" (
                    active = false
                )
                {
                }
            }
        }

        over "Box_5285"
        {
            over "SM_CardBoxD_01"
            {
                over "SM_CardBoxD_01" (
                    active = false
                )
                {
                }
            }
        }

        over "Box_5291"
        {
            over "SM_CardBoxD_01"
            {
                over "SM_CardBoxD_01" (
                    active = false
                )
                {
                }
            }
        }

        over "Box_5293"
        {
            over "SM_CardBoxD_01"
            {
                over "SM_CardBoxD_01" (
                    active = false
                )
                {
                }
            }
        }

        over "Box_5313"
        {
            over "SM_CardBoxD_01"
            {
                over "SM_CardBoxD_01" (
                    active = false
                )
                {
                }
            }
        }

        over "Box_5323"
        {
            over "SM_CardBoxD_01"
            {
                over "SM_CardBoxD_01" (
                    active = false
                )
                {
                }
            }
        }

        over "Box_5343"
        {
            over "SM_CardBoxB_01"
            {
                over "SM_CardBoxB_01" (
                    active = false
                )
                {
                }
            }
        }

        over "Box_5353"
        {
            over "SM_CardBoxB_01"
            {
                over "SM_CardBoxB_01" (
                    active = false
                )
                {
                }
            }
        }

        over "Box_5355"
        {
            over "SM_CardBoxB_01"
            {
                over "SM_CardBoxB_01" (
                    active = false
                )
                {
                }
            }
        }

        over "Box_5357"
        {
            over "SM_CardBoxB_01"
            {
                over "SM_CardBoxB_01" (
                    active = false
                )
                {
                }
            }
        }

        over "Box_5420"
        {
            over "SM_CardBoxB_01"
            {
                over "SM_CardBoxB_01" (
                    active = false
                )
                {
                }
            }
        }

        over "Box_5624"
        {
            over "SM_CardBoxC_01"
            {
                over "SM_CardBoxC_01" (
                    active = false
                )
                {
                }
            }
        }

        over "SM_PaletteA_315"
        {
            over "SM_PaletteA_01" (
                active = false
            )
            {
            }
        }

        over "SM_PaletteA_316"
        {
            over "SM_PaletteA_02" (
                active = false
            )
            {
            }
        }

        over "SM_SignCVer_143"
        {
            over "SM_SignCVer_13" (
                active = false
            )
            {
            }
        }

        over "SM_SignCVer_144"
        {
            over "SM_SignCVer_01" (
                active = false
            )
            {
            }
        }

        over "Box_4242"
        {
            over "SM_CardBoxA_01"
            {
                over "SM_CardBoxA_01" (
                    active = false
                )
                {
                }
            }
        }

        over "Box_4244"
        {
            over "SM_CardBoxA_01"
            {
                over "SM_CardBoxA_01" (
                    active = false
                )
                {
                }
            }
        }

        over "Box_4246"
        {
            over "SM_CardBoxA_01"
            {
                over "SM_CardBoxA_01" (
                    active = false
                )
                {
                }
            }
        }

        over "Box_4250"
        {
            over "SM_CardBoxA_01"
            {
                over "SM_CardBoxA_01" (
                    active = false
                )
                {
                }
            }
        }

        over "Box_4252"
        {
            over "SM_CardBoxA_01"
            {
                over "SM_CardBoxA_01" (
                    active = false
                )
                {
                }
            }
        }

        over "Box_4278"
        {
            over "SM_CardBoxD_01"
            {
                over "SM_CardBoxD_01" (
                    active = false
                )
                {
                }
            }
        }

        over "Box_5083"
        {
            over "SM_CardBoxA_01"
            {
                over "SM_CardBoxA_01" (
                    active = false
                )
                {
                }
            }
        }

        over "Box_5289"
        {
            over "SM_CardBoxD_01"
            {
                over "SM_CardBoxD_01" (
                    active = false
                )
                {
                }
            }
        }

        over "Box_5311"
        {
            over "SM_CardBoxD_01"
            {
                over "SM_CardBoxD_01" (
                    active = false
                )
                {
                }
            }
        }

        over "Box_5315"
        {
            over "SM_CardBoxD_01"
            {
                over "SM_CardBoxD_01" (
                    active = false
                )
                {
                }
            }
        }

        over "Box_5319"
        {
            over "SM_CardBoxD_01"
            {
                over "SM_CardBoxD_01" (
                    active = false
                )
                {
                }
            }
        }

        over "Box_5321"
        {
            over "SM_CardBoxD_01"
            {
                over "SM_CardBoxD_01" (
                    active = false
                )
                {
                }
            }
        }

        over "Box_5339"
        {
            over "SM_CardBoxB_01"
            {
                over "SM_CardBoxB_01" (
                    active = false
                )
                {
                }
            }
        }

        over "Box_5341"
        {
            over "SM_CardBoxB_01"
            {
                over "SM_CardBoxB_01" (
                    active = false
                )
                {
                }
            }
        }

        over "Box_5604"
        {
            over "SM_CardBoxC_01"
            {
                over "SM_CardBoxC_01" (
                    active = false
                )
                {
                }
            }
        }

        over "Box_5606"
        {
            over "SM_CardBoxC_01"
            {
                over "SM_CardBoxC_01" (
                    active = false
                )
                {
                }
            }
        }

        over "Box_5608"
        {
            over "SM_CardBoxC_01"
            {
                over "SM_CardBoxC_01" (
                    active = false
                )
                {
                }
            }
        }

        over "Box_5610"
        {
            over "SM_CardBoxC_01"
            {
                over "SM_CardBoxC_01" (
                    active = false
                )
                {
                }
            }
        }

        over "Box_5612"
        {
            over "SM_CardBoxC_01"
            {
                over "SM_CardBoxC_01" (
                    active = false
                )
                {
                }
            }
        }

        over "Box_5622"
        {
            over "SM_CardBoxC_01"
            {
                over "SM_CardBoxC_01" (
                    active = false
                )
                {
                }
            }
        }

        over "Box_5628"
        {
            over "SM_CardBoxB_01"
            {
                over "SM_CardBoxB_01" (
                    active = false
                )
                {
                }
            }
        }

        over "Box_5640"
        {
            over "SM_CardBoxB_01"
            {
                over "SM_CardBoxB_01" (
                    active = false
                )
                {
                }
            }
        }

        over "SM_PaletteA_161"
        {
            over "SM_PaletteA_01" (
                active = false
            )
            {
            }
        }

        over "SM_PaletteA_470"
        {
            over "SM_PaletteA_01" (
                active = false
            )
            {
            }
        }

        over "S_Barcode102"
        {
            over "S_Barcode" (
                active = false
            )
            {
            }
        }

        over "S_Barcode154"
        {
            over "S_Barcode"
            {
                over "S_Barcode" (
                    active = false
                )
                {
                }
            }
        }

        over "S_Barcode155"
        {
            over "S_Barcode"
            {
                over "S_Barcode" (
                    active = false
                )
                {
                }
            }
        }

        over "S_Barcode156"
        {
            over "S_Barcode"
            {
                over "S_Barcode" (
                    active = false
                )
                {
                }
            }
        }

        over "Box_5616"
        {
            over "SM_CardBoxC_01"
            {
                over "SM_CardBoxC_01" (
                    active = false
                )
                {
                }
            }
        }

        over "Box_5618"
        {
            over "SM_CardBoxC_01"
            {
                over "SM_CardBoxC_01" (
                    active = false
                )
                {
                }
            }
        }

        over "Box_5620"
        {
            over "SM_CardBoxC_01"
            {
                over "SM_CardBoxC_01" (
                    active = false
                )
                {
                }
            }
        }

        over "S_Barcode101"
        {
            over "S_Barcode" (
                active = false
            )
            {
            }
        }

        over "S_Barcode151"
        {
            over "S_Barcode"
            {
                over "S_Barcode" (
                    active = false
                )
                {
                }
            }
        }

        over "S_Barcode153"
        {
            over "S_Barcode"
            {
                over "S_Barcode" (
                    active = false
                )
                {
                }
            }
        }

        over "S_Barcode44"
        {
            over "S_Barcode"
            {
                over "S_Barcode" (
                    active = false
                )
                {
                }
            }
        }

        over "S_Barcode46"
        {
            over "S_Barcode"
            {
                over "S_Barcode" (
                    active = false
                )
                {
                }
            }
        }

        over "S_Barcode47"
        {
            over "S_Barcode"
            {
                over "S_Barcode" (
                    active = false
                )
                {
                }
            }
        }

        over "S_Barcode94"
        {
            over "S_Barcode" (
                active = false
            )
            {
            }
        }

        over "S_Barcode103"
        {
            over "S_Barcode" (
                active = false
            )
            {
            }
        }

        over "S_Barcode49"
        {
            over "S_Barcode" (
                active = false
            )
            {
            }
        }

        over "S_Barcode50"
        {
            over "S_Barcode" (
                active = false
            )
            {
            }
        }

        over "S_Barcode51"
        {
            over "S_Barcode" (
                active = false
            )
            {
            }
        }

        over "S_Barcode52"
        {
            over "S_Barcode" (
                active = false
            )
            {
            }
        }

        over "Box_10622"
        {
            over "SM_CardBoxB_01"
            {
                over "SM_CardBoxB_01" (
                    active = false
                )
                {
                }
            }
        }

        over "SM_RackFrame_1064"
        {
            over "SM_RackFrame_03"
            {
                over "SM_RackFrame_03"
                {
                    over "Section1" (
                        active = false
                    )
                    {
                    }

                    over "Section0" (
                        active = false
                    )
                    {
                    }
                }
            }
        }

        over "SM_RackFrame_1069"
        {
            over "SM_RackFrame_03"
            {
                over "SM_RackFrame_03"
                {
                    over "Section1" (
                        active = false
                    )
                    {
                    }

                    over "Section0" (
                        active = false
                    )
                    {
                    }
                }
            }
        }

        over "SM_RackFrame_177"
        {
            over "SM_RackFrame_03"
            {
                over "SM_RackFrame_03"
                {
                    over "Section1" (
                        active = false
                    )
                    {
                    }

                    over "Section0" (
                        active = false
                    )
                    {
                    }
                }
            }
        }

        over "SM_RackShelf_180"
        {
            over "SM_RackShelf_01"
            {
                over "SM_RackShelf_01"
                {
                    over "Section0" (
                        active = false
                    )
                    {
                    }

                    over "Section1" (
                        active = false
                    )
                    {
                    }

                    over "Section2" (
                        active = false
                    )
                    {
                    }
                }
            }
        }

        over "S_AisleSign2"
        {
            over "S_AisleSign"
            {
                over "S_AisleSign" (
                    active = false
                )
                {
                }
            }
        }

        over "S_AisleSign3"
        {
            over "S_AisleSign"
            {
                over "S_AisleSign" (
                    active = false
                )
                {
                }
            }
        }

        over "SM_RackFrame_178" (
            active = false
        )
        {
        }

        over "Box_10618"
        {
            over "SM_CardBoxB_01"
            {
                over "SM_CardBoxB_01" (
                    active = false
                )
                {
                }
            }
        }

        over "Box_10620"
        {
            over "SM_CardBoxB_01"
            {
                over "SM_CardBoxB_01" (
                    active = false
                )
                {
                }
            }
        }

        over "Box_10624"
        {
            over "SM_CardBoxB_01"
            {
                over "SM_CardBoxB_01" (
                    active = false
                )
                {
                }
            }
        }

        over "Box_10630"
        {
            over "SM_CardBoxB_01"
            {
                over "SM_CardBoxB_01" (
                    active = false
                )
                {
                }
            }
        }

        over "Box_10634"
        {
            over "SM_CardBoxB_01"
            {
                over "SM_CardBoxB_01" (
                    active = false
                )
                {
                }
            }
        }

        over "Box_10636"
        {
            over "SM_CardBoxB_01"
            {
                over "SM_CardBoxB_01" (
                    active = false
                )
                {
                }
            }
        }

        over "Box_12750"
        {
            over "SM_CardBoxC_02"
            {
                over "SM_CardBoxC_02" (
                    active = false
                )
                {
                }
            }
        }

        over "Box_13072"
        {
            over "SM_CardBoxC_01"
            {
                over "SM_CardBoxC_01" (
                    active = false
                )
                {
                }
            }
        }

        over "Box_13074"
        {
            over "SM_CardBoxC_01"
            {
                over "SM_CardBoxC_01" (
                    active = false
                )
                {
                }
            }
        }

        over "Box_13098"
        {
            over "SM_CardBoxB_02"
            {
                over "SM_CardBoxB_02" (
                    active = false
                )
                {
                }
            }
        }

        over "Box_13100"
        {
            over "SM_CardBoxB_02"
            {
                over "SM_CardBoxB_02" (
                    active = false
                )
                {
                }
            }
        }

        over "Box_14206"
        {
            over "SM_CardBoxA_01"
            {
                over "SM_CardBoxA_01" (
                    active = false
                )
                {
                }
            }
        }

        over "Box_14216"
        {
            over "SM_CardBoxA_01"
            {
                over "SM_CardBoxA_01" (
                    active = false
                )
                {
                }
            }
        }

        over "Box_14218"
        {
            over "SM_CardBoxA_01"
            {
                over "SM_CardBoxA_01" (
                    active = false
                )
                {
                }
            }
        }

        over "Box_14220"
        {
            over "SM_CardBoxD_04"
            {
                over "SM_CardBoxD_04" (
                    active = false
                )
                {
                }
            }
        }

        over "Box_14222"
        {
            over "SM_CardBoxD_04"
            {
                over "SM_CardBoxD_04" (
                    active = false
                )
                {
                }
            }
        }

        over "Box_14224"
        {
            over "SM_CardBoxD_04"
            {
                over "SM_CardBoxD_04" (
                    active = false
                )
                {
                }
            }
        }

        over "Box_14226"
        {
            over "SM_CardBoxD_04"
            {
                over "SM_CardBoxD_04" (
                    active = false
                )
                {
                }
            }
        }

        over "Box_14228"
        {
            over "SM_CardBoxD_04"
            {
                over "SM_CardBoxD_04" (
                    active = false
                )
                {
                }
            }
        }

        over "Box_14230"
        {
            over "SM_CardBoxD_04"
            {
                over "SM_CardBoxD_04" (
                    active = false
                )
                {
                }
            }
        }

        over "Box_14232"
        {
            over "SM_CardBoxD_04"
            {
                over "SM_CardBoxD_04" (
                    active = false
                )
                {
                }
            }
        }

        over "Box_14234"
        {
            over "SM_CardBoxD_04"
            {
                over "SM_CardBoxD_04" (
                    active = false
                )
                {
                }
            }
        }

        over "Box_14236"
        {
            over "SM_CardBoxD_04"
            {
                over "SM_CardBoxD_04" (
                    active = false
                )
                {
                }
            }
        }

        over "Box_14238"
        {
            over "SM_CardBoxD_04"
            {
                over "SM_CardBoxD_04" (
                    active = false
                )
                {
                }
            }
        }

        over "Box_14240"
        {
            over "SM_CardBoxD_04"
            {
                over "SM_CardBoxD_04" (
                    active = false
                )
                {
                }
            }
        }

        over "Box_14242"
        {
            over "SM_CardBoxD_04"
            {
                over "SM_CardBoxD_04" (
                    active = false
                )
                {
                }
            }
        }

        over "Box_14244"
        {
            over "SM_CardBoxD_04"
            {
                over "SM_CardBoxD_04" (
                    active = false
                )
                {
                }
            }
        }

        over "Box_14246"
        {
            over "SM_CardBoxD_04"
            {
                over "SM_CardBoxD_04" (
                    active = false
                )
                {
                }
            }
        }

        over "Box_14276"
        {
            over "SM_CardBoxA_01"
            {
                over "SM_CardBoxA_01" (
                    active = false
                )
                {
                }
            }
        }

        over "Box_14278"
        {
            over "SM_CardBoxA_01"
            {
                over "SM_CardBoxA_01" (
                    active = false
                )
                {
                }
            }
        }

        over "Box_14280"
        {
            over "SM_CardBoxA_01"
            {
                over "SM_CardBoxA_01" (
                    active = false
                )
                {
                }
            }
        }

        over "Box_14282"
        {
            over "SM_CardBoxA_01"
            {
                over "SM_CardBoxA_01" (
                    active = false
                )
                {
                }
            }
        }

        over "Box_14284"
        {
            over "SM_CardBoxA_01"
            {
                over "SM_CardBoxA_01" (
                    active = false
                )
                {
                }
            }
        }

        over "Box_14286"
        {
            over "SM_CardBoxA_01"
            {
                over "SM_CardBoxA_01" (
                    active = false
                )
                {
                }
            }
        }

        over "Box_14288"
        {
            over "SM_CardBoxA_01"
            {
                over "SM_CardBoxA_01" (
                    active = false
                )
                {
                }
            }
        }

        over "Box_14358"
        {
            over "SM_CardBoxC_02" (
                active = false
            )
            {
            }
        }

        over "Box_14402"
        {
            over "SM_CardBoxC_01"
            {
                over "SM_CardBoxC_01" (
                    active = false
                )
                {
                }
            }
        }

        over "Box_14946"
        {
            over "SM_CardBoxA_01"
            {
                over "SM_CardBoxA_01" (
                    active = false
                )
                {
                }
            }
        }

        over "Box_4364"
        {
            over "SM_CardBoxA_02" (
                active = false
            )
            {
            }
        }

        over "Box_4366"
        {
            over "SM_CardBoxC_02" (
                active = false
            )
            {
            }
        }

        over "Box_4368"
        {
            over "SM_CardBoxC_01" (
                active = false
            )
            {
            }
        }

        over "Box_4370"
        {
            over "SM_CardBoxA_02" (
                active = false
            )
            {
            }
        }

        over "Box_5789"
        {
            over "SM_CardBoxA_01"
            {
                over "SM_CardBoxA_01" (
                    active = false
                )
                {
                }
            }
        }

        over "Box_5791"
        {
            over "SM_CardBoxA_01"
            {
                over "SM_CardBoxA_01" (
                    active = false
                )
                {
                }
            }
        }

        over "Box_5793"
        {
            over "SM_CardBoxA_01"
            {
                over "SM_CardBoxA_01" (
                    active = false
                )
                {
                }
            }
        }

        over "Box_5797"
        {
            over "SM_CardBoxA_01"
            {
                over "SM_CardBoxA_01" (
                    active = false
                )
                {
                }
            }
        }

        over "SM_FireExtinguisher_24"
        {
            over "SM_FireExtinguisher_02" (
                active = false
            )
            {
            }
        }

        over "SM_FloorDecal_RecRed1X12_1166"
        {
            over "SM_FloorDecal_RecRed1X1" (
                active = false
            )
            {
            }
        }

        over "SM_FloorDecal_StripeFull_4m62"
        {
            over "SM_FloorDecal_StripeFull_4m" (
                active = false
            )
            {
            }
        }

        over "SM_FloorDecal_StripeFull_4m63"
        {
            over "SM_FloorDecal_StripeFull_4m" (
                active = false
            )
            {
            }
        }

        over "SM_FloorDecal_StripeFull_4m64"
        {
            over "SM_FloorDecal_StripeFull_4m" (
                active = false
            )
            {
            }
        }

        over "SM_FloorDecal_StripeFull_4m65"
        {
            over "SM_FloorDecal_StripeFull_4m" (
                active = false
            )
            {
            }
        }

        over "SM_PaletteA_1865"
        {
            over "SM_PaletteA_01" (
                active = false
            )
            {
            }
        }

        over "SM_PaletteA_1935"
        {
            over "SM_PaletteA_01" (
                active = false
            )
            {
            }
        }

        over "SM_PaletteA_1937"
        {
            over "SM_PaletteA_02" (
                active = false
            )
            {
            }
        }

        over "SM_PaletteA_1997"
        {
            over "SM_PaletteA_01" (
                active = false
            )
            {
            }
        }

        over "SM_PaletteA_1998"
        {
            over "SM_PaletteA_01" (
                active = false
            )
            {
            }
        }

        over "SM_PaletteA_478"
        {
            over "SM_PaletteA_01" (
                active = false
            )
            {
            }
        }

        over "SM_PaletteA_482"
        {
            over "SM_PaletteA_01" (
                active = false
            )
            {
            }
        }

        over "SM_RackFrame_1065"
        {
            over "SM_RackFrame_03"
            {
                over "SM_RackFrame_03"
                {
                    over "Section0" (
                        active = false
                    )
                    {
                    }

                    over "Section1" (
                        active = false
                    )
                    {
                    }
                }
            }
        }

        over "SM_RackFrame_1070"
        {
            over "SM_RackFrame_03"
            {
                over "SM_RackFrame_03"
                {
                    over "Section0" (
                        active = false
                    )
                    {
                    }

                    over "Section1" (
                        active = false
                    )
                    {
                    }
                }
            }
        }

        over "SM_RackFrame_1072"
        {
            over "SM_RackFrame_03"
            {
                over "SM_RackFrame_03"
                {
                    over "Section0" (
                        active = false
                    )
                    {
                    }

                    over "Section1" (
                        active = false
                    )
                    {
                    }
                }
            }
        }

        over "SM_RackFrame_1073"
        {
            over "SM_RackFrame_03"
            {
                over "SM_RackFrame_03"
                {
                    over "Section0" (
                        active = false
                    )
                    {
                    }

                    over "Section1" (
                        active = false
                    )
                    {
                    }
                }
            }
        }

        over "SM_RackFrame_180"
        {
            over "SM_RackFrame_03"
            {
                over "SM_RackFrame_03"
                {
                    over "Section0" (
                        active = false
                    )
                    {
                    }

                    over "Section1" (
                        active = false
                    )
                    {
                    }
                }
            }
        }

        over "SM_RackShelf_1068"
        {
            over "SM_RackShelf_01"
            {
                over "SM_RackShelf_01"
                {
                    over "Section0" (
                        active = false
                    )
                    {
                    }

                    over "Section1" (
                        active = false
                    )
                    {
                    }

                    over "Section2" (
                        active = false
                    )
                    {
                    }
                }
            }
        }

        over "SM_RackShelf_1071"
        {
            over "SM_RackShelf_01"
            {
                over "SM_RackShelf_01"
                {
                    over "Section1" (
                        active = false
                    )
                    {
                    }

                    over "Section2" (
                        active = false
                    )
                    {
                    }

                    over "Section0" (
                        active = false
                    )
                    {
                    }
                }
            }
        }

        over "SM_RackShelf_177"
        {
            over "SM_RackShelf_01"
            {
                over "SM_RackShelf_01"
                {
                    over "Section0" (
                        active = false
                    )
                    {
                    }

                    over "Section1" (
                        active = false
                    )
                    {
                    }

                    over "Section2" (
                        active = false
                    )
                    {
                    }
                }
            }
        }

        over "SM_RackShelf_178"
        {
            over "SM_RackShelf_01"
            {
                over "SM_RackShelf_01"
                {
                    over "Section0" (
                        active = false
                    )
                    {
                    }

                    over "Section2" (
                        active = false
                    )
                    {
                    }

                    over "Section1" (
                        active = false
                    )
                    {
                    }
                }
            }
        }

        over "SM_RackShelf_179"
        {
            over "SM_RackShelf_01"
            {
                over "SM_RackShelf_01"
                {
                    over "Section0" (
                        active = false
                    )
                    {
                    }

                    over "Section1" (
                        active = false
                    )
                    {
                    }

                    over "Section2" (
                        active = false
                    )
                    {
                    }
                }
            }
        }

        over "SM_RackShelf_181"
        {
            over "SM_RackShelf_01"
            {
                over "SM_RackShelf_01"
                {
                    over "Section0" (
                        active = false
                    )
                    {
                    }

                    over "Section1" (
                        active = false
                    )
                    {
                    }

                    over "Section2" (
                        active = false
                    )
                    {
                    }
                }
            }
        }

        over "SM_RackShelf_182"
        {
            over "SM_RackShelf_01"
            {
                over "SM_RackShelf_01"
                {
                    over "Section0" (
                        active = false
                    )
                    {
                    }

                    over "Section1" (
                        active = false
                    )
                    {
                    }

                    over "Section2" (
                        active = false
                    )
                    {
                    }
                }
            }
        }

        over "SM_Rackshield_1074"
        {
            over "SM_Rackshield_02" (
                active = false
            )
            {
            }
        }

        over "SM_Rackshield_1075"
        {
            over "SM_Rackshield_02" (
                active = false
            )
            {
            }
        }

        over "SM_SignCVer_1141"
        {
            over "SM_SignCVer_09" (
                active = false
            )
            {
            }
        }

        over "SM_SignCVer_226"
        {
            over "SM_SignCVer_03" (
                active = false
            )
            {
            }
        }

        over "SM_SignCVer_229"
        {
            over "SM_SignCVer_06" (
                active = false
            )
            {
            }
        }

        over "SM_SignCVer_230"
        {
            over "SM_SignCVer_07" (
                active = false
            )
            {
            }
        }

        over "SM_SignCVer_231"
        {
            over "SM_SignCVer_08" (
                active = false
            )
            {
            }
        }

        over "SM_SignCVer_232"
        {
            over "SM_SignCVer_07" (
                active = false
            )
            {
            }
        }

        over "SM_SignCVer_233"
        {
            over "SM_SignCVer_09" (
                active = false
            )
            {
            }
        }

        over "Box_10582"
        {
            over "SM_CardBoxB_01"
            {
                over "SM_CardBoxB_01" (
                    active = false
                )
                {
                }
            }
        }

        over "Box_10584"
        {
            over "SM_CardBoxB_01"
            {
                over "SM_CardBoxB_01" (
                    active = false
                )
                {
                }
            }
        }

        over "Box_10586"
        {
            over "SM_CardBoxB_01"
            {
                over "SM_CardBoxB_01" (
                    active = false
                )
                {
                }
            }
        }

        over "Box_10588"
        {
            over "SM_CardBoxB_01"
            {
                over "SM_CardBoxB_01" (
                    active = false
                )
                {
                }
            }
        }

        over "Box_10590"
        {
            over "SM_CardBoxB_01"
            {
                over "SM_CardBoxB_01" (
                    active = false
                )
                {
                }
            }
        }

        over "Box_10610"
        {
            over "SM_CardBoxB_01"
            {
                over "SM_CardBoxB_01" (
                    active = false
                )
                {
                }
            }
        }

        over "Box_10612"
        {
            over "SM_CardBoxB_01"
            {
                over "SM_CardBoxB_01" (
                    active = false
                )
                {
                }
            }
        }

        over "Box_10614"
        {
            over "SM_CardBoxB_01"
            {
                over "SM_CardBoxB_01" (
                    active = false
                )
                {
                }
            }
        }

        over "Box_10616"
        {
            over "SM_CardBoxB_01"
            {
                over "SM_CardBoxB_01" (
                    active = false
                )
                {
                }
            }
        }

        over "Box_10626"
        {
            over "SM_CardBoxB_01"
            {
                over "SM_CardBoxB_01" (
                    active = false
                )
                {
                }
            }
        }

        over "Box_10628"
        {
            over "SM_CardBoxB_01"
            {
                over "SM_CardBoxB_01" (
                    active = false
                )
                {
                }
            }
        }

        over "Box_10632"
        {
            over "SM_CardBoxB_01"
            {
                over "SM_CardBoxB_01" (
                    active = false
                )
                {
                }
            }
        }

        over "Box_11158"
        {
            over "SM_CardBoxD_04" (
                active = false
            )
            {
            }
        }

        over "Box_11160"
        {
            over "SM_CardBoxD_02" (
                active = false
            )
            {
            }
        }

        over "Box_11162"
        {
            over "SM_CardBoxC_01" (
                active = false
            )
            {
            }
        }

        over "Box_11164"
        {
            over "SM_CardBoxC_01" (
                active = false
            )
            {
            }
        }

        over "Box_11166"
        {
            over "SM_CardBoxA_02" (
                active = false
            )
            {
            }
        }

        over "Box_11174"
        {
            over "SM_CardBoxB_01" (
                active = false
            )
            {
            }
        }

        over "Box_11178"
        {
            over "SM_CardBoxC_01" (
                active = false
            )
            {
            }
        }

        over "Box_5443"
        {
            over "SM_CardBoxC_01"
            {
                over "SM_CardBoxC_01" (
                    active = false
                )
                {
                }
            }
        }

        over "Box_5445"
        {
            over "SM_CardBoxC_01"
            {
                over "SM_CardBoxC_01" (
                    active = false
                )
                {
                }
            }
        }

        over "Box_5447"
        {
            over "SM_CardBoxC_01"
            {
                over "SM_CardBoxC_01" (
                    active = false
                )
                {
                }
            }
        }

        over "Box_5449"
        {
            over "SM_CardBoxC_01"
            {
                over "SM_CardBoxC_01" (
                    active = false
                )
                {
                }
            }
        }

        over "Box_5451"
        {
            over "SM_CardBoxC_01"
            {
                over "SM_CardBoxC_01" (
                    active = false
                )
                {
                }
            }
        }

        over "Box_5471"
        {
            over "SM_CardBoxC_01"
            {
                over "SM_CardBoxC_01" (
                    active = false
                )
                {
                }
            }
        }

        over "Box_5473"
        {
            over "SM_CardBoxC_01"
            {
                over "SM_CardBoxC_01" (
                    active = false
                )
                {
                }
            }
        }

        over "Box_5475"
        {
            over "SM_CardBoxC_01"
            {
                over "SM_CardBoxC_01" (
                    active = false
                )
                {
                }
            }
        }

        over "Box_5477"
        {
            over "SM_CardBoxC_01"
            {
                over "SM_CardBoxC_01" (
                    active = false
                )
                {
                }
            }
        }

        over "Box_5479"
        {
            over "SM_CardBoxC_01"
            {
                over "SM_CardBoxC_01" (
                    active = false
                )
                {
                }
            }
        }

        over "Box_5499"
        {
            over "SM_CardBoxA_01"
            {
                over "SM_CardBoxA_01" (
                    active = false
                )
                {
                }
            }
        }

        over "Box_5501"
        {
            over "SM_CardBoxA_01"
            {
                over "SM_CardBoxA_01" (
                    active = false
                )
                {
                }
            }
        }

        over "Box_5503"
        {
            over "SM_CardBoxA_01"
            {
                over "SM_CardBoxA_01" (
                    active = false
                )
                {
                }
            }
        }

        over "Box_5505"
        {
            over "SM_CardBoxA_01"
            {
                over "SM_CardBoxA_01" (
                    active = false
                )
                {
                }
            }
        }

        over "Box_5507"
        {
            over "SM_CardBoxA_01"
            {
                over "SM_CardBoxA_01" (
                    active = false
                )
                {
                }
            }
        }

        over "SM_PaletteA_1852"
        {
            over "SM_PaletteA_01" (
                active = false
            )
            {
            }
        }

        over "SM_PaletteA_1859"
        {
            over "SM_PaletteA_01" (
                active = false
            )
            {
            }
        }

        over "SM_RackFrame_179"
        {
            over "SM_RackFrame_03"
            {
                over "SM_RackFrame_03"
                {
                    over "Section0" (
                        active = false
                    )
                    {
                    }

                    over "Section1" (
                        active = false
                    )
                    {
                    }
                }
            }
        }

        over "SM_RackShelf_1061"
        {
            over "SM_RackShelf_01"
            {
                over "SM_RackShelf_01"
                {
                    over "Section1" (
                        active = false
                    )
                    {
                    }

                    over "Section2" (
                        active = false
                    )
                    {
                    }

                    over "Section0" (
                        active = false
                    )
                    {
                    }
                }
            }
        }

        over "SM_RackShelf_1062"
        {
            over "SM_RackShelf_01"
            {
                over "SM_RackShelf_01"
                {
                    over "Section1" (
                        active = false
                    )
                    {
                    }

                    over "Section2" (
                        active = false
                    )
                    {
                    }

                    over "Section0" (
                        active = false
                    )
                    {
                    }
                }
            }
        }

        over "SM_RackShelf_1063"
        {
            over "SM_RackShelf_01"
            {
                over "SM_RackShelf_01"
                {
                    over "Section1" (
                        active = false
                    )
                    {
                    }

                    over "Section2" (
                        active = false
                    )
                    {
                    }

                    over "Section0" (
                        active = false
                    )
                    {
                    }
                }
            }
        }

        over "SM_SignCVer_1144"
        {
            over "SM_SignCVer_12" (
                active = false
            )
            {
            }
        }

        over "S_AisleSign13"
        {
            over "S_AisleSign"
            {
                over "S_AisleSign" (
                    active = false
                )
                {
                }
            }
        }

        over "Box_11542"
        {
            over "SM_CardBoxB_01"
            {
                over "SM_CardBoxB_01" (
                    active = false
                )
                {
                }
            }
        }

        over "Box_11544"
        {
            over "SM_CardBoxB_01"
            {
                over "SM_CardBoxB_01" (
                    active = false
                )
                {
                }
            }
        }

        over "Box_11556"
        {
            over "SM_CardBoxB_01"
            {
                over "SM_CardBoxB_01" (
                    active = false
                )
                {
                }
            }
        }

        over "Box_10592"
        {
            over "SM_CardBoxB_01"
            {
                over "SM_CardBoxB_01" (
                    active = false
                )
                {
                }
            }
        }

        over "Box_10594"
        {
            over "SM_CardBoxB_01"
            {
                over "SM_CardBoxB_01" (
                    active = false
                )
                {
                }
            }
        }

        over "Box_10596"
        {
            over "SM_CardBoxB_01"
            {
                over "SM_CardBoxB_01" (
                    active = false
                )
                {
                }
            }
        }

        over "Box_10598"
        {
            over "SM_CardBoxB_01"
            {
                over "SM_CardBoxB_01" (
                    active = false
                )
                {
                }
            }
        }

        over "Box_10600"
        {
            over "SM_CardBoxB_01"
            {
                over "SM_CardBoxB_01" (
                    active = false
                )
                {
                }
            }
        }

        over "Box_10602"
        {
            over "SM_CardBoxB_01"
            {
                over "SM_CardBoxB_01" (
                    active = false
                )
                {
                }
            }
        }

        over "Box_10604"
        {
            over "SM_CardBoxB_01"
            {
                over "SM_CardBoxB_01" (
                    active = false
                )
                {
                }
            }
        }

        over "Box_10606"
        {
            over "SM_CardBoxB_01"
            {
                over "SM_CardBoxB_01" (
                    active = false
                )
                {
                }
            }
        }

        over "Box_10608"
        {
            over "SM_CardBoxB_01"
            {
                over "SM_CardBoxB_01" (
                    active = false
                )
                {
                }
            }
        }

        over "Box_11168"
        {
            over "SM_CardBoxC_02" (
                active = false
            )
            {
            }
        }

        over "Box_11180"
        {
            over "SM_CardBoxD_02" (
                active = false
            )
            {
            }
        }

        over "Box_11182"
        {
            over "SM_CardBoxC_02" (
                active = false
            )
            {
            }
        }

        over "Box_14406"
        {
            over "SM_CardBoxB_01"
            {
                over "SM_CardBoxB_01" (
                    active = false
                )
                {
                }
            }
        }

        over "Box_14948"
        {
            over "SM_CardBoxB_01"
            {
                over "SM_CardBoxB_01" (
                    active = false
                )
                {
                }
            }
        }

        over "Box_5453"
        {
            over "SM_CardBoxC_01"
            {
                over "SM_CardBoxC_01" (
                    active = false
                )
                {
                }
            }
        }

        over "Box_5457"
        {
            over "SM_CardBoxC_01"
            {
                over "SM_CardBoxC_01" (
                    active = false
                )
                {
                }
            }
        }

        over "Box_5481"
        {
            over "SM_CardBoxC_01"
            {
                over "SM_CardBoxC_01" (
                    active = false
                )
                {
                }
            }
        }

        over "Box_5485"
        {
            over "SM_CardBoxC_01"
            {
                over "SM_CardBoxC_01" (
                    active = false
                )
                {
                }
            }
        }

        over "Box_5487"
        {
            over "SM_CardBoxC_01"
            {
                over "SM_CardBoxC_01" (
                    active = false
                )
                {
                }
            }
        }

        over "Box_5489"
        {
            over "SM_CardBoxC_01"
            {
                over "SM_CardBoxC_01" (
                    active = false
                )
                {
                }
            }
        }

        over "Box_5491"
        {
            over "SM_CardBoxC_01"
            {
                over "SM_CardBoxC_01" (
                    active = false
                )
                {
                }
            }
        }

        over "Box_5493"
        {
            over "SM_CardBoxC_01"
            {
                over "SM_CardBoxC_01" (
                    active = false
                )
                {
                }
            }
        }

        over "Box_5495"
        {
            over "SM_CardBoxC_01"
            {
                over "SM_CardBoxC_01" (
                    active = false
                )
                {
                }
            }
        }

        over "Box_5509"
        {
            over "SM_CardBoxA_01"
            {
                over "SM_CardBoxA_01" (
                    active = false
                )
                {
                }
            }
        }

        over "Box_5795"
        {
            over "SM_CardBoxA_01"
            {
                over "SM_CardBoxA_01" (
                    active = false
                )
                {
                }
            }
        }

        over "SM_PaletteA_1860"
        {
            over "SM_PaletteA_01" (
                active = false
            )
            {
            }
        }

        over "SM_PaletteA_1863"
        {
            over "SM_PaletteA_01" (
                active = false
            )
            {
            }
        }

        over "SM_PaletteA_1864"
        {
            over "SM_PaletteA_01" (
                active = false
            )
            {
            }
        }

        over "SM_RackShelf_1066"
        {
            over "SM_RackShelf_01"
            {
                over "SM_RackShelf_01"
                {
                    over "Section1" (
                        active = false
                    )
                    {
                    }

                    over "Section0" (
                        active = false
                    )
                    {
                    }

                    over "Section2" (
                        active = false
                    )
                    {
                    }
                }
            }
        }

        over "SM_SignCVer_228"
        {
            over "SM_SignCVer_05" (
                active = false
            )
            {
            }
        }

        over "S_AisleSign14"
        {
            over "S_AisleSign"
            {
                over "S_AisleSign" (
                    active = false
                )
                {
                }
            }
        }

        over "Box_14208"
        {
            over "SM_CardBoxA_01"
            {
                over "SM_CardBoxA_01" (
                    active = false
                )
                {
                }
            }
        }

        over "Box_14363"
        {
            over "SM_CardBoxB_01" (
                active = false
            )
            {
            }
        }

        over "Box_5455"
        {
            over "SM_CardBoxC_01"
            {
                over "SM_CardBoxC_01" (
                    active = false
                )
                {
                }
            }
        }

        over "Box_5483"
        {
            over "SM_CardBoxC_01"
            {
                over "SM_CardBoxC_01" (
                    active = false
                )
                {
                }
            }
        }

        over "Box_5511"
        {
            over "SM_CardBoxA_01"
            {
                over "SM_CardBoxA_01" (
                    active = false
                )
                {
                }
            }
        }

        over "SM_PaletteA_477"
        {
            over "SM_PaletteA_01" (
                active = false
            )
            {
            }
        }

        over "SM_RackShelf_1067"
        {
            over "SM_RackShelf_01"
            {
                over "SM_RackShelf_01"
                {
                    over "Section0" (
                        active = false
                    )
                    {
                    }

                    over "Section2" (
                        active = false
                    )
                    {
                    }

                    over "Section1" (
                        active = false
                    )
                    {
                    }
                }
            }
        }

        over "SM_SignCVer_1143"
        {
            over "SM_SignCVer_11" (
                active = false
            )
            {
            }
        }

        over "SM_SignCVer_1145"
        {
            over "SM_SignCVer_13" (
                active = false
            )
            {
            }
        }

        over "SM_SignCVer_225"
        {
            over "SM_SignCVer_02" (
                active = false
            )
            {
            }
        }

        over "Box_14210"
        {
            over "SM_CardBoxA_01"
            {
                over "SM_CardBoxA_01" (
                    active = false
                )
                {
                }
            }
        }

        over "Box_14356"
        {
            over "SM_CardBoxC_02" (
                active = false
            )
            {
            }
        }

        over "Box_14362"
        {
            over "SM_CardBoxB_01" (
                active = false
            )
            {
            }
        }

        over "Box_14365"
        {
            over "SM_CardBoxB_01" (
                active = false
            )
            {
            }
        }

        over "Box_14366"
        {
            over "SM_CardBoxB_02" (
                active = false
            )
            {
            }
        }

        over "Box_14368"
        {
            over "SM_CardBoxD_03" (
                active = false
            )
            {
            }
        }

        over "Box_14420"
        {
            over "SM_CardBoxB_01"
            {
                over "SM_CardBoxB_01" (
                    active = false
                )
                {
                }
            }
        }

        over "Box_14422"
        {
            over "SM_CardBoxB_01"
            {
                over "SM_CardBoxB_01" (
                    active = false
                )
                {
                }
            }
        }

        over "Box_14424"
        {
            over "SM_CardBoxB_01"
            {
                over "SM_CardBoxB_01" (
                    active = false
                )
                {
                }
            }
        }

        over "Box_14942"
        {
            over "SM_CardBoxA_01"
            {
                over "SM_CardBoxA_01" (
                    active = false
                )
                {
                }
            }
        }

        over "Box_14944"
        {
            over "SM_CardBoxA_01"
            {
                over "SM_CardBoxA_01" (
                    active = false
                )
                {
                }
            }
        }

        over "Box_4360"
        {
            over "SM_CardBoxB_01" (
                active = false
            )
            {
            }
        }

        over "Box_4362"
        {
            over "SM_CardBoxC_02" (
                active = false
            )
            {
            }
        }

        over "SM_PaletteA_1936"
        {
            over "SM_PaletteA_01" (
                active = false
            )
            {
            }
        }

        over "SM_SignCVer_1142"
        {
            over "SM_SignCVer_10" (
                active = false
            )
            {
            }
        }

        over "SM_SignCVer_224"
        {
            over "SM_SignCVer_01" (
                active = false
            )
            {
            }
        }

        over "SM_SignCVer_227"
        {
            over "SM_SignCVer_04" (
                active = false
            )
            {
            }
        }

        over "Box_13090"
        {
            over "SM_CardBoxB_02"
            {
                over "SM_CardBoxB_02" (
                    active = false
                )
                {
                }
            }
        }

        over "Box_13092"
        {
            over "SM_CardBoxB_02"
            {
                over "SM_CardBoxB_02" (
                    active = false
                )
                {
                }
            }
        }

        over "Box_13102"
        {
            over "SM_CardBoxB_02"
            {
                over "SM_CardBoxB_02" (
                    active = false
                )
                {
                }
            }
        }

        over "Box_13108"
        {
            over "SM_CardBoxB_02"
            {
                over "SM_CardBoxB_02" (
                    active = false
                )
                {
                }
            }
        }

        over "Box_14212"
        {
            over "SM_CardBoxA_01"
            {
                over "SM_CardBoxA_01" (
                    active = false
                )
                {
                }
            }
        }

        over "Box_14248"
        {
            over "SM_CardBoxD_04"
            {
                over "SM_CardBoxD_04" (
                    active = false
                )
                {
                }
            }
        }

        over "Box_14266"
        {
            over "SM_CardBoxD_04"
            {
                over "SM_CardBoxD_04" (
                    active = false
                )
                {
                }
            }
        }

        over "Box_14270"
        {
            over "SM_CardBoxD_04"
            {
                over "SM_CardBoxD_04" (
                    active = false
                )
                {
                }
            }
        }

        over "Box_14360"
        {
            over "SM_CardBoxD_05" (
                active = false
            )
            {
            }
        }

        over "Box_14364"
        {
            over "SM_CardBoxB_01" (
                active = false
            )
            {
            }
        }

        over "Box_14370"
        {
            over "SM_CardBoxC_01" (
                active = false
            )
            {
            }
        }

        over "Box_14392"
        {
            over "SM_CardBoxC_01"
            {
                over "SM_CardBoxC_01" (
                    active = false
                )
                {
                }
            }
        }

        over "Box_14394"
        {
            over "SM_CardBoxC_01"
            {
                over "SM_CardBoxC_01" (
                    active = false
                )
                {
                }
            }
        }

        over "Box_14398"
        {
            over "SM_CardBoxC_01"
            {
                over "SM_CardBoxC_01" (
                    active = false
                )
                {
                }
            }
        }

        over "Box_14400"
        {
            over "SM_CardBoxC_01"
            {
                over "SM_CardBoxC_01" (
                    active = false
                )
                {
                }
            }
        }

        over "Box_14404"
        {
            over "SM_CardBoxB_01"
            {
                over "SM_CardBoxB_01" (
                    active = false
                )
                {
                }
            }
        }

        over "Box_14950"
        {
            over "SM_CardBoxB_01"
            {
                over "SM_CardBoxB_01" (
                    active = false
                )
                {
                }
            }
        }

        over "Box_14952"
        {
            over "SM_CardBoxB_01"
            {
                over "SM_CardBoxB_01" (
                    active = false
                )
                {
                }
            }
        }

        over "Box_4374"
        {
            over "SM_CardBoxD_04" (
                active = false
            )
            {
            }
        }

        over "Box_4376"
        {
            over "SM_CardBoxB_02" (
                active = false
            )
            {
            }
        }

        over "S_Barcode706"
        {
            over "S_Barcode"
            {
                over "S_Barcode" (
                    active = false
                )
                {
                }
            }
        }

        over "SM_SignCVer_1126"
        {
            over "SM_SignCVer_09" (
                active = false
            )
            {
            }
        }

        over "SM_SignCVer_1133"
        {
            over "SM_SignCVer_03" (
                active = false
            )
            {
            }
        }

        over "SM_SignCVer_1135"
        {
            over "SM_SignCVer_05" (
                active = false
            )
            {
            }
        }

        over "SM_SignCVer_1136"
        {
            over "SM_SignCVer_06" (
                active = false
            )
            {
            }
        }

        over "SM_SignCVer_1137"
        {
            over "SM_SignCVer_07" (
                active = false
            )
            {
            }
        }

        over "SM_SignCVer_1138"
        {
            over "SM_SignCVer_08" (
                active = false
            )
            {
            }
        }

        over "SM_SignCVer_1139"
        {
            over "SM_SignCVer_07" (
                active = false
            )
            {
            }
        }

        over "SM_SignCVer_1140"
        {
            over "SM_SignCVer_09" (
                active = false
            )
            {
            }
        }

        over "Box_13094"
        {
            over "SM_CardBoxB_02"
            {
                over "SM_CardBoxB_02" (
                    active = false
                )
                {
                }
            }
        }

        over "Box_13096"
        {
            over "SM_CardBoxB_02"
            {
                over "SM_CardBoxB_02" (
                    active = false
                )
                {
                }
            }
        }

        over "Box_13104"
        {
            over "SM_CardBoxB_02"
            {
                over "SM_CardBoxB_02" (
                    active = false
                )
                {
                }
            }
        }

        over "Box_13106"
        {
            over "SM_CardBoxB_02"
            {
                over "SM_CardBoxB_02" (
                    active = false
                )
                {
                }
            }
        }

        over "Box_13110"
        {
            over "SM_CardBoxB_02"
            {
                over "SM_CardBoxB_02" (
                    active = false
                )
                {
                }
            }
        }

        over "Box_14214"
        {
            over "SM_CardBoxA_01"
            {
                over "SM_CardBoxA_01" (
                    active = false
                )
                {
                }
            }
        }

        over "Box_14250"
        {
            over "SM_CardBoxD_04"
            {
                over "SM_CardBoxD_04" (
                    active = false
                )
                {
                }
            }
        }

        over "Box_14372"
        {
            over "SM_CardBoxD_05" (
                active = false
            )
            {
            }
        }

        over "Box_14374"
        {
            over "SM_CardBoxD_05" (
                active = false
            )
            {
            }
        }

        over "Box_14396"
        {
            over "SM_CardBoxC_01"
            {
                over "SM_CardBoxC_01" (
                    active = false
                )
                {
                }
            }
        }

        over "Box_4372"
        {
            over "SM_CardBoxD_01" (
                active = false
            )
            {
            }
        }

        over "Box_5459"
        {
            over "SM_CardBoxC_01"
            {
                over "SM_CardBoxC_01" (
                    active = false
                )
                {
                }
            }
        }

        over "Box_5461"
        {
            over "SM_CardBoxC_01"
            {
                over "SM_CardBoxC_01" (
                    active = false
                )
                {
                }
            }
        }

        over "Box_5463"
        {
            over "SM_CardBoxC_01"
            {
                over "SM_CardBoxC_01" (
                    active = false
                )
                {
                }
            }
        }

        over "Box_5465"
        {
            over "SM_CardBoxC_01"
            {
                over "SM_CardBoxC_01" (
                    active = false
                )
                {
                }
            }
        }

        over "Box_5467"
        {
            over "SM_CardBoxC_01"
            {
                over "SM_CardBoxC_01" (
                    active = false
                )
                {
                }
            }
        }

        over "Box_5469"
        {
            over "SM_CardBoxC_01"
            {
                over "SM_CardBoxC_01" (
                    active = false
                )
                {
                }
            }
        }

        over "Box_11170"
        {
            over "SM_CardBoxD_04" (
                active = false
            )
            {
            }
        }

        over "Box_11172"
        {
            over "SM_CardBoxB_02" (
                active = false
            )
            {
            }
        }

        over "Box_11546"
        {
            over "SM_CardBoxB_01"
            {
                over "SM_CardBoxB_01" (
                    active = false
                )
                {
                }
            }
        }

        over "Box_11550"
        {
            over "SM_CardBoxB_01"
            {
                over "SM_CardBoxB_01" (
                    active = false
                )
                {
                }
            }
        }

        over "Box_11554"
        {
            over "SM_CardBoxB_01"
            {
                over "SM_CardBoxB_01" (
                    active = false
                )
                {
                }
            }
        }

        over "Box_11558"
        {
            over "SM_CardBoxB_01"
            {
                over "SM_CardBoxB_01" (
                    active = false
                )
                {
                }
            }
        }

        over "Box_11560"
        {
            over "SM_CardBoxB_01"
            {
                over "SM_CardBoxB_01" (
                    active = false
                )
                {
                }
            }
        }

        over "Box_11564"
        {
            over "SM_CardBoxB_01"
            {
                over "SM_CardBoxB_01" (
                    active = false
                )
                {
                }
            }
        }

        over "Box_11566"
        {
            over "SM_CardBoxB_01"
            {
                over "SM_CardBoxB_01" (
                    active = false
                )
                {
                }
            }
        }

        over "Box_11568"
        {
            over "SM_CardBoxC_01"
            {
                over "SM_CardBoxC_01" (
                    active = false
                )
                {
                }
            }
        }

        over "Box_12764"
        {
            over "SM_CardBoxC_02"
            {
                over "SM_CardBoxC_02" (
                    active = false
                )
                {
                }
            }
        }

        over "Box_12766"
        {
            over "SM_CardBoxC_02"
            {
                over "SM_CardBoxC_02" (
                    active = false
                )
                {
                }
            }
        }

        over "Box_12772"
        {
            over "SM_CardBoxC_02"
            {
                over "SM_CardBoxC_02" (
                    active = false
                )
                {
                }
            }
        }

        over "SM_PaletteA_1945"
        {
            over "SM_PaletteA_01" (
                active = false
            )
            {
            }
        }

        over "SM_PaletteA_1946"
        {
            over "SM_PaletteA_01" (
                active = false
            )
            {
            }
        }

        over "Box_11176"
        {
            over "SM_CardBoxD_02" (
                active = false
            )
            {
            }
        }

        over "Box_11562"
        {
            over "SM_CardBoxB_01"
            {
                over "SM_CardBoxB_01" (
                    active = false
                )
                {
                }
            }
        }

        over "Box_11570"
        {
            over "SM_CardBoxC_01"
            {
                over "SM_CardBoxC_01" (
                    active = false
                )
                {
                }
            }
        }

        over "SM_SignCVer_1129"
        {
            over "SM_SignCVer_12" (
                active = false
            )
            {
            }
        }

        over "SM_SignCVer_1130"
        {
            over "SM_SignCVer_13" (
                active = false
            )
            {
            }
        }

        over "SM_SignCVer_1131"
        {
            over "SM_SignCVer_01" (
                active = false
            )
            {
            }
        }

        over "SM_SignCVer_1132"
        {
            over "SM_SignCVer_02" (
                active = false
            )
            {
            }
        }

        over "SM_SignCVer_1134"
        {
            over "SM_SignCVer_04" (
                active = false
            )
            {
            }
        }

        over "SM_SignCVer_1128"
        {
            over "SM_SignCVer_11" (
                active = false
            )
            {
            }
        }

        over "Box_11548"
        {
            over "SM_CardBoxB_01"
            {
                over "SM_CardBoxB_01" (
                    active = false
                )
                {
                }
            }
        }

        over "Box_11552"
        {
            over "SM_CardBoxB_01"
            {
                over "SM_CardBoxB_01" (
                    active = false
                )
                {
                }
            }
        }

        over "Box_11572"
        {
            over "SM_CardBoxC_01"
            {
                over "SM_CardBoxC_01" (
                    active = false
                )
                {
                }
            }
        }

        over "Box_12722"
        {
            over "SM_CardBoxC_01"
            {
                over "SM_CardBoxC_01" (
                    active = false
                )
                {
                }
            }
        }

        over "Box_12724"
        {
            over "SM_CardBoxC_01"
            {
                over "SM_CardBoxC_01" (
                    active = false
                )
                {
                }
            }
        }

        over "Box_12736"
        {
            over "SM_CardBoxC_01"
            {
                over "SM_CardBoxC_01" (
                    active = false
                )
                {
                }
            }
        }

        over "Box_12738"
        {
            over "SM_CardBoxC_01"
            {
                over "SM_CardBoxC_01" (
                    active = false
                )
                {
                }
            }
        }

        over "Box_12752"
        {
            over "SM_CardBoxC_02"
            {
                over "SM_CardBoxC_02" (
                    active = false
                )
                {
                }
            }
        }

        over "SM_FloorDecal_StripeFull_4m67_1162"
        {
            over "SM_FloorDecal_StripeFull_4m" (
                active = false
            )
            {
            }
        }

        over "SM_FloorDecal_StripeFull_4m68_1163"
        {
            over "SM_FloorDecal_StripeFull_4m" (
                active = false
            )
            {
            }
        }

        over "SM_PaletteA_1947"
        {
            over "SM_PaletteA_01" (
                active = false
            )
            {
            }
        }

        over "SM_PaletteA_1952"
        {
            over "SM_PaletteA_01" (
                active = false
            )
            {
            }
        }

        over "Box_12726"
        {
            over "SM_CardBoxC_01"
            {
                over "SM_CardBoxC_01" (
                    active = false
                )
                {
                }
            }
        }

        over "Box_12730"
        {
            over "SM_CardBoxC_01"
            {
                over "SM_CardBoxC_01" (
                    active = false
                )
                {
                }
            }
        }

        over "Box_12732"
        {
            over "SM_CardBoxC_01"
            {
                over "SM_CardBoxC_01" (
                    active = false
                )
                {
                }
            }
        }

        over "Box_12734"
        {
            over "SM_CardBoxC_01"
            {
                over "SM_CardBoxC_01" (
                    active = false
                )
                {
                }
            }
        }

        over "Box_12746"
        {
            over "SM_CardBoxC_01"
            {
                over "SM_CardBoxC_01" (
                    active = false
                )
                {
                }
            }
        }

        over "Box_12754"
        {
            over "SM_CardBoxC_02"
            {
                over "SM_CardBoxC_02" (
                    active = false
                )
                {
                }
            }
        }

        over "Box_12756"
        {
            over "SM_CardBoxC_02"
            {
                over "SM_CardBoxC_02" (
                    active = false
                )
                {
                }
            }
        }

        over "Box_12758"
        {
            over "SM_CardBoxC_02"
            {
                over "SM_CardBoxC_02" (
                    active = false
                )
                {
                }
            }
        }

        over "Box_12760"
        {
            over "SM_CardBoxC_02"
            {
                over "SM_CardBoxC_02" (
                    active = false
                )
                {
                }
            }
        }

        over "Box_12762"
        {
            over "SM_CardBoxC_02"
            {
                over "SM_CardBoxC_02" (
                    active = false
                )
                {
                }
            }
        }

        over "Box_12774"
        {
            over "SM_CardBoxC_02"
            {
                over "SM_CardBoxC_02" (
                    active = false
                )
                {
                }
            }
        }

        over "Box_12776"
        {
            over "SM_CardBoxC_02"
            {
                over "SM_CardBoxC_02" (
                    active = false
                )
                {
                }
            }
        }

        over "Box_13062"
        {
            over "SM_CardBoxC_01"
            {
                over "SM_CardBoxC_01" (
                    active = false
                )
                {
                }
            }
        }

        over "Box_13064"
        {
            over "SM_CardBoxC_01"
            {
                over "SM_CardBoxC_01" (
                    active = false
                )
                {
                }
            }
        }

        over "Box_13066"
        {
            over "SM_CardBoxC_01"
            {
                over "SM_CardBoxC_01" (
                    active = false
                )
                {
                }
            }
        }

        over "Box_13068"
        {
            over "SM_CardBoxC_01"
            {
                over "SM_CardBoxC_01" (
                    active = false
                )
                {
                }
            }
        }

        over "Box_13070"
        {
            over "SM_CardBoxC_01"
            {
                over "SM_CardBoxC_01" (
                    active = false
                )
                {
                }
            }
        }

        over "Box_13086"
        {
            over "SM_CardBoxC_01"
            {
                over "SM_CardBoxC_01" (
                    active = false
                )
                {
                }
            }
        }

        over "Box_13088"
        {
            over "SM_CardBoxC_01"
            {
                over "SM_CardBoxC_01" (
                    active = false
                )
                {
                }
            }
        }

        over "SM_PaletteA_1953"
        {
            over "SM_PaletteA_01" (
                active = false
            )
            {
            }
        }

        over "SM_PaletteA_1954"
        {
            over "SM_PaletteA_01" (
                active = false
            )
            {
            }
        }

        over "SM_PaletteA_1974"
        {
            over "SM_PaletteA_01" (
                active = false
            )
            {
            }
        }

        over "SM_PaletteA_1975"
        {
            over "SM_PaletteA_01" (
                active = false
            )
            {
            }
        }

        over "SM_PaletteA_1976"
        {
            over "SM_PaletteA_01" (
                active = false
            )
            {
            }
        }

        over "Box_12728"
        {
            over "SM_CardBoxC_01"
            {
                over "SM_CardBoxC_01" (
                    active = false
                )
                {
                }
            }
        }

        over "Box_12742"
        {
            over "SM_CardBoxC_01"
            {
                over "SM_CardBoxC_01" (
                    active = false
                )
                {
                }
            }
        }

        over "Box_12744"
        {
            over "SM_CardBoxC_01"
            {
                over "SM_CardBoxC_01" (
                    active = false
                )
                {
                }
            }
        }

        over "Box_12748"
        {
            over "SM_CardBoxC_01"
            {
                over "SM_CardBoxC_01" (
                    active = false
                )
                {
                }
            }
        }

        over "Box_12770"
        {
            over "SM_CardBoxC_02"
            {
                over "SM_CardBoxC_02" (
                    active = false
                )
                {
                }
            }
        }

        over "Box_13076"
        {
            over "SM_CardBoxC_01"
            {
                over "SM_CardBoxC_01" (
                    active = false
                )
                {
                }
            }
        }

        over "Box_13078"
        {
            over "SM_CardBoxC_01"
            {
                over "SM_CardBoxC_01" (
                    active = false
                )
                {
                }
            }
        }

        over "Box_13080"
        {
            over "SM_CardBoxC_01"
            {
                over "SM_CardBoxC_01" (
                    active = false
                )
                {
                }
            }
        }

        over "Box_13082"
        {
            over "SM_CardBoxC_01"
            {
                over "SM_CardBoxC_01" (
                    active = false
                )
                {
                }
            }
        }

        over "Box_13084"
        {
            over "SM_CardBoxC_01"
            {
                over "SM_CardBoxC_01" (
                    active = false
                )
                {
                }
            }
        }

        over "Box_14252"
        {
            over "SM_CardBoxD_04"
            {
                over "SM_CardBoxD_04" (
                    active = false
                )
                {
                }
            }
        }

        over "Box_14254"
        {
            over "SM_CardBoxD_04"
            {
                over "SM_CardBoxD_04" (
                    active = false
                )
                {
                }
            }
        }

        over "Box_14256"
        {
            over "SM_CardBoxD_04"
            {
                over "SM_CardBoxD_04" (
                    active = false
                )
                {
                }
            }
        }

        over "Box_14258"
        {
            over "SM_CardBoxD_04"
            {
                over "SM_CardBoxD_04" (
                    active = false
                )
                {
                }
            }
        }

        over "Box_14260"
        {
            over "SM_CardBoxD_04"
            {
                over "SM_CardBoxD_04" (
                    active = false
                )
                {
                }
            }
        }

        over "Box_14262"
        {
            over "SM_CardBoxD_04"
            {
                over "SM_CardBoxD_04" (
                    active = false
                )
                {
                }
            }
        }

        over "Box_14264"
        {
            over "SM_CardBoxD_04"
            {
                over "SM_CardBoxD_04" (
                    active = false
                )
                {
                }
            }
        }

        over "Box_14268"
        {
            over "SM_CardBoxD_04"
            {
                over "SM_CardBoxD_04" (
                    active = false
                )
                {
                }
            }
        }

        over "S_Barcode632"
        {
            over "S_Barcode"
            {
                over "S_Barcode" (
                    active = false
                )
                {
                }
            }
        }

        over "Box_12740"
        {
            over "SM_CardBoxC_01"
            {
                over "SM_CardBoxC_01" (
                    active = false
                )
                {
                }
            }
        }

        over "Box_12768"
        {
            over "SM_CardBoxC_02"
            {
                over "SM_CardBoxC_02" (
                    active = false
                )
                {
                }
            }
        }

        over "Box_14272"
        {
            over "SM_CardBoxD_04"
            {
                over "SM_CardBoxD_04" (
                    active = false
                )
                {
                }
            }
        }

        over "Box_14274"
        {
            over "SM_CardBoxD_04"
            {
                over "SM_CardBoxD_04" (
                    active = false
                )
                {
                }
            }
        }

        over "SM_FloorDecal_RecRed1X11"
        {
            over "SM_FloorDecal_RecRed1X1" (
                active = false
            )
            {
            }
        }

        over "SM_SignCVer_1127"
        {
            over "SM_SignCVer_10" (
                active = false
            )
            {
            }
        }

        over "Box_5497"
        {
            over "SM_CardBoxC_01"
            {
                over "SM_CardBoxC_01" (
                    active = false
                )
                {
                }
            }
        }
    }

    def "Cardbox_B3_15" (
        prepend payload = @https://omniverse-content-production.s3-us-west-2.amazonaws.com/Assets/ArchVis/Industrial/Containers/Cardboard/Cardbox_B3.usd@
    )
    {
        quatf xformOp:orient = (1, 0, 0, 0)
        float3 xformOp:scale = (1, 1, 1)
        double3 xformOp:scale:unitsResolve = (0.009999999776482582, 0.009999999776482582, 0.009999999776482582)
        double3 xformOp:translate = (-10.401328086853027, 16.377962112426758, 1.5274975813402467)
        uniform token[] xformOpOrder = ["xformOp:translate", "xformOp:orient", "xformOp:scale", "xformOp:scale:unitsResolve"]
    }
}

over "Render"
{
    over "OmniverseKit"
    {
        over "HydraTextures"
        {
            over "omni_kit_widget_viewport_ViewportTexture_0"
            {
                rel camera = </OmniverseKit_Persp>
                rel orderedVars = </Render/Vars/LdrColor>
                custom bool overrideClipRange = 0
                uniform int2 resolution = (1280, 720)
            }
        }
    }
}

