2700786
2700787
2749385
2749386
2749387
2749388
2797945
2797947
2797948
2797985
2797986
2797987
2797988
2798129
2846545
2846546
2846547
2846548
2846549
2846585
2846586
2846587
2846588
2846591
2846592
2846593
2846729
2895145
2895146
2895147
2895148
2895149
2895185
2895186
2895187
2895188
2895190
2895191
2895192
2895193
2895239
2895329
2895330
2943745
2943746
2943747
2943748
2943749
2943784
2943785
2943786
2943787
2943789
2943790
2943791
2943792
2943839
2943930
2992345
2992372
2992385
2992386
2992388
2992389
2992390
2992391
2992392
2992530
3040945
3040972
3040984
3040985
3040986
3040988
3040989
3040990
3040991
3089545
3089568
3089586
3089587
3089588
3089589
3089590
3089591
3089729
3138144
3138145
3138146
3138168
3138170
3138182
3138183
3138184
3138188
3138189
3138190
3138329
3186743
3186746
3186747
3186748
3186749
3186768
3186771
3186781
3186782
3186783
3186784
3186785
3186786
3186929
3186930
3235331
3235332
3235333
3235334
3235335
3235336
3235342
3235343
3235344
3235369
3235370
3235371
3235372
3235380
3235382
3235384
3235386
3235387
3235388
3235530
3283930
3283931
3283932
3283933
3283934
3283935
3283936
3283942
3283943
3283944
3283946
3283947
3283948
3283949
3283953
3283968
3283971
3283972
3283980
3283981
3283982
3283983
3283984
3283985
3283986
3283988
3283989
3283990
3332530
3332531
3332532
3332533
3332534
3332535
3332536
3332537
3332542
3332543
3332544
3332545
3332547
3332548
3332549
3332550
3332551
3332552
3332553
3332568
3332569
3332570
3332575
3332577
3332578
3332579
3332581
3332582
3332583
3332584
3332585
3332586
3332587
3332589
3332590
3332591
3381124
3381125
3381133
3381134
3381135
3381136
3381141
3381142
3381143
3381144
3381145
3381146
3381147
3381148
3381149
3381150
3381151
3381152
3381153
3381155
3381156
3381157
3381158
3381159
3381160
3381161
3381162
3381163
3381164
3381165
3381166
3381167
3381168
3381170
3381171
3381172
3381173
3381176
3381177
3381178
3381179
3381180
3381181
3381182
3381183
3381184
3381185
3381186
3381187
3381188
3381189
3381190
3381191
3381192
3381193
3429722
3429723
3429724
3429727
3429728
3429729
3429730
3429731
3429732
3429733
3429734
3429735
3429736
3429739
3429740
3429741
3429742
3429743
3429744
3429745
3429746
3429747
3429748
3429749
3429750
3429751
3429752
3429753
3429755
3429756
3429757
3429758
3429759
3429760
3429761
3429762
3429763
3429764
3429765
3429766
3429767
3429771
3429772
3429774
3429775
3429777
3429778
3429779
3429782
3429783
3429784
3429786
3429787
3429788
3429789
3429790
3429791
3429792
3429793
3429929
3444770
3478321
3478322
3478323
3478324
3478326
3478327
3478328
3478329
3478330
3478331
3478332
3478333
3478334
3478335
3478336
3478337
3478338
3478339
3478340
3478341
3478342
3478343
3478344
3478345
3478346
3478347
3478348
3478349
3478350
3478351
3478352
3478353
3478355
3478356
3478357
3478358
3478359
3478360
3478361
3478362
3478363
3478364
3478365
3478366
3478367
3478370
3478371
3478372
3478373
3478375
3478376
3478377
3478378
3478379
3478382
3478383
3478386
3478387
3478388
3478389
3478390
3478391
3478393
3478410
3478424
3478425
3478426
3478427
3478435
3478436
3478437
3478438
3478441
3478459
3478468
3478469
3478470
3478500
3478513
3478514
3478515
3478516
3478517
3478525
3478526
3478527
3478528
3478529
3478530
3478531
3478548
3478549
3478550
3478558
3478559
3478560
3478590
3478604
3478605
3478606
3478607
3478616
3478617
3478618
3478619
3478638
3478639
3478695
3478696
3478708
3478709
3478728
3478785
3478786
3478787
3478799
3478800
3478818
3478819
3478876
3478877
3478889
3478890
3478908
3478909
3478966
3478979
3478980
3478998
3479003
3479056
3479057
3479069
3479088
3479089
3479093
3479145
3479146
3479147
3479156
3479159
3479178
3479179
3479183
3479235
3479236
3479248
3479249
3479268
3479269
3479325
3479326
3479338
3479339
3479358
3479359
3479362
3479415
3479416
3479428
3479429
3479448
3479449
3479516
3479518
3479519
3479534
3479535
3479536
3479537
3479538
3479539
3479597
3479608
3479609
3479623
3479624
3479626
3479627
3479628
3479629
3479633
3479636
3479637
3479698
3479699
3479718
3479719
3479723
3479727
3479788
3479789
3479808
3479817
3479878
3479879
3479898
3479899
3479903
3479979
3479988
3480069
3480078
3480159
3480168
3480169
3480249
3480258
3480259
3480339
3480348
3480349
3480429
3480439
3480519
3480528
3480618
3480619
3480686
3480709
3480798
3480888
3480978
3480979
3481068
3481158
3481248
3481338
3492838
3492839
3493280
3493289
3493369
3493370
3493379
3493468
3493469
3493558
3493734
3493758
3493759
3493760
3493761
3493769
3493983
3493984
3493985
3493986
3493987
3494073
3494074
3494076
3494077
3494163
3494166
3494167
3494256
3494257
3494347
3494433
3494434
3494435
3494436
3494437
3494523
3494612
3494613
3494702
3494703
3494704
3494792
3494793
3494794
3494885
3495712
3496702
3526921
3526922
3526923
3526925
3526926
3526927
3526928
3526929
3526930
3526931
3526932
3526933
3526936
3526937
3526938
3526939
3526940
3526941
3526942
3526943
3526944
3526945
3526946
3526949
3526950
3526951
3526952
3526953
3526954
3526955
3526956
3526957
3526958
3526959
3526960
3526961
3526962
3526963
3526964
3526965
3526966
3526967
3526968
3526969
3526971
3526972
3526974
3526975
3526976
3526981
3526982
3526983
3526984
3526985
3526987
3526988
3526989
3526990
3526991
3526992
3527010
3527039
3527040
3527100
3527113
3527114
3527116
3527127
3527128
3527129
3527130
3527190
3527294
3527306
3527310
3527335
3527336
3527384
3527386
3527387
3527396
3527399
3527400
3527419
3527421
3527422
3527423
3527424
3527425
3527426
3527474
3527477
3527509
3527513
3527514
3527515
3527516
3527564
3527576
3527580
3527601
3527603
3527605
3527606
3527654
3527656
3527657
3527666
3527669
3527670
3527693
3527694
3527695
3527696
3527744
3527747
3527756
3527759
3527760
3527779
3527783
3527834
3527836
3527846
3527848
3527924
3527936
3527939
3527961
3527966
3528014
3528026
3528028
3528029
3528039
3528053
3528054
3528055
3528056
3528104
3528116
3528118
3528119
3528129
3528141
3528143
3528145
3528146
3528148
3528197
3528198
3528199
3528200
3528204
3528206
3528209
3528220
3528225
3528226
3528227
3528229
3528231
3528233
3528235
3528238
3528296
3528298
3528299
3528309
3528311
3528313
3528314
3528315
3528317
3528319
3528323
3528325
3528386
3528388
3528399
3528411
3528413
3528415
3528418
3528476
3528489
3528501
3528502
3528503
3528566
3528579
3528589
3528592
3528593
3528594
3528656
3528669
3528683
3528746
3528836
3528849
3528859
3528926
3528939
3528953
3528958
3529016
3529029
3529041
3529042
3529043
3529047
3529119
3529128
3529129
3529132
3529133
3529134
3529209
3529222
3529223
3529286
3529308
3529309
3529317
3529376
3529398
3529466
3529556
3529578
3529646
3529736
3529826
3529848
3529916
3530096
3530186
3540356
3540446
3540460
3540536
3540626
3540639
3540640
3540716
3540730
3540806
3540820
3540897
3540910
3540986
3541070
3541076
3541077
3541090
3541160
3541166
3541237
3541270
3541333
3541346
3541359
3541360
3541417
3541422
3541423
3541436
3541450
3541507
3541512
3541513
3541519
3541520
3541526
3541527
3541529
3541539
3541540
3541596
3541597
3541616
3541629
3541630
3541706
3541707
3541719
3541720
3541777
3541796
3541797
3541809
3541810
3541867
3541880
3541886
3541889
3541899
3541900
3541957
3541970
3541977
3541989
3541990
3542041
3542043
3542044
3542045
3542046
3542047
3542059
3542066
3542067
3542079
3542158
3542169
3542170
3542221
3542222
3542223
3542224
3542226
3542228
3542242
3542243
3542244
3542245
3542246
3542256
3542257
3542258
3542259
3542260
3542261
3542262
3542263
3542264
3542265
3542266
3542267
3542268
3542269
3542270
3542271
3542272
3542273
3542274
3542275
3542276
3542277
3542278
3542279
3542315
3542317
3542318
3542332
3542333
3542334
3542335
3542336
3542346
3542347
3542348
3542349
3542350
3542351
3542352
3542353
3542354
3542356
3542357
3542358
3542359
3542360
3542361
3542362
3542363
3542364
3542365
3542366
3542367
3542368
3542369
3542426
3542427
3542441
3542442
3542458
3542459
3542517
3542531
3542532
3542548
3542549
3542584
3542602
3542603
3542606
3542607
3542621
3542622
3542674
3542692
3542693
3542696
3542697
3542711
3542712
3542728
3542764
3542765
3542782
3542783
3542787
3542801
3542802
3542818
3542819
3542855
3542872
3542873
3542876
3542877
3542891
3542892
3542908
3542962
3542963
3542966
3542967
3542981
3542982
3542998
3542999
3543021
3543033
3543034
3543035
3543036
3543037
3543052
3543053
3543056
3543057
3543072
3543089
3543123
3543142
3543143
3543146
3543147
3543162
3543178
3543179
3543212
3543213
3543232
3543233
3543236
3543237
3543251
3543252
3543268
3543302
3543304
3543322
3543323
3543326
3543327
3543341
3543342
3543392
3543394
3543412
3543413
3543416
3543417
3543431
3543432
3543448
3543449
3543485
3543502
3543503
3543507
3543521
3543522
3543538
3543539
3543592
3543593
3543596
3543597
3543611
3543612
3543628
3543629
3543664
3543682
3543683
3543687
3543701
3543702
3543718
3543719
3543772
3543773
3543777
3543791
3543792
3543808
3543862
3543863
3543866
3543867
3543881
3543882
3543898
3543899
3543952
3543953
3543956
3543957
3543971
3543972
3543988
3543989
3544043
3544046
3544047
3544061
3544062
3544078
3544079
3544132
3544133
3544136
3544137
3544151
3544152
3544168
3544169
3544222
3544226
3544227
3544241
3544242
3544258
3544259
3544294
3544312
3544316
3544317
3544331
3544332
3544348
3544349
3544402
3544406
3544407
3544421
3544422
3544438
3544492
3544493
3544496
3544497
3544511
3544512
3544528
3544582
3544583
3544586
3544587
3544601
3544602
3544618
3544672
3544673
3544676
3544677
3544691
3544692
3544762
3544763
3544766
3544767
3544777
3544778
3544781
3544782
3544852
3544853
3544856
3544857
3544867
3544871
3544872
3544942
3544943
3544946
3544947
3544961
3544962
3545032
3545033
3545036
3545037
3545051
3545052
3545122
3545123
3545126
3545127
3545141
3545142
3545212
3545213
3545216
3545217
3545231
3545232
3545302
3545303
3545306
3545321
3545392
3545393
3545396
3545411
3545412
3545482
3545483
3545486
3545501
3545502
3545573
3545662
3545663
3545681
3545746
3545747
3545748
3545749
3545771
3545772
3545837
3545838
3545839
3545840
3545841
3545842
3545844
3545845
3545846
3545847
3545848
3545849
3545850
3545851
3545852
3545853
3545854
3545855
3545856
3545857
3545858
3545859
3545861
3545862
3545863
3545864
3545865
3545866
3545927
3545928
3545929
3545930
3545932
3545933
3545934
3545935
3545936
3545937
3545938
3545939
3545941
3545942
3545943
3545944
3545945
3545946
3545947
3545948
3545949
3545950
3545951
3545952
3545953
3545954
3575520
3575521
3575522
3575525
3575526
3575527
3575528
3575529
3575530
3575531
3575532
3575533
3575534
3575538
3575539
3575540
3575541
3575542
3575543
3575544
3575545
3575546
3575549
3575557
3575558
3575559
3575560
3575561
3575562
3575564
3575565
3575566
3575567
3575568
3575569
3575570
3575571
3575572
3575573
3575574
3575575
3575576
3575577
3575579
3575580
3575583
3575584
3575585
3575586
3575587
3575588
3575589
3575590
3575591
3575592
3575639
3575640
3575715
3575717
3575728
3575729
3575730
3575894
3575896
3575906
3575928
3575931
3575936
3575986
3575987
3575996
3575998
3575999
3576000
3576021
3576024
3576026
3576086
3576090
3576111
3576113
3576116
3576166
3576180
3576201
3576206
3576256
3576257
3576269
3576270
3576291
3576294
3576295
3576296
3576347
3576356
3576359
3576360
3576436
3576449
3576469
3576536
3576539
3576561
3576565
3576566
3576629
3576651
3576654
3576655
3576656
3576704
3576716
3576718
3576719
3576741
3576743
3576745
3576746
3576748
3576806
3576809
3576819
3576828
3576829
3576831
3576835
3576896
3576898
3576899
3576919
3576921
3576988
3577011
3577013
3577015
3577016
3577018
3577076
3577089
3577101
3577179
3577189
3577191
3577256
3577449
3577459
3577468
3577526
3577539
3577551
3577555
3577558
3577616
3577641
3577642
3577645
3577646
3577647
3577706
3577719
3577729
3577731
3577734
3577735
3577738
3577796
3577809
3577821
3577824
3577825
3577826
3577827
3577828
3577886
3577909
3577917
3577976
3578156
3578179
3578246
3578336
3578426
3578449
3578457
3578516
3578606
3578696
3578786
3589227
3589239
3589240
3589406
3589416
3589419
3589420
3589489
3589497
3589505
3589509
3589510
3589573
3589599
3589600
3589662
3589676
3589677
3589689
3589690
3589747
3589748
3589749
3589850
3590017
3590022
3590036
3590049
3590050
3590107
3590112
3590119
3590126
3590135
3590139
3590140
3590196
3590197
3590202
3590229
3590307
3590319
3590320
3590377
3590410
3590486
3590496
3590499
3590557
3590570
3590586
3590589
3590590
3590641
3590642
3590643
3590644
3590646
3590647
3590659
3590675
3590676
3590679
3590757
3590769
3590770
3590822
3590860
3590863
3590866
3590867
3590877
3590912
3590956
3590957
3590968
3591041
3591116
3591117
3591131
3591132
3591149
3591184
3591185
3591186
3591202
3591217
3591222
3591239
3591292
3591293
3591297
3591307
3591311
3591312
3591328
3591382
3591383
3591397
3591402
3591419
3591450
3591472
3591473
3591476
3591487
3591491
3591492
3591508
3591531
3591540
3591562
3591563
3591566
3591567
3591577
3591581
3591582
3591598
3591599
3591621
3591630
3591633
3591634
3591635
3591636
3591652
3591653
3591689
3591720
3591723
3591742
3591743
3591761
3591762
3591778
3591779
3591812
3591813
3591832
3591833
3591852
3591869
3591904
3591922
3591942
3591958
3591994
3592012
3592013
3592016
3592017
3592031
3592032
3592049
3592085
3592102
3592106
3592121
3592122
3592138
3592139
3592174
3592192
3592193
3592197
3592211
3592212
3592229
3592264
3592282
3592283
3592287
3592302
3592353
3592354
3592355
3592372
3592373
3592377
3592391
3592392
3592408
3592443
3592444
3592445
3592462
3592463
3592467
3592477
3592499
3592534
3592535
3592552
3592553
3592556
3592557
3592567
3592571
3592572
3592589
3592624
3592625
3592642
3592643
3592646
3592647
3592657
3592661
3592662
3592678
3592679
3592714
3592715
3592732
3592736
3592737
3592747
3592748
3592768
3592769
3592804
3592805
3592822
3592826
3592837
3592858
3592912
3592913
3592917
3592927
3593002
3593003
3593006
3593007
3593021
3593022
3593092
3593093
3593097
3593112
3593182
3593183
3593187
3593201
3593202
3593272
3593273
3593276
3593291
3593292
3593362
3593363
3593367
3593377
3593452
3593453
3593456
3593457
3593467
3593471
3593472
3593542
3593543
3593562
3593632
3593633
3593636
3593637
3593651
3593652
3593722
3593723
3593812
3593813
3593816
3593817
3593902
3593903
3593906
3593921
3593922
3593992
3594012
3594082
3594083
3594101
3594102
3594172
3594173
3594262
3594263
3594346
3594348
3594349
3594350
3594371
3594372
3594450
3594462
3594467
3594534
3594535
3594536
3594537
3594538
3594539
3594540
3594541
3594542
3594552
3594553
3594554
3594555
3594557
3624120
3624121
3624131
3624132
3624133
3624134
3624135
3624136
3624137
3624138
3624139
3624140
3624141
3624149
3624153
3624156
3624159
3624163
3624164
3624165
3624166
3624167
3624168
3624169
3624170
3624171
3624172
3624173
3624174
3624175
3624176
3624178
3624180
3624181
3624183
3624184
3624185
3624186
3624187
3624188
3624189
3624190
3624191
3624239
3624240
3624241
3624315
3624328
3624329
3624330
3624348
3624357
3624494
3624496
3624506
3624508
3624510
3624536
3624586
3624587
3624598
3624599
3624600
3624619
3624624
3624626
3624677
3624686
3624713
3624714
3624766
3624776
3624779
3624780
3624803
3624806
3624856
3624857
3624866
3624869
3624870
3624894
3624947
3624956
3624959
3624960
3624979
3625036
3625046
3625049
3625069
3625136
3625139
3625140
3625166
3625214
3625226
3625228
3625229
3625230
3625256
3625304
3625316
3625318
3625319
3625343
3625346
3625397
3625406
3625409
3625427
3625429
3625492
3625494
3625495
3625496
3625498
3625499
3625519
3625523
3625528
3625586
3625588
3625611
3625613
3625616
3625676
3625689
3625706
3625766
3625770
3625789
3625856
3625869
3625946
3625959
3626036
3626049
3626059
3626063
3626068
3626126
3626156
3626158
3626216
3626229
3626243
3626246
3626306
3626319
3626329
3626338
3626426
3626428
3626508
3626576
3626666
3626756
3626779
3626846
3627026
3627048
3627049
3627116
3627206
3627296
3627386
3637569
3637659
3637660
3637736
3637749
3637826
3637839
3637840
3638006
3638016
3638019
3638020
3638089
3638097
3638105
3638196
3638277
3638286
3638289
3638290
3638349
3638352
3638353
3638456
3638457
3638470
3638527
3638540
3638560
3638649
3638719
3638727
3638735
3638739
3638740
3638887
3638906
3638907
3638920
3638977
3639067
3639099
3639150
3639177
3639189
3639190
3639240
3639241
3639242
3639243
3639244
3639259
3639275
3639357
3639358
3639369
3639370
3639461
3639467
3639468
3639477
3639551
3639554
3639557
3639558
3639626
3639642
3639712
3639717
3639727
3639731
3639732
3639748
3639749
3639802
3639817
3639822
3639839
3639892
3639896
3639897
3639907
3639911
3639912
3639928
3639929
3639982
3639983
3639997
3640002
3640019
3640072
3640073
3640076
3640087
3640091
3640092
3640108
3640131
3640162
3640163
3640166
3640167
3640177
3640181
3640182
3640199
3640221
3640233
3640234
3640252
3640272
3640289
3640323
3640342
3640343
3640361
3640362
3640378
3640379
3640412
3640413
3640432
3640452
3640504
3640522
3640526
3640541
3640594
3640612
3640616
3640617
3640627
3640631
3640632
3640648
3640702
3640717
3640721
3640722
3640738
3640739
3640774
3640792
3640793
3640797
3640807
3640811
3640812
3640828
3640829
3640864
3640882
3640883
3640887
3640897
3640919
3640954
3640955
3640956
3640972
3640973
3640977
3640987
3640991
3640992
3641008
3641061
3641062
3641063
3641067
3641077
3641099
3641152
3641153
3641156
3641157
3641167
3641171
3641172
3641189
3641242
3641246
3641247
3641257
3641278
3641279
3641332
3641336
3641337
3641347
3641348
3641351
3641368
3641405
3641406
3641422
3641423
3641426
3641437
3641458
3641459
3641512
3641513
3641517
3641527
3641528
3641602
3641603
3641606
3641607
3641617
3641621
3641622
3641692
3641693
3641697
3641707
3641711
3641712
3641782
3641783
3641786
3641787
3641797
3641801
3641872
3641873
3641876
3641887
3641891
3641892
3641962
3641963
3641967
3641977
3642052
3642053
3642056
3642057
3642071
3642072
3642142
3642143
3642147
3642162
3642232
3642233
3642237
3642322
3642323
3642341
3642342
3642502
3642503
3642521
3642522
3642592
3642682
3642683
3642701
3642772
3642773
3642791
3642792
3642862
3642863
3642971
3642972
3643038
3643062
3643068
3643127
3643128
3643134
3643136
3643137
3643142
3643151
3643152
3643154
3643155
3643157
3643158
3672720
3672722
3672723
3672724
3672725
3672727
3672728
3672729
3672731
3672732
3672734
3672735
3672736
3672737
3672738
3672742
3672743
3672749
3672761
3672762
3672766
3672767
3672768
3672769
3672770
3672773
3672774
3672775
3672776
3672777
3672779
3672781
3672783
3672785
3672786
3672787
3672788
3672789
3672790
3672791
3672839
3672914
3672915
3672928
3672929
3672930
3672948
3672949
3672957
3673016
3673106
3673110
3673186
3673187
3673196
3673198
3673199
3673200
3673219
3673222
3673224
3673226
3673277
3673286
3673290
3673366
3673376
3673379
3673403
3673406
3673456
3673466
3673469
3673470
3673489
3673496
3673556
3673559
3673636
3673646
3673649
3673736
3673739
3673740
3673762
3673826
3673829
3673830
3673849
3673856
3673904
3673916
3673918
3673919
3673920
3673946
3673994
3673997
3674006
3674009
3674029
3674096
3674098
3674099
3674100
3674119
3674128
3674188
3674190
3674216
3674276
3674280
3674370
3674389
3674392
3674396
3674456
3674460
3674469
3674546
3674636
3674658
3674659
3674666
3674668
3674726
3674756
3674758
3674820
3674829
3674839
3674846
3674906
3674919
3674928
3674929
3674932
3674938
3674996
3675028
3675086
3675108
3675109
3675176
3675379
3675446
3675536
3675649
3675654
3675806
3675896
3685880
3685970
3686060
3686149
3686169
3686246
3686259
3686260
3686349
3686427
3686439
3686440
3686526
3686606
3686619
3686620
3686689
3686697
3686705
3686706
3686709
3686710
3686769
3686786
3686796
3686859
3686886
3686889
3686890
3686947
3686948
3686949
3686953
3686954
3687037
3687043
3687056
3687057
3687070
3687127
3687133
3687229
3687230
3687249
3687327
3687340
3687397
3687403
3687506
3687507
3687519
3687577
3687583
3687598
3687599
3687610
3687680
3687686
3687770
3687841
3687842
3687843
3687844
3687845
3687875
3687949
3687958
3687965
3687970
3688060
3688068
3688069
3688150
3688158
3688159
3688226
3688241
3688242
3688312
3688327
3688331
3688332
3688348
3688349
3688402
3688417
3688439
3688492
3688496
3688497
3688507
3688511
3688512
3688528
3688582
3688583
3688597
3688602
3688619
3688672
3688676
3688687
3688691
3688731
3688741
3688742
3688762
3688766
3688767
3688777
3688781
3688782
3688798
3688799
3688821
3688831
3688832
3688852
3688867
3688872
3688889
3688921
3688922
3688923
3688942
3688946
3688947
3688957
3688961
3688962
3688979
3689011
3689012
3689013
3689032
3689047
3689052
3689122
3689137
3689141
3689142
3689158
3689194
3689212
3689216
3689217
3689227
3689231
3689232
3689249
3689302
3689306
3689317
3689322
3689338
3689339
3689374
3689392
3689393
3689396
3689397
3689407
3689411
3689412
3689428
3689429
3689464
3689482
3689483
3689497
3689519
3689554
3689555
3689556
3689557
3689572
3689573
3689577
3689587
3689591
3689592
3689608
3689661
3689662
3689663
3689667
3689677
3689699
3689752
3689756
3689757
3689767
3689771
3689788
3689789
3689842
3689846
3689847
3689857
3689862
3689878
3689879
3689932
3689933
3689936
3689937
3689947
3689951
3689968
3690006
3690022
3690023
3690026
3690037
3690041
3690042
3690059
3690109
3690110
3690112
3690113
3690117
3690127
3690128
3690149
3690202
3690203
3690206
3690207
3690217
3690221
3690292
3690293
3690297
3690307
3690311
3690312
3690382
3690383
3690386
3690387
3690397
3690401
3690472
3690473
3690476
3690487
3690491
3690492
3690562
3690563
3690567
3690577
3690652
3690653
3690656
3690657
3690667
3690671
3690672
3690742
3690743
3690762
3690832
3690833
3690837
3690922
3690923
3690941
3690942
3691103
3691121
3691122
3691192
3691193
3691282
3691283
3691301
3691372
3691373
3691391
3691392
3691463
3691572
3691635
3691638
3691639
3691662
3691724
3691725
3691728
3691729
3691734
3691735
3691736
3691737
3691738
3691742
3691750
3691754
3691755
3691758
3691759
3721320
3721321
3721324
3721326
3721327
3721328
3721329
3721330
3721331
3721332
3721333
3721334
3721342
3721347
3721349
3721353
3721356
3721359
3721362
3721373
3721374
3721375
3721379
3721384
3721385
3721386
3721387
3721388
3721389
3721390
3721391
3721515
3721529
3721530
3721550
3721557
3721696
3721706
3721708
3721786
3721798
3721799
3721800
3721819
3721820
3721822
3721823
3721824
3721825
3721890
3721913
3721915
3721966
3721979
3722003
3722005
3722006
3722056
3722069
3722089
3722091
3722093
3722095
3722096
3722159
3722183
3722234
3722236
3722249
3722250
3722269
3722272
3722339
3722359
3722361
3722362
3722364
3722366
3722414
3722428
3722429
3722430
3722451
3722452
3722455
3722457
3722504
3722518
3722519
3722520
3722538
3722539
3722543
3722594
3722597
3722606
3722609
3722629
3722633
3722636
3722637
3722698
3722699
3722700
3722719
3722721
3722723
3722727
3722788
3722790
3722813
3722816
3722817
3722880
3722899
3722901
3722902
3722903
3722989
3722992
3722994
3722996
3723056
3723060
3723146
3723150
3723169
3723177
3723240
3723259
3723261
3723263
3723266
3723267
3723330
3723351
3723353
3723356
3723420
3723439
3723440
3723441
3723442
3723447
3723510
3723519
3723529
3723532
3723533
3723537
3723538
3723596
3723686
3723709
3723870
3723960
3723979
3724050
3724140
3724230
3724248
3724249
3724320
3724410
3734570
3734590
3734660
3734677
3734749
3734756
3734769
3734846
3734859
3734860
3734946
3734949
3735026
3735027
3735036
3735040
3735126
3735206
3735216
3735219
3735220
3735279
3735289
3735297
3735305
3735306
3735309
3735310
3735373
3735396
3735399
3735459
3735463
3735490
3735547
3735548
3735549
3735553
3735637
3735645
3735656
3735657
3735669
3735670
3735727
3735733
3735817
3735823
3735825
3735826
3735827
3735828
3735829
3735907
3735926
3735927
3735939
3735940
3735996
3736003
3736087
3736106
3736107
3736120
3736177
3736210
3736267
3736272
3736273
3736287
3736289
3736299
3736352
3736357
3736362
3736363
3736379
3736441
3736442
3736443
3736445
3736446
3736549
3736556
3736557
3736558
3736560
3736561
3736562
3736563
3736564
3736565
3736566
3736569
3736570
3736629
3736660
3736670
3736748
3736754
3736760
3736761
3736802
3736803
3736841
3736842
3736892
3736912
3736916
3736917
3736927
3736931
3736932
3736948
3736949
3736980
3736984
3736985
3736986
3737002
3737017
3737039
3737074
3737075
3737076
3737077
3737092
3737096
3737097
3737107
3737112
3737128
3737129
3737164
3737165
3737166
3737167
3737182
3737197
3737202
3737219
3737252
3737253
3737254
3737255
3737256
3737257
3737272
3737276
3737287
3737291
3737292
3737308
3737331
3737340
3737342
3737343
3737345
3737346
3737362
3737377
3737381
3737382
3737398
3737399
3737421
3737452
3737467
3737542
3737557
3737561
3737562
3737578
3737579
3737632
3737647
3737669
3737702
3737722
3737726
3737737
3737741
3737742
3737793
3737794
3737812
3737816
3737817
3737827
3737832
3737848
3737849
3737883
3737884
3737902
3737917
3737938
3737939
3737973
3737974
3737992
3737996
3737997
3738007
3738011
3738012
3738028
3738029
3738082
3738083
3738097
3738119
3738154
3738155
3738156
3738157
3738172
3738173
3738177
3738187
3738191
3738192
3738208
3738259
3738260
3738261
3738262
3738267
3738277
3738299
3738352
3738356
3738357
3738367
3738371
3738372
3738388
3738442
3738443
3738446
3738447
3738457
3738478
3738479
3738532
3738533
3738536
3738537
3738547
3738606
3738607
3738622
3738623
3738626
3738637
3738641
3738642
3738659
3738707
3738708
3738709
3738710
3738711
3738712
3738713
3738717
3738727
3738749
3738802
3738803
3738806
3738807
3738817
3738821
3738892
3738893
3738907
3738911
3738912
3738982
3738983
3738986
3738987
3738997
3739001
3739072
3739073
3739076
3739087
3739162
3739163
3739167
3739177
3739247
3739248
3739249
3739250
3739251
3739256
3739257
3739272
3739342
3739343
3739432
3739433
3739437
3739452
3739522
3739523
3739541
3739612
3739613
3739702
3739703
3739721
3739722
3739792
3739793
3739882
3739883
3739901
3740062
3740067
3740068
3740069
3740070
3740071
3740072
3740073
3740074
3740075
3740076
3740077
3740235
3740240
3740262
3740264
3740324
3740325
3740330
3740331
3740334
3740335
3740336
3740337
3740338
3740339
3740342
3740348
3740349
3740350
3740355
3740359
3740360
3769920
3769921
3769925
3769926
3769927
3769928
3769929
3769930
3769931
3769932
3769933
3769937
3769943
3769944
3769945
3769946
3769947
3769949
3769950
3769951
3769952
3769954
3769955
3769957
3769960
3769963
3769967
3769968
3769972
3769974
3769975
3769976
3769977
3769979
3769981
3769983
3769984
3769985
3769986
3769987
3769988
3769989
3769990
3769991
3770102
3770108
3770109
3770115
3770129
3770130
3770229
3770241
3770245
3770246
3770293
3770294
3770310
3770330
3770331
3770333
3770336
3770383
3770384
3770386
3770396
3770398
3770399
3770400
3770419
3770420
3770421
3770422
3770424
3770425
3770426
3770473
3770474
3770486
3770490
3770499
3770511
3770513
3770515
3770516
3770563
3770564
3770566
3770576
3770579
3770580
3770589
3770601
3770603
3770605
3770653
3770654
3770666
3770669
3770689
3770691
3770693
3770743
3770756
3770759
3770760
3770769
3770781
3770783
3770833
3770834
3770836
3770846
3770849
3770850
3770871
3770872
3770873
3770875
3770876
3770923
3770924
3770936
3770939
3770959
3770960
3770961
3770962
3770963
3770964
3770965
3770966
3771013
3771014
3771026
3771029
3771030
3771039
3771051
3771052
3771053
3771054
3771055
3771056
3771103
3771104
3771116
3771118
3771119
3771129
3771141
3771143
3771146
3771194
3771197
3771198
3771200
3771202
3771203
3771206
3771209
3771219
3771220
3771223
3771227
3771229
3771231
3771237
3771238
3771288
3771289
3771290
3771291
3771292
3771293
3771294
3771295
3771296
3771298
3771299
3771309
3771319
3771321
3771327
3771328
3771386
3771388
3771390
3771399
3771411
3771413
3771415
3771416
3771476
3771480
3771489
3771500
3771501
3771506
3771566
3771570
3771579
3771589
3771590
3771591
3771592
3771593
3771594
3771596
3771656
3771660
3771669
3771683
3771746
3771759
3771773
3771777
3771778
3771836
3771840
3771849
3771859
3771861
3771863
3771867
3771868
3771926
3771930
3771939
3771951
3771953
3771955
3772016
3772020
3772029
3772039
3772040
3772041
3772042
3772045
3772047
3772048
3772110
3772119
3772130
3772131
3772132
3772134
3772135
3772137
3772138
3772196
3772209
3772220
3772221
3772222
3772223
3772227
3772286
3772309
3772313
3772376
3772466
3772470
3772556
3772560
3772569
3772579
3772646
3772650
3772736
3772740
3772826
3772830
3772848
3772849
3772855
3772856
3772916
3772920
3773006
3773031
3773032
3773034
3773124
3773214
3773305
3773395
3783080
3783170
3783190
3783276
3783277
3783349
3783356
3783369
3783459
3783460
3783546
3783549
3783606
3783627
3783636
3783640
3783696
3783726
3783787
3783788
3783789
3783794
3783806
3783816
3783819
3783820
3783878
3783884
3783885
3783889
3783897
3783905
3783906
3783910
3783966
3783972
3783973
3783974
3783975
3783979
3783996
3783999
3784056
3784057
3784058
3784059
3784076
3784077
3784147
3784148
3784149
3784237
3784256
3784257
3784269
3784270
3784327
3784335
3784417
3784422
3784425
3784430
3784512
3784515
3784526
3784527
3784535
3784596
3784597
3784602
3784719
3784720
3784799
3784810
3784866
3784872
3784887
3784899
3784953
3784956
3784957
3784962
3784965
3784966
3784967
3784968
3784969
3784977
3784978
3784979
3784989
3784990
3785041
3785044
3785045
3785046
3785047
3785052
3785055
3785056
3785057
3785058
3785059
3785066
3785068
3785069
3785142
3785144
3785145
3785149
3785158
3785159
3785160
3785161
3785162
3785163
3785164
3785165
3785170
3785271
3785317
3785318
3785331
3785348
3785354
3785355
3785360
3785361
3785362
3785367
3785402
3785403
3785404
3785458
3785490
3785492
3785517
3785527
3785532
3785548
3785549
3785580
3785617
3785639
3785674
3785675
3785696
3785697
3785707
3785712
3785728
3785729
3785761
3785764
3785797
3785802
3785819
3785850
3785851
3785852
3785853
3785854
3785876
3785887
3785888
3785891
3785908
3785930
3785931
3785932
3785933
3785940
3785941
3785962
3785967
3785977
3785981
3785982
3785998
3785999
3786020
3786021
3786022
3786030
3786031
3786067
3786072
3786089
3786121
3786157
3786161
3786162
3786178
3786211
3786247
3786252
3786302
3786322
3786326
3786337
3786341
3786342
3786358
3786359
3786393
3786412
3786416
3786417
3786427
3786431
3786432
3786448
3786449
3786481
3786483
3786502
3786506
3786517
3786538
3786571
3786572
3786573
3786597
3786607
3786611
3786612
3786628
3786629
3786682
3786697
3786719
3786754
3786755
3786756
3786773
3786777
3786787
3786791
3786792
3786808
3786862
3786867
3786877
3786899
3786967
3786988
3787043
3787046
3787047
3787057
3787061
3787062
3787078
3787079
3787133
3787136
3787137
3787147
3787223
3787226
3787227
3787237
3787241
3787242
3787258
3787259
3787307
3787311
3787312
3787313
3787317
3787327
3787349
3787403
3787406
3787407
3787417
3787421
3787422
3787438
3787493
3787507
3787511
3787512
3787583
3787586
3787587
3787597
3787601
3787602
3787673
3787676
3787687
3787691
3787692
3787762
3787763
3787777
3787848
3787849
3787850
3787851
3787856
3787857
3787872
3787942
3788033
3788051
3788122
3788123
3788141
3788142
3788212
3788213
3788231
3788302
3788322
3788392
3788393
3788482
3788483
3788501
3788572
3788573
3788591
3788592
3788663
3788667
3788668
3788669
3788670
3788671
3788672
3788673
3788674
3788675
3788676
3788677
3788835
3788841
3788858
3788864
3788871
3788924
3788930
3788931
3788932
3788941
3788942
3788948
3788949
3788954
3788960
3788961
3788962
3818520
3818521
3818522
3818523
3818524
3818525
3818526
3818528
3818529
3818530
3818531
3818533
3818534
3818535
3818536
3818537
3818538
3818539
3818540
3818541
3818542
3818543
3818544
3818545
3818547
3818550
3818551
3818552
3818553
3818554
3818555
3818556
3818557
3818560
3818561
3818562
3818563
3818564
3818565
3818566
3818567
3818568
3818571
3818572
3818580
3818582
3818583
3818584
3818585
3818586
3818587
3818588
3818589
3818590
3818640
3818702
3818707
3818708
3818730
3818737
3818738
3818804
3818846
3818893
3818894
3818896
3818906
3818910
3818931
3818936
3818983
3818986
3818996
3818998
3818999
3819000
3819019
3819021
3819023
3819073
3819086
3819090
3819111
3819113
3819163
3819166
3819176
3819179
3819201
3819253
3819266
3819269
3819289
3819296
3819343
3819356
3819359
3819360
3819433
3819436
3819446
3819449
3819469
3819476
3819523
3819536
3819539
3819540
3819562
3819566
3819568
3819613
3819626
3819629
3819630
3819649
3819651
3819652
3819656
3819658
3819703
3819716
3819719
3819729
3819741
3819748
3819794
3819806
3819809
3819829
3819833
3819838
3819883
3819888
3819889
3819890
3819892
3819896
3819898
3819899
3819909
3819919
3819921
3819926
3819928
3819986
3819988
3819990
3819999
3820011
3820016
3820076
3820089
3820103
3820104
3820106
3820166
3820170
3820179
3820189
3820192
3820194
3820195
3820196
3820256
3820260
3820269
3820346
3820350
3820359
3820378
3820436
3820440
3820449
3820459
3820461
3820466
3820468
3820526
3820530
3820539
3820551
3820553
3820556
3820616
3820620
3820629
3820639
3820641
3820648
3820706
3820710
3820719
3820729
3820731
3820733
3820734
3820738
3820796
3820809
3820821
3820823
3820825
3820826
3820886
3820909
3820976
3821006
3821008
3821066
3821070
3821092
3821095
3821096
3821156
3821179
3821187
3821188
3821246
3821250
3821336
3821340
3821368
3821426
3821430
3821448
3821449
3821454
3821455
3821456
3821457
3821458
3821516
3821520
3821541
3821542
3821544
3821546
3821606
3821631
3821632
3821634
3821719
3831680
3831770
3831789
3831790
3831859
3831870
3831871
3831872
3831873
3831874
3831875
3831876
3831877
3831949
3831969
3831970
3832027
3832059
3832060
3832117
3832227
3832297
3832387
3832406
3832420
3832497
3832505
3832567
3832575
3832576
3832577
3832578
3832579
3832580
3832599
3832657
3832662
3832665
3832666
3832667
3832668
3832669
3832676
3832677
3832690
3832747
3832755
3832756
3832757
3832758
3832759
3832760
3832837
3832845
3832846
3832847
3832848
3832849
3832856
3832857
3832869
3832870
3832934
3832935
3832960
3833017
3833024
3833027
3833028
3833029
3833030
3833112
3833114
3833130
3833131
3833132
3833133
3833134
3833135
3833140
3833197
3833202
3833204
3833287
3833292
3833307
3833319
3833320
3833377
3833384
3833385
3833386
3833387
3833388
3833389
3833399
3833474
3833475
3833476
3833477
3833486
3833489
3833499
3833550
3833551
3833562
3833564
3833568
3833569
3833577
3833579
3833589
3833590
3833641
3833642
3833645
3833652
3833669
3833670
3833741
3833742
3833744
3833756
3833757
3833759
3833760
3833761
3833762
3833763
3833764
3833765
3833770
3833832
3833842
3833872
3833916
3833932
3833941
3833942
3833954
3833955
3833962
3833963
3833967
3834002
3834003
3834041
3834094
3834112
3834127
3834148
3834202
3834217
3834239
3834275
3834292
3834296
3834297
3834307
3834312
3834329
3834364
3834365
3834382
3834397
3834419
3834452
3834454
3834472
3834476
3834487
3834491
3834508
3834531
3834562
3834577
3834581
3834582
3834599
3834621
3834652
3834667
3834689
3834742
3834757
3834761
3834762
3834778
3834779
3834832
3834847
3834869
3834922
3834926
3834937
3834958
3834959
3834993
3835012
3835016
3835017
3835031
3835032
3835048
3835049
3835083
3835102
3835106
3835117
3835121
3835138
3835139
3835172
3835173
3835192
3835196
3835197
3835207
3835211
3835212
3835228
3835229
3835282
3835297
3835319
3835355
3835356
3835357
3835372
3835376
3835377
3835387
3835391
3835392
3835462
3835467
3835477
3835482
3835498
3835499
3835552
3835567
3835571
3835572
3835588
3835642
3835643
3835647
3835657
3835661
3835662
3835678
3835679
3835732
3835733
3835747
3835751
3835822
3835823
3835826
3835837
3835841
3835842
3835858
3835859
3835907
3835911
3835912
3835913
3835927
3835949
3836002
3836003
3836007
3836017
3836022
3836038
3836092
3836093
3836107
3836182
3836186
3836187
3836197
3836201
3836202
3836272
3836273
3836276
3836287
3836362
3836363
3836372
3836447
3836448
3836449
3836450
3836451
3836452
3836453
3836456
3836457
3836471
3836472
3836542
3836543
3836632
3836633
3836651
3836722
3836723
3836742
3836812
3836902
3836903
3836921
3836992
3836993
3837082
3837083
3837101
3837172
3837173
3837191
3837192
3837262
3837263
3837267
3837268
3837269
3837270
3837271
3837272
3837273
3837274
3837275
3837276
3837277
3837281
3837343
3837344
3837345
3837346
3837347
3837348
3837349
3837350
3837351
3837352
3837357
3837435
3837442
3837457
3837458
3837464
3837472
3837473
3837525
3837531
3837532
3837533
3837534
3837535
3837536
3837537
3837538
3837539
3837540
3837541
3837542
3837546
3837547
3837548
3837554
3837555
3837561
3837562
3837563
3867120
3867121
3867122
3867123
3867124
3867125
3867126
3867127
3867131
3867132
3867134
3867135
3867136
3867137
3867138
3867139
3867140
3867142
3867143
3867144
3867145
3867146
3867147
3867148
3867149
3867150
3867151
3867152
3867153
3867154
3867155
3867156
3867157
3867158
3867159
3867160
3867161
3867162
3867163
3867165
3867166
3867167
3867168
3867169
3867170
3867172
3867173
3867175
3867177
3867178
3867179
3867181
3867182
3867183
3867184
3867185
3867186
3867187
3867189
3867190
3867240
3867302
3867306
3867307
3867315
3867322
3867323
3867327
3867332
3867336
3867337
3867345
3867357
3867416
3867493
3867494
3867496
3867506
3867510
3867531
3867536
3867575
3867583
3867586
3867596
3867600
3867619
3867621
3867622
3867623
3867626
3867665
3867673
3867686
3867690
3867713
3867716
3867755
3867763
3867764
3867776
3867779
3867780
3867801
3867803
3867806
3867853
3867854
3867866
3867869
3867870
3867889
3867893
3867896
3867943
3867944
3867956
3867959
3867984
3868033
3868046
3868049
3868050
3868069
3868073
3868076
3868123
3868136
3868139
3868140
3868159
3868162
3868168
3868213
3868226
3868229
3868249
3868251
3868252
3868253
3868256
3868258
3868303
3868316
3868319
3868320
3868329
3868339
3868341
3868343
3868346
3868348
3868393
3868394
3868397
3868398
3868406
3868409
3868429
3868433
3868434
3868438
3868484
3868495
3868496
3868499
3868519
3868523
3868526
3868574
3868586
3868590
3868599
3868609
3868611
3868613
3868616
3868664
3868676
3868680
3868689
3868699
3868703
3868704
3868706
3868754
3868766
3868770
3868779
3868789
3868796
3868844
3868856
3868860
3868869
3868879
3868886
3868888
3868934
3868946
3868950
3868959
3868969
3869024
3869036
3869040
3869049
3869059
3869061
3869063
3869064
3869066
3869114
3869126
3869130
3869139
3869149
3869151
3869153
3869156
3869204
3869216
3869229
3869243
3869244
3869246
3869248
3869294
3869306
3869310
3869329
3869331
3869333
3869334
3869336
3869384
3869396
3869409
3869423
3869474
3869486
3869516
3869518
3869576
3869580
3869600
3869601
3869602
3869603
3869604
3869606
3869666
3869670
3869692
3869693
3869696
3869756
3869760
3869779
3869788
3869850
3869876
3869936
3869940
3869959
3869963
3869964
3870026
3870030
3870048
3870049
3870051
3870052
3870054
3870056
3870058
3870116
3870120
3870141
3870144
3870146
3870206
3870229
3870232
3870234
3870236
3870296
3870319
3870322
3870324
3870386
3870476
3870566
3880190
3880203
3880205
3880280
3880293
3880294
3880295
3880296
3880297
3880383
3880384
3880385
3880386
3880387
3880389
3880390
3880459
3880470
3880473
3880474
3880475
3880476
3880477
3880480
3880562
3880569
3880570
3880650
3880651
3880652
3880653
3880654
3880655
3880659
3880660
3880740
3880742
3880744
3880745
3880749
3880807
3880827
3880830
3880831
3880834
3880835
3880839
3880840
3880897
3880921
3880924
3880926
3880987
3881006
3881009
3881014
3881019
3881020
3881077
3881084
3881085
3881100
3881101
3881167
3881174
3881175
3881176
3881177
3881178
3881179
3881180
3881189
3881190
3881191
3881193
3881194
3881257
3881276
3881277
3881280
3881285
3881347
3881353
3881354
3881370
3881372
3881373
3881374
3881437
3881443
3881456
3881457
3881459
3881460
3881461
3881462
3881463
3881464
3881465
3881469
3881470
3881535
3881536
3881550
3881552
3881553
3881554
3881555
3881560
3881617
3881625
3881626
3881627
3881628
3881629
3881630
3881639
3881641
3881643
3881645
3881707
3881726
3881727
3881730
3881732
3881733
3881739
3881740
3881797
3881803
3881804
3881819
3881820
3881822
3881823
3881825
3881829
3881907
3881910
3881911
3881912
3881913
3881914
3881915
3881999
3882000
3882004
3882005
3882006
3882090
3882099
3882100
3882177
3882179
3882180
3882181
3882182
3882183
3882184
3882185
3882189
3882190
3882241
3882242
3882244
3882246
3882247
3882269
3882341
3882342
3882343
3882344
3882357
3882426
3882432
3882473
3882525
3882533
3882534
3882542
3882546
3882554
3882555
3882563
3882564
3882567
3882568
3882602
3882603
3882716
3882717
3882732
3882748
3882802
3882839
3882875
3882892
3882896
3882897
3882911
3882912
3882928
3882929
3882961
3882964
3882982
3883019
3883051
3883052
3883053
3883054
3883072
3883076
3883087
3883091
3883131
3883141
3883162
3883177
3883181
3883182
3883198
3883199
3883221
3883222
3883231
3883252
3883267
3883272
3883289
3883342
3883347
3883357
3883362
3883379
3883411
3883432
3883447
3883469
3883503
3883522
3883526
3883537
3883542
3883558
3883559
3883591
3883612
3883616
3883617
3883627
3883631
3883632
3883648
3883649
3883681
3883683
3883702
3883717
3883738
3883739
3883771
3883772
3883773
3883792
3883796
3883797
3883807
3883828
3883829
3883861
3883882
3883897
3883919
3883956
3883957
3883972
3883976
3883977
3883987
3883991
3883992
3884062
3884072
3884073
3884074
3884075
3884076
3884077
3884098
3884099
3884152
3884162
3884163
3884167
3884171
3884188
3884242
3884246
3884247
3884252
3884253
3884257
3884261
3884262
3884278
3884279
3884332
3884333
3884342
3884343
3884347
3884351
3884368
3884404
3884405
3884406
3884407
3884422
3884423
3884432
3884433
3884437
3884441
3884442
3884458
3884459
3884494
3884507
3884508
3884511
3884512
3884513
3884522
3884523
3884524
3884525
3884526
3884527
3884549
3884602
3884603
3884617
3884621
3884638
3884692
3884693
3884728
3884782
3884801
3884872
3884873
3884957
3884962
3884963
3884970
3884972
3884973
3884974
3884975
3884976
3884977
3885048
3885049
3885050
3885051
3885052
3885053
3885062
3885063
3885064
3885067
3885071
3885072
3885142
3885143
3885152
3885153
3885154
3885155
3885156
3885157
3885232
3885242
3885243
3885244
3885245
3885246
3885247
3885322
3885323
3885332
3885333
3885334
3885335
3885336
3885337
3885412
3885413
3885423
3885424
3885425
3885426
3885427
3885502
3885503
3885521
3885522
3885592
3885593
3885682
3885683
3885701
3885772
3885773
3885791
3885862
3885863
3885867
3885868
3885869
3885870
3885871
3885872
3885873
3885874
3885875
3885876
3885877
3885881
3885943
3885944
3885945
3885946
3885947
3885948
3885949
3885950
3885951
3885952
3885953
3885957
3885971
3886043
3886056
3886073
3886125
3886133
3886134
3886135
3886136
3886137
3886138
3886139
3886140
3886141
3886142
3886145
3886146
3886154
3886155
3886163
3886164
3915720
3915721
3915722
3915723
3915724
3915725
3915726
3915727
3915728
3915729
3915732
3915733
3915734
3915735
3915736
3915737
3915740
3915741
3915742
3915743
3915744
3915745
3915746
3915747
3915748
3915749
3915750
3915751
3915752
3915753
3915754
3915755
3915756
3915757
3915758
3915759
3915760
3915761
3915762
3915763
3915764
3915765
3915766
3915767
3915768
3915769
3915770
3915771
3915772
3915775
3915777
3915779
3915780
3915781
3915782
3915783
3915784
3915785
3915786
3915787
3915788
3915789
3915790
3915906
3915915
3915923
3915929
3915930
3915932
3915936
3915945
3915953
3915954
3915958
3916004
3916016
3916044
3916093
3916094
3916106
3916110
3916136
3916175
3916183
3916196
3916199
3916200
3916218
3916219
3916222
3916223
3916265
3916273
3916286
3916289
3916316
3916355
3916363
3916376
3916379
3916398
3916399
3916403
3916406
3916445
3916453
3916466
3916469
3916488
3916489
3916493
3916535
3916543
3916556
3916559
3916579
3916633
3916646
3916649
3916650
3916668
3916669
3916672
3916723
3916736
3916739
3916759
3916766
3916768
3916813
3916826
3916830
3916851
3916853
3916856
3916857
3916903
3916916
3916919
3916938
3916939
3916941
3916943
3916946
3916947
3916948
3916993
3916994
3916997
3917006
3917025
3917029
3917033
3917037
3917038
3917084
3917096
3917099
3917119
3917121
3917123
3917126
3917127
3917174
3917186
3917190
3917199
3917208
3917209
3917211
3917213
3917216
3917264
3917276
3917289
3917299
3917303
3917306
3917354
3917366
3917370
3917379
3917388
3917389
3917392
3917444
3917456
3917460
3917469
3917478
3917479
3917486
3917488
3917546
3917550
3917559
3917569
3917578
3917636
3917640
3917649
3917659
3917663
3917666
3917714
3917726
3917739
3917753
3917756
3917758
3917804
3917816
3917820
3917829
3917839
3917841
3917842
3917843
3917846
3917848
3917894
3917906
3917910
3917919
3917928
3917929
3917931
3917933
3917934
3917936
3917984
3917996
3918074
3918086
3918109
3918116
3918118
3918176
3918180
3918198
3918200
3918201
3918202
3918203
3918204
3918206
3918266
3918270
3918289
3918290
3918291
3918298
3918356
3918360
3918378
3918379
3918380
3918381
3918386
3918388
3918446
3918450
3918468
3918472
3918473
3918476
3918536
3918559
3918563
3918566
3918568
3918626
3918649
3918652
3918653
3918656
3918743
3918746
3918806
3918829
3918832
3918833
3918836
3918896
3918919
3918922
3918923
3918986
3919012
3919013
3919076
3919166
3928790
3928880
3928989
3928990
3929055
3929070
3929080
3929169
3929170
3929260
3929336
3929413
3929426
3929429
3929439
3929440
3929497
3929505
3929595
3929596
3929597
3929598
3929599
3929609
3929619
3929620
3929685
3929686
3929687
3929688
3929689
3929690
3929710
3929767
3929772
3929773
3929774
3929775
3929776
3929777
3929778
3929779
3929780
3929789
3929857
3929862
3929863
3929864
3929865
3929876
3929889
3929890
3929940
3929947
3929952
3929955
3930030
3930037
3930042
3930043
3930044
3930045
3930057
3930059
3930070
3930132
3930160
3930217
3930222
3930223
3930224
3930238
3930239
3930249
3930307
3930312
3930313
3930339
3930340
3930390
3930397
3930402
3930403
3930404
3930416
3930419
3930480
3930492
3930494
3930507
3930520
3930582
3930583
3930584
3930598
3930672
3930673
3930674
3930675
3930699
3930762
3930763
3930764
3930779
3930790
3930840
3930841
3930842
3930843
3930844
3930845
3930846
3930847
3930852
3930854
3930855
3930942
3930959
3930970
3931022
3931025
3931032
3931044
3931045
3931049
3931064
3931074
3931111
3931112
3931124
3931125
3931142
3931154
3931155
3931164
3931165
3931167
3931168
3931203
3931212
3931241
3931259
3931290
3931312
3931316
3931317
3931322
3931324
3931326
3931348
3931380
3931402
3931412
3931415
3931416
3931470
3931475
3931492
3931496
3931497
3931502
3931503
3931507
3931512
3931528
3931529
3931560
3931564
3931582
3931592
3931652
3931654
3931672
3931682
3931683
3931691
3931708
3931731
3931740
3931762
3931781
3931782
3931799
3931821
3931830
3931867
3931942
3931957
3931962
3931978
3931979
3932010
3932012
3932032
3932047
3932069
3932102
3932103
3932122
3932137
3932142
3932158
3932159
3932191
3932192
3932193
3932212
3932216
3932217
3932227
3932232
3932248
3932283
3932302
3932317
3932322
3932338
3932370
3932372
3932373
3932392
3932397
3932407
3932428
3932460
3932462
3932497
3932550
3932552
3932553
3932554
3932555
3932556
3932557
3932577
3932587
3932592
3932642
3932645
3932646
3932647
3932662
3932672
3932673
3932674
3932675
3932676
3932677
3932732
3932733
3932734
3932735
3932736
3932737
3932752
3932756
3932762
3932763
3932764
3932766
3932767
3932788
3932820
3932822
3932823
3932824
3932825
3932826
3932827
3932842
3932847
3932852
3932853
3932855
3932856
3932857
3932861
3932862
3932878
3932910
3932912
3932913
3932914
3932915
3932916
3932917
3932932
3932942
3932952
3932968
3933000
3933002
3933004
3933005
3933006
3933007
3933022
3933032
3933033
3933034
3933035
3933036
3933058
3933090
3933094
3933095
3933107
3933108
3933111
3933112
3933122
3933123
3933124
3933125
3933126
3933127
3933184
3933202
3933203
3933212
3933213
3933214
3933215
3933216
3933292
3933302
3933303
3933304
3933305
3933306
3933307
3933312
3933382
3933383
3933392
3933393
3933394
3933395
3933396
3933397
3933472
3933473
3933482
3933483
3933484
3933485
3933486
3933487
3933492
3933557
3933562
3933563
3933570
3933572
3933573
3933574
3933575
3933648
3933649
3933650
3933651
3933662
3933742
3933743
3933752
3933832
3933833
3933842
3933922
3933923
3933932
3934012
3934013
3934022
3934023
3934024
3934025
3934026
3934027
3934102
3934103
3934113
3934114
3934115
3934116
3934117
3934192
3934193
3934203
3934204
3934205
3934206
3934207
3934282
3934283
3934292
3934293
3934294
3934295
3934296
3934297
3934372
3934373
3934462
3934463
3934467
3934469
3934470
3934471
3934472
3934473
3934474
3934475
3934542
3934543
3934544
3934545
3934546
3934547
3934548
3934549
3934550
3934551
3934552
3934557
3934734
3934735
3934736
3934737
3934738
3934739
3934740
3934741
3934745
3964320
3964321
3964322
3964323
3964324
3964325
3964326
3964328
3964330
3964331
3964332
3964333
3964334
3964336
3964337
3964338
3964339
3964340
3964341
3964342
3964343
3964344
3964345
3964346
3964347
3964348
3964349
3964350
3964351
3964352
3964353
3964354
3964355
3964356
3964357
3964358
3964359
3964360
3964361
3964362
3964363
3964364
3964365
3964366
3964367
3964368
3964371
3964372
3964373
3964374
3964376
3964377
3964378
3964380
3964381
3964382
3964383
3964384
3964385
3964386
3964387
3964389
3964410
3964439
3964440
3964500
3964505
3964515
3964529
3964545
3964554
3964558
3964590
3964595
3964644
3964693
3964694
3964706
3964710
3964728
3964775
3964783
3964799
3964800
3964820
3964821
3964822
3964824
3964825
3964865
3964873
3964911
3964915
3964955
3964963
3964980
3964998
3965001
3965003
3965005
3965006
3965045
3965053
3965069
3965070
3965088
3965089
3965091
3965093
3965095
3965135
3965143
3965160
3965181
3965183
3965185
3965187
3965188
3965225
3965233
3965250
3965268
3965269
3965271
3965272
3965276
3965277
3965278
3965315
3965323
3965340
3965361
3965362
3965365
3965367
3965368
3965405
3965413
3965414
3965430
3965440
3965451
3965452
3965453
3965455
3965456
3965457
3965458
3965503
3965504
3965516
3965520
3965538
3965541
3965543
3965545
3965546
3965547
3965548
3965593
3965594
3965597
3965606
3965631
3965633
3965635
3965637
3965638
3965684
3965696
3965700
3965718
3965719
3965721
3965723
3965725
3965726
3965727
3965728
3965774
3965777
3965786
3965790
3965799
3965808
3965811
3965813
3965815
3965817
3965818
3965864
3965867
3965880
3965889
3965901
3965902
3965903
3965904
3965954
3965957
3965970
3965979
3965988
3965992
3965994
3965997
3966044
3966047
3966060
3966069
3966078
3966086
3966087
3966134
3966137
3966150
3966159
3966171
3966173
3966177
3966224
3966227
3966240
3966249
3966258
3966259
3966261
3966263
3966264
3966266
3966267
3966314
3966317
3966330
3966339
3966351
3966356
3966357
3966358
3966404
3966407
3966416
3966420
3966429
3966439
3966440
3966441
3966443
3966444
3966445
3966447
3966448
3966497
3966510
3966519
3966528
3966529
3966533
3966534
3966596
3966610
3966611
3966612
3966613
3966614
3966615
3966616
3966617
3966686
3966708
3966712
3966714
3966716
3966767
3966780
3966798
3966801
3966802
3966803
3966804
3966857
3966870
3966891
3966898
3966947
3966960
3966979
3966984
3966986
3966988
3967037
3967046
3967050
3967068
3967071
3967072
3967076
3967078
3967127
3967136
3967140
3967161
3967162
3967163
3967164
3967166
3967168
3967230
3967249
3967251
3967252
3967253
3967254
3967256
3967316
3967320
3967341
3967342
3967343
3967344
3967346
3967406
3967410
3967431
3967432
3967433
3967434
3967496
3967519
3967521
3967523
3967524
3967586
3967676
3977308
3977309
3977387
3977388
3977389
3977390
3977398
3977399
3977400
3977401
3977402
3977473
3977475
3977476
3977477
3977478
3977479
3977480
3977488
3977489
3977490
3977491
3977492
3977499
3977567
3977568
3977569
3977582
3977589
3977655
3977666
3977679
3977680
3977756
3977769
3977770
3977859
3977860
3977917
3977925
3977929
3977949
3977950
3978000
3978007
3978039
3978040
3978090
3978105
3978116
3978130
3978196
3978197
3978209
3978219
3978220
3978277
3978285
3978296
3978297
3978309
3978310
3978367
3978372
3978373
3978374
3978375
3978386
3978387
3978399
3978400
3978457
3978462
3978476
3978489
3978490
3978540
3978541
3978547
3978552
3978579
3978580
3978630
3978637
3978642
3978656
3978658
3978659
3978670
3978720
3978727
3978732
3978759
3978760
3978810
3978822
3978836
3978837
3978838
3978839
3978849
3978907
3978912
3978927
3978929
3978939
3978940
3978990
3978991
3979002
3979030
3979080
3979092
3979119
3979120
3979170
3979177
3979182
3979196
3979197
3979198
3979199
3979209
3979267
3979272
3979287
3979357
3979362
3979389
3979440
3979441
3979443
3979444
3979445
3979446
3979447
3979452
3979480
3979531
3979542
3979556
3979557
3979558
3979632
3979647
3979648
3979710
3979711
3979713
3979714
3979715
3979717
3979718
3979719
3979720
3979721
3979722
3979723
3979724
3979725
3979726
3979727
3979728
3979729
3979730
3979731
3979732
3979735
3979736
3979738
3979739
3979740
3979741
3979743
3979744
3979746
3979747
3979748
3979749
3979751
3979752
3979755
3979756
3979759
3979760
3979761
3979762
3979763
3979764
3979765
3979766
3979767
3979768
3979769
3979802
3979812
3979826
3979858
3979890
3979891
3979892
3979893
3979894
3979902
3979916
3979948
3979980
3979982
3979983
3979984
3979985
3980006
3980007
3980008
3980010
3980012
3980021
3980038
3980070
3980072
3980073
3980074
3980096
3980097
3980098
3980100
3980102
3980111
3980128
3980160
3980163
3980164
3980186
3980187
3980188
3980190
3980192
3980201
3980218
3980250
3980251
3980277
3980278
3980280
3980282
3980291
3980292
3980308
3980331
3980340
3980341
3980352
3980353
3980354
3980355
3980356
3980357
3980358
3980359
3980360
3980361
3980367
3980368
3980369
3980370
3980371
3980372
3980373
3980374
3980375
3980376
3980377
3980381
3980398
3980421
3980422
3980430
3980457
3980458
3980460
3980462
3980463
3980464
3980465
3980466
3980467
3980471
3980488
3980520
3980522
3980546
3980548
3980550
3980553
3980554
3980555
3980556
3980557
3980561
3980562
3980578
3980610
3980612
3980638
3980640
3980642
3980645
3980646
3980647
3980651
3980668
3980700
3980726
3980727
3980728
3980730
3980732
3980733
3980737
3980758
3980790
3980791
3980808
3980809
3980810
3980811
3980816
3980817
3980818
3980819
3980820
3980821
3980822
3980827
3980832
3980848
3980906
3980912
3980913
3980914
3980915
3980916
3980917
3980922
3980938
3980970
3980971
3980996
3981002
3981007
3981028
3981060
3981062
3981086
3981092
3981093
3981094
3981095
3981096
3981097
3981101
3981102
3981118
3981150
3981152
3981176
3981182
3981186
3981187
3981191
3981192
3981208
3981240
3981242
3981252
3981253
3981254
3981255
3981256
3981257
3981258
3981259
3981260
3981261
3981262
3981267
3981268
3981269
3981270
3981272
3981275
3981276
3981277
3981281
3981298
3981330
3981332
3981352
3981356
3981357
3981358
3981360
3981362
3981371
3981388
3981420
3981421
3981422
3981442
3981446
3981447
3981448
3981450
3981452
3981461
3981462
3981478
3981512
3981532
3981536
3981537
3981538
3981540
3981542
3981551
3981568
3981600
3981602
3981626
3981627
3981628
3981630
3981632
3981641
3981642
3981658
3981692
3981693
3981694
3981707
3981708
3981709
3981710
3981711
3981712
3981716
3981717
3981718
3981719
3981720
3981721
3981722
3981748
3981780
3981782
3981783
3981784
3981802
3981806
3981810
3981812
3981838
3981870
3981871
3981872
3981873
3981874
3981892
3981893
3981900
3981902
3981928
3981960
3981963
3981964
3981982
3981983
3981990
3981992
3982001
3982018
3982072
3982073
3982080
3982082
3982091
3982157
3982158
3982159
3982161
3982162
3982163
3982168
3982170
3982171
3982172
3982248
3982249
3982250
3982251
3982252
3982253
3982262
3982271
3982342
3982343
3982352
3982361
3982432
3982433
3982442
3982451
3982522
3982523
3982532
3982541
3982603
3982604
3982605
3982606
3982607
3982612
3982613
3982617
3982618
3982620
3982622
3982631
3982696
3982698
3982699
3982700
3982701
3982702
3982703
3982721
3982792
3982793
3982811
3982882
3982883
3982918
3982972
3982991
3983008
3983062
3983067
3983068
3983069
3983070
3983071
3983072
3983081
3983142
3983143
3983144
3983145
3983146
3983147
3983148
3983149
3983150
3983152
3983157
3983171
3983232
3983233
3983235
3983236
3983237
3983239
3983240
3983243
3983247
3983248
3983250
3983258
3983259
3983261
3983264
3983266
3983267
3983268
3983276
3983321
3983322
3983323
3983324
3983325
3983326
3983327
3983328
3983329
3983330
3983331
3983332
3983333
3983334
3983335
3983336
3983337
3983338
3983339
3983340
3983341
3983342
3983343
3983344
3983345
3983346
3983347
3983348
3983349
3983350
3983351
3983352
3983353
3983354
3983355
3983356
3983357
3983358
3983359
3983360
3983361
3983362
3983363
3983364
3983365
4012920
4012921
4012922
4012923
4012924
4012925
4012926
4012927
4012928
4012929
4012930
4012931
4012932
4012934
4012935
4012936
4012937
4012938
4012939
4012940
4012941
4012942
4012943
4012944
4012945
4012946
4012947
4012948
4012949
4012950
4012951
4012952
4012953
4012954
4012955
4012956
4012957
4012958
4012959
4012960
4012961
4012962
4012963
4012964
4012965
4012966
4012967
4012968
4012969
4012970
4012971
4012973
4012974
4012975
4012976
4012977
4012978
4012979
4012981
4012982
4012983
4012984
4012985
4012986
4012987
4012988
4012989
4013010
4013021
4013024
4013030
4013036
4013040
4013042
4013048
4013054
4013056
4013063
4013066
4013068
4013100
4013101
4013102
4013103
4013104
4013105
4013106
4013107
4013108
4013109
4013110
4013111
4013114
4013115
4013119
4013122
4013123
4013125
4013128
4013129
4013130
4013131
4013132
4013133
4013134
4013135
4013136
4013140
4013141
4013143
4013145
4013146
4013148
4013152
4013154
4013155
4013156
4013157
4013190
4013191
4013192
4013195
4013196
4013197
4013198
4013202
4013203
4013204
4013205
4013207
4013208
4013209
4013210
4013211
4013212
4013213
4013214
4013215
4013216
4013217
4013218
4013220
4013221
4013222
4013223
4013224
4013225
4013226
4013227
4013228
4013229
4013230
4013231
4013232
4013233
4013234
4013235
4013236
4013237
4013238
4013240
4013241
4013242
4013243
4013245
4013246
4013248
4013249
4013285
4013286
4013287
4013288
4013289
4013290
4013292
4013293
4013294
4013297
4013298
4013299
4013300
4013301
4013302
4013303
4013304
4013305
4013306
4013310
4013311
4013312
4013313
4013314
4013315
4013316
4013317
4013318
4013319
4013320
4013321
4013322
4013323
4013324
4013325
4013326
4013327
4013328
4013330
4013331
4013332
4013335
4013336
4013375
4013376
4013377
4013378
4013379
4013380
4013381
4013382
4013383
4013384
4013387
4013388
4013389
4013390
4013391
4013392
4013393
4013394
4013395
4013396
4013400
4013401
4013402
4013403
4013404
4013405
4013406
4013407
4013408
4013409
4013410
4013411
4013412
4013413
4013414
4013415
4013416
4013417
4013418
4013419
4013420
4013421
4013422
4013423
4013426
4013465
4013466
4013467
4013468
4013469
4013471
4013472
4013473
4013474
4013477
4013478
4013479
4013480
4013481
4013482
4013483
4013484
4013485
4013486
4013490
4013491
4013492
4013493
4013494
4013495
4013496
4013497
4013498
4013499
4013500
4013501
4013502
4013503
4013504
4013505
4013506
4013507
4013508
4013511
4013512
4013513
4013516
4013555
4013556
4013557
4013558
4013559
4013561
4013562
4013563
4013564
4013567
4013568
4013569
4013570
4013571
4013572
4013573
4013574
4013575
4013576
4013580
4013581
4013582
4013583
4013584
4013585
4013586
4013587
4013588
4013589
4013590
4013591
4013592
4013593
4013594
4013595
4013596
4013597
4013598
4013601
4013602
4013603
4013604
4013606
4013645
4013646
4013647
4013648
4013649
4013650
4013651
4013652
4013653
4013654
4013657
4013658
4013659
4013660
4013661
4013662
4013663
4013664
4013665
4013666
4013670
4013671
4013672
4013673
4013674
4013675
4013676
4013677
4013678
4013679
4013680
4013681
4013682
4013683
4013684
4013685
4013686
4013687
4013688
4013689
4013691
4013693
4013694
4013735
4013736
4013737
4013738
4013739
4013740
4013741
4013742
4013743
4013744
4013747
4013748
4013749
4013750
4013751
4013752
4013753
4013754
4013755
4013756
4013760
4013761
4013762
4013763
4013764
4013765
4013766
4013767
4013768
4013769
4013770
4013771
4013772
4013773
4013774
4013775
4013776
4013777
4013778
4013780
4013781
4013782
4013783
4013784
4013785
4013825
4013826
4013827
4013828
4013829
4013830
4013831
4013832
4013833
4013834
4013837
4013838
4013839
4013840
4013841
4013842
4013843
4013844
4013845
4013846
4013850
4013851
4013852
4013853
4013854
4013855
4013856
4013857
4013858
4013859
4013860
4013861
4013862
4013863
4013864
4013865
4013866
4013867
4013868
4013869
4013870
4013871
4013872
4013873
4013874
4013875
4013915
4013916
4013917
4013918
4013919
4013920
4013921
4013922
4013923
4013924
4013927
4013928
4013929
4013930
4013931
4013932
4013933
4013934
4013935
4013936
4013940
4013941
4013942
4013943
4013944
4013945
4013946
4013947
4013948
4013949
4013950
4013951
4013952
4013953
4013954
4013955
4013956
4013957
4013958
4013960
4013961
4013962
4013963
4013964
4013965
4014005
4014006
4014007
4014008
4014009
4014010
4014011
4014012
4014013
4014014
4014017
4014018
4014019
4014020
4014021
4014022
4014023
4014024
4014025
4014026
4014030
4014031
4014032
4014033
4014034
4014035
4014036
4014037
4014038
4014039
4014040
4014041
4014042
4014043
4014044
4014045
4014046
4014047
4014048
4014051
4014052
4014053
4014054
4014055
4014096
4014097
4014098
4014099
4014100
4014101
4014102
4014103
4014104
4014107
4014108
4014109
4014110
4014111
4014112
4014113
4014114
4014115
4014116
4014120
4014121
4014122
4014123
4014124
4014125
4014126
4014127
4014128
4014129
4014130
4014131
4014132
4014133
4014134
4014135
4014136
4014137
4014138
4014141
4014142
4014143
4014144
4014145
4014191
4014192
4014193
4014194
4014197
4014198
4014199
4014200
4014201
4014202
4014203
4014204
4014205
4014206
4014210
4014211
4014212
4014213
4014214
4014215
4014216
4014217
4014218
4014219
4014220
4014221
4014222
4014223
4014224
4014225
4014226
4014227
4014228
4014231
4014233
4014234
4014235
4014281
4014282
4014283
4014284
4014287
4014288
4014289
4014290
4014291
4014292
4014293
4014294
4014295
4014296
4014300
4014301
4014302
4014303
4014304
4014305
4014306
4014307
4014308
4014309
4014310
4014311
4014312
4014313
4014314
4014315
4014316
4014317
4014318
4014321
4014322
4014323
4014324
4014325
4014371
4014372
4014373
4014374
4014377
4014378
4014379
4014380
4014381
4014382
4014383
4014384
4014385
4014386
4014390
4014391
4014392
4014393
4014394
4014395
4014396
4014397
4014398
4014399
4014400
4014401
4014402
4014403
4014404
4014405
4014406
4014407
4014408
4014411
4014412
4014413
4014414
4014415
4014417
4014418
4014461
4014462
4014463
4014464
4014467
4014468
4014469
4014470
4014471
4014472
4014473
4014474
4014475
4014476
4014480
4014481
4014482
4014483
4014484
4014485
4014486
4014487
4014488
4014489
4014490
4014491
4014492
4014493
4014494
4014495
4014496
4014497
4014498
4014500
4014501
4014502
4014503
4014504
4014505
4014507
4014508
4014551
4014552
4014553
4014554
4014557
4014558
4014559
4014560
4014561
4014562
4014563
4014564
4014565
4014566
4014570
4014571
4014572
4014573
4014574
4014575
4014576
4014577
4014578
4014579
4014580
4014581
4014582
4014583
4014584
4014585
4014586
4014587
4014588
4014590
4014591
4014592
4014593
4014594
4014595
4014596
4014597
4014598
4014642
4014643
4014644
4014647
4014648
4014649
4014650
4014651
4014652
4014653
4014654
4014655
4014656
4014660
4014661
4014662
4014663
4014664
4014665
4014666
4014667
4014668
4014669
4014670
4014671
4014672
4014673
4014674
4014675
4014676
4014677
4014678
4014680
4014681
4014682
4014683
4014684
4014685
4014686
4014687
4014688
4014732
4014733
4014734
4014737
4014738
4014739
4014740
4014741
4014742
4014743
4014744
4014745
4014746
4014750
4014751
4014752
4014753
4014754
4014755
4014756
4014757
4014758
4014759
4014760
4014761
4014762
4014763
4014764
4014765
4014766
4014767
4014768
4014771
4014772
4014773
4014774
4014777
4014778
4014822
4014823
4014824
4014827
4014828
4014829
4014830
4014831
4014832
4014833
4014834
4014835
4014836
4014840
4014841
4014842
4014843
4014844
4014845
4014846
4014847
4014848
4014849
4014850
4014851
4014852
4014853
4014854
4014855
4014856
4014857
4014858
4014861
4014862
4014863
4014866
4014868
4014912
4014913
4014914
4014917
4014918
4014919
4014920
4014921
4014922
4014923
4014924
4014925
4014926
4014930
4014931
4014932
4014933
4014934
4014935
4014936
4014937
4014938
4014939
4014940
4014941
4014942
4014943
4014944
4014945
4014946
4014947
4014948
4014951
4014952
4014956
4014958
4015003
4015004
4015007
4015008
4015009
4015010
4015011
4015012
4015013
4015014
4015015
4015016
4015020
4015021
4015022
4015023
4015024
4015025
4015026
4015027
4015028
4015029
4015030
4015031
4015032
4015033
4015034
4015035
4015036
4015037
4015038
4015040
4015041
4015042
4015044
4015045
4015046
4015048
4015093
4015094
4015097
4015098
4015099
4015100
4015101
4015102
4015103
4015104
4015105
4015106
4015110
4015111
4015112
4015113
4015114
4015115
4015116
4015117
4015118
4015119
4015120
4015121
4015122
4015123
4015124
4015125
4015126
4015127
4015128
4015130
4015131
4015132
4015135
4015136
4015137
4015138
4015183
4015184
4015187
4015188
4015189
4015190
4015191
4015192
4015193
4015194
4015195
4015196
4015200
4015201
4015202
4015203
4015204
4015205
4015206
4015207
4015208
4015209
4015210
4015211
4015212
4015213
4015214
4015215
4015216
4015217
4015218
4015220
4015221
4015222
4015224
4015225
4015226
4015227
4015228
4015273
4015274
4015277
4015278
4015279
4015280
4015281
4015282
4015283
4015284
4015285
4015286
4015290
4015291
4015292
4015293
4015294
4015295
4015296
4015297
4015298
4015299
4015300
4015301
4015302
4015303
4015304
4015305
4015306
4015307
4015308
4015310
4015311
4015312
4015314
4015316
4015318
4015364
4015367
4015368
4015369
4015370
4015371
4015372
4015373
4015374
4015375
4015376
4015380
4015381
4015382
4015383
4015384
4015385
4015386
4015387
4015388
4015389
4015390
4015391
4015392
4015393
4015394
4015395
4015396
4015397
4015398
4015400
4015401
4015402
4015403
4015404
4015405
4015406
4015408
4015457
4015458
4015459
4015460
4015461
4015462
4015463
4015464
4015465
4015466
4015470
4015471
4015472
4015473
4015474
4015475
4015476
4015477
4015478
4015479
4015480
4015481
4015482
4015483
4015484
4015485
4015486
4015487
4015488
4015494
4015495
4015496
4015498
4015547
4015548
4015549
4015550
4015551
4015552
4015553
4015554
4015555
4015556
4015560
4015561
4015562
4015563
4015564
4015565
4015566
4015567
4015568
4015569
4015570
4015571
4015572
4015573
4015574
4015575
4015576
4015577
4015578
4015581
4015583
4015585
4015637
4015638
4015639
4015640
4015641
4015642
4015643
4015644
4015645
4015646
4015650
4015651
4015652
4015653
4015654
4015655
4015656
4015657
4015658
4015659
4015660
4015661
4015662
4015663
4015664
4015665
4015666
4015667
4015668
4015671
4015673
4015675
4015676
4015677
4015727
4015728
4015729
4015730
4015731
4015732
4015733
4015734
4015735
4015740
4015741
4015742
4015743
4015744
4015745
4015746
4015747
4015748
4015749
4015750
4015751
4015752
4015753
4015754
4015755
4015756
4015757
4015758
4015761
4015763
4015765
4015817
4015825
4015830
4015831
4015832
4015833
4015834
4015835
4015836
4015837
4015838
4015839
4015840
4015841
4015842
4015843
4015844
4015845
4015846
4015847
4015848
4015853
4015855
4015915
4015916
4015920
4015921
4015922
4015923
4015924
4015925
4015926
4015927
4015928
4015929
4015930
4015931
4015932
4015933
4015934
4015935
4015936
4015937
4015938
4015941
4015943
4015944
4015945
4016005
4016006
4016010
4016011
4016012
4016013
4016014
4016015
4016016
4016017
4016018
4016019
4016020
4016021
4016022
4016023
4016033
4016034
4016035
4016095
4016096
4016100
4016101
4016102
4016103
4016104
4016186
4025906
4025907
4025996
4025997
4026072
4026073
4026074
4026075
4026099
4026164
4026165
4026176
4026177
4026189
4026190
4026252
4026254
4026279
4026280
4026358
4026359
4026369
4026370
4026424
4026425
4026431
4026432
4026434
4026435
4026448
4026449
4026511
4026512
4026515
4026516
4026521
4026522
4026523
4026524
4026536
4026537
4026539
4026540
4026549
4026600
4026601
4026605
4026606
4026607
4026626
4026627
4026629
4026630
4026639
4026640
4026690
4026691
4026692
4026693
4026718
4026719
4026780
4026781
4026782
4026791
4026792
4026793
4026794
4026795
4026820
4026870
4026871
4026874
4026875
4026876
4026877
4026881
4026882
4026883
4026884
4026896
4026897
4026910
4026960
4026961
4026962
4026963
4026964
4026965
4026966
4026967
4026971
4026972
4026973
4026986
4026987
4026989
4026999
4027000
4027050
4027051
4027052
4027053
4027054
4027055
4027056
4027057
4027061
4027062
4027076
4027077
4027078
4027079
4027089
4027090
4027140
4027141
4027142
4027143
4027144
4027145
4027146
4027147
4027170
4027179
4027180
4027230
4027231
4027232
4027233
4027234
4027236
4027241
4027242
4027256
4027257
4027270
4027320
4027321
4027322
4027323
4027326
4027327
4027331
4027332
4027350
4027359
4027411
4027412
4027413
4027414
4027421
4027422
4027436
4027437
4027438
4027439
4027449
4027450
4027500
4027501
4027503
4027504
4027505
4027506
4027507
4027511
4027512
4027529
4027530
4027540
4027590
4027591
4027592
4027593
4027594
4027595
4027680
4027681
4027682
4027683
4027691
4027709
4027719
4027720
4027770
4027771
4027774
4027776
4027809
4027810
4027860
4027861
4027863
4027865
4027866
4027871
4027900
4027950
4027951
4027953
4027955
4027956
4027957
4027961
4027979
4028040
4028041
4028042
4028043
4028044
4028045
4028046
4028051
4028052
4028069
4028079
4028131
4028141
4028142
4028158
4028159
4028220
4028221
4028223
4028226
4028227
4028231
4028232
4028242
4028246
4028247
4028248
4028249
4028251
4028252
4028257
4028260
4028261
4028264
4028265
4028266
4028267
4028268
4028272
4028273
4028274
4028275
4028276
4028277
4028278
4028279
4028311
4028313
4028319
4028320
4028321
4028322
4028323
4028324
4028325
4028326
4028327
4028328
4028329
4028330
4028331
4028332
4028333
4028334
4028337
4028340
4028341
4028344
4028347
4028349
4028350
4028351
4028355
4028356
4028357
4028358
4028359
4028362
4028363
4028364
4028365
4028366
4028367
4028368
4028369
4028400
4028401
4028411
4028412
4028426
4028427
4028441
4028458
4028459
4028490
4028491
4028501
4028502
4028504
4028505
4028506
4028508
4028509
4028510
4028511
4028512
4028516
4028517
4028518
4028519
4028520
4028532
4028549
4028580
4028581
4028593
4028594
4028595
4028596
4028597
4028598
4028599
4028600
4028606
4028607
4028608
4028609
4028610
4028611
4028612
4028622
4028638
4028639
4028670
4028671
4028672
4028684
4028685
4028686
4028687
4028688
4028690
4028691
4028698
4028699
4028700
4028701
4028702
4028711
4028712
4028728
4028729
4028760
4028761
4028782
4028791
4028792
4028801
4028802
4028818
4028850
4028851
4028878
4028881
4028891
4028892
4028931
4028940
4028941
4028951
4028952
4028958
4028962
4028971
4028981
4028982
4028999
4029021
4029030
4029031
4029043
4029044
4029071
4029072
4029088
4029089
4029120
4029121
4029122
4029136
4029137
4029138
4029139
4029140
4029141
4029161
4029162
4029178
4029179
4029210
4029211
4029212
4029221
4029222
4029223
4029224
4029225
4029226
4029227
4029228
4029229
4029230
4029231
4029232
4029236
4029237
4029238
4029239
4029240
4029241
4029251
4029268
4029269
4029300
4029301
4029311
4029312
4029313
4029314
4029315
4029320
4029321
4029322
4029326
4029327
4029328
4029329
4029330
4029331
4029332
4029342
4029358
4029359
4029390
4029391
4029410
4029411
4029412
4029416
4029417
4029418
4029419
4029431
4029448
4029449
4029480
4029481
4029496
4029497
4029498
4029499
4029500
4029501
4029502
4029506
4029512
4029538
4029539
4029570
4029571
4029572
4029582
4029583
4029584
4029585
4029586
4029587
4029588
4029589
4029590
4029591
4029592
4029628
4029629
4029660
4029661
4029671
4029672
4029673
4029674
4029675
4029676
4029677
4029678
4029679
4029680
4029681
4029682
4029701
4029702
4029718
4029719
4029750
4029751
4029761
4029762
4029763
4029764
4029765
4029766
4029767
4029768
4029769
4029791
4029792
4029808
4029809
4029840
4029841
4029842
4029851
4029852
4029853
4029854
4029855
4029862
4029881
4029882
4029898
4029899
4029930
4029931
4029932
4029947
4029949
4029971
4029972
4029988
4029989
4030020
4030021
4030022
4030034
4030035
4030036
4030040
4030041
4030042
4030078
4030079
4030110
4030111
4030112
4030122
4030123
4030127
4030128
4030129
4030142
4030151
4030152
4030168
4030169
4030200
4030201
4030214
4030215
4030220
4030229
4030230
4030231
4030232
4030258
4030259
4030291
4030348
4030349
4030380
4030381
4030382
4030421
4030422
4030438
4030439
4030470
4030471
4030511
4030512
4030528
4030592
4030602
4030618
4030662
4030663
4030665
4030666
4030667
4030668
4030669
4030670
4030676
4030677
4030678
4030679
4030680
4030681
4030682
4030754
4030755
4030756
4030757
4030758
4030761
4030762
4030763
4030766
4030767
4030768
4030769
4030770
4030771
4030772
4030781
4030782
4030843
4030844
4030845
4030846
4030849
4030850
4030851
4030852
4030856
4030857
4030858
4030859
4030860
4030861
4030862
4030871
4030872
4030932
4030933
4030934
4030935
4030937
4030938
4030939
4030940
4030941
4030942
4030943
4030946
4030947
4030948
4030949
4030950
4030951
4030952
4030961
4030962
4031021
4031022
4031023
4031026
4031027
4031028
4031029
4031030
4031031
4031032
4031033
4031036
4031037
4031038
4031039
4031040
4031041
4031042
4031051
4031052
4031111
4031112
4031114
4031115
4031116
4031117
4031118
4031119
4031120
4031121
4031122
4031123
4031126
4031127
4031128
4031129
4031130
4031131
4031132
4031141
4031142
4031201
4031203
4031204
4031205
4031206
4031207
4031208
4031209
4031210
4031211
4031212
4031213
4031216
4031217
4031231
4031232
4031293
4031294
4031295
4031296
4031297
4031298
4031299
4031300
4031301
4031302
4031303
4031322
4031382
4031383
4031384
4031385
4031386
4031387
4031388
4031389
4031390
4031391
4031392
4031471
4031472
4031473
4031474
4031475
4031476
4031477
4031478
4031479
4031480
4031518
4031561
4031563
4031564
4031565
4031566
4031567
4031568
4031569
4031572
4031578
4031579
4031580
4031581
4031582
4031591
4031592
4031653
4031654
4031655
4031656
4031657
4031658
4031661
4031667
4031668
4031669
4031670
4031671
4031672
4031681
4031682
4031742
4031743
4031744
4031745
4031746
4031747
4031756
4031757
4031771
4031772
4031831
4031832
4031833
4031834
4031835
4031836
4031840
4031841
4031842
4031844
4031845
4031846
4031847
4031848
4031849
4031850
4031851
4031852
4031853
4031854
4031855
4031856
4031857
4031858
4031859
4031860
4031861
4031862
4031863
4031864
4031865
4031866
4031867
4031868
4031869
4031870
4031872
4031873
4031874
4031875
4031923
4031924
4031925
4031930
4031932
4031933
4031934
4031935
4031936
4031937
4031938
4031939
4031940
4031941
4031942
4031943
4031944
4031945
4031946
4031947
4031948
4031949
4031950
4031951
4031952
4031953
4031954
4031955
4031956
4031957
4031958
4031960
4031961
4031962
4031963
4031964
4031965
4061520
4061521
4061522
4061523
4061524
4061525
4061526
4061527
4061528
4061529
4061530
4061532
4061533
4061534
4061535
4061536
4061537
4061538
4061539
4061540
4061541
4061542
4061543
4061544
4061545
4061546
4061547
4061548
4061549
4061550
4061551
4061552
4061553
4061554
4061555
4061556
4061557
4061558
4061559
4061560
4061561
4061562
4061563
4061564
4061565
4061566
4061567
4061568
4061569
4061570
4061571
4061572
4061575
4061576
4061577
4061578
4061579
4061580
4061581
4061582
4061583
4061584
4061585
4061586
4061587
4061588
4061610
4061611
4061620
4061622
4061623
4061624
4061625
4061626
4061627
4061628
4061629
4061630
4061637
4061638
4061640
4061641
4061642
4061643
4061644
4061645
4061646
4061647
4061648
4061649
4061650
4061651
4061652
4061653
4061654
4061655
4061656
4061657
4061658
4061659
4061660
4061661
4061662
4061663
4061665
4061667
4061668
4061669
4061670
4061700
4061701
4061702
4061703
4061704
4061705
4061706
4061707
4061708
4061709
4061711
4061712
4061713
4061714
4061715
4061716
4061717
4061730
4061731
4061732
4061733
4061734
4061735
4061736
4061737
4061738
4061739
4061740
4061741
4061742
4061743
4061744
4061745
4061746
4061747
4061748
4061749
4061750
4061751
4061752
4061753
4061754
4061757
4061758
4061759
4061760
4061790
4061791
4061792
4061793
4061794
4061795
4061796
4061797
4061798
4061799
4061801
4061802
4061803
4061804
4061805
4061806
4061807
4061808
4061822
4061823
4061824
4061825
4061826
4061827
4061828
4061829
4061830
4061831
4061832
4061833
4061834
4061835
4061836
4061837
4061838
4061839
4061840
4061841
4061842
4061843
4061844
4061847
4061848
4061849
4061850
4061883
4061884
4061885
4061895
4061896
4061897
4061928
4061929
4061930
4061973
4061974
4061975
4061985
4061986
4061987
4061998
4062018
4062019
4062020
4062063
4062064
4062065
4062075
4062076
4062077
4062108
4062109
4062110
4062153
4062154
4062155
4062165
4062166
4062167
4062198
4062199
4062200
4062243
4062244
4062245
4062255
4062256
4062257
4062288
4062289
4062290
4062333
4062334
4062335
4062345
4062346
4062347
4062378
4062379
4062380
4062423
4062424
4062425
4062435
4062436
4062437
4062468
4062469
4062470
4062513
4062514
4062515
4062525
4062526
4062527
4062558
4062559
4062560
4062603
4062604
4062605
4062615
4062616
4062617
4062648
4062649
4062650
4062705
4062706
4062707
4062738
4062739
4062740
4062795
4062796
4062797
4062828
4062829
4062830
4062885
4062886
4062887
4062918
4062919
4062920
4062975
4062976
4062977
4063008
4063009
4063010
4063065
4063066
4063067
4063098
4063099
4063100
4063155
4063156
4063157
4063168
4063188
4063189
4063190
4063245
4063246
4063247
4063258
4063259
4063278
4063279
4063280
4063335
4063336
4063337
4063348
4063349
4063350
4063368
4063369
4063370
4063425
4063426
4063427
4063438
4063439
4063440
4063458
4063459
4063460
4063515
4063516
4063517
4063528
4063529
4063530
4063548
4063549
4063550
4063605
4063606
4063607
4063618
4063619
4063620
4063638
4063639
4063640
4063695
4063696
4063697
4063708
4063709
4063710
4063728
4063729
4063730
4063785
4063786
4063787
4063798
4063799
4063800
4063818
4063819
4063820
4063875
4063876
4063877
4063888
4063889
4063890
4063908
4063909
4063910
4063965
4063966
4063967
4063978
4063979
4063980
4063998
4063999
4064000
4064001
4064002
4064055
4064056
4064057
4064068
4064069
4064070
4064088
4064089
4064090
4064091
4064092
4064094
4064145
4064146
4064147
4064158
4064159
4064160
4064178
4064179
4064180
4064181
4064182
4064184
4064187
4064188
4064235
4064236
4064237
4064248
4064249
4064250
4064268
4064269
4064270
4064271
4064272
4064273
4064274
4064276
4064277
4064326
4064327
4064338
4064339
4064358
4064359
4064360
4064361
4064362
4064363
4064364
4064428
4064429
4064430
4064448
4064449
4064450
4064451
4064452
4064453
4064454
4064518
4064519
4064520
4064538
4064539
4064540
4064541
4064542
4064543
4064544
4064608
4064609
4064610
4064631
4064633
4064634
4064700
4076929
4076930
4076931
4077531
4077621
4077622
4080440
4080441
4080442
4080443
4080452
4080453
4080454
4080455
4080469
4080470
4080471
4110120
4110121
4110122
4110123
4110124
4110125
4110126
4110127
4110128
4110129
4110131
4110132
4110133
4110134
4110145
4110146
4110147
4110148
4110155
4110160
4110161
4110162
4110163
4110164
4110165
4110166
4110167
4110168
4110169
4110170
4110171
4110172
4110173
4110174
4110176
4110177
4110178
4110179
4110180
4110181
4110182
4110184
4110185
4110187
4110188
4110329
4110330
4126131
4126221
4126222
4158720
4158721
4158722
4158723
4158724
4158725
4158726
4158727
4158728
4158729
4158730
4158733
4158734
4158735
4158736
4158737
4158738
4158739
4158740
4158741
4158742
4158743
4158744
4158745
4158746
4158747
4158748
4158750
4158752
4158753
4158759
4158760
4158761
4158762
4158763
4158766
4158767
4158768
4158769
4158770
4158771
4158772
4158773
4158774
4158775
4158776
4158777
4158778
4158779
4158780
4158781
4158782
4158783
4158785
4158786
4158787
4158840
4158929
4158930
4174731
4174821
4174822
4207320
4207321
4207322
4207323
4207324
4207325
4207326
4207329
4207330
4207331
4207332
4207333
4207334
4207335
4207336
4207337
4207338
4207339
4207340
4207341
4207342
4207343
4207344
4207345
4207346
4207347
4207348
4207349
4207350
4207355
4207356
4207358
4207361
4207363
4207366
4207367
4207369
4207370
4207371
4207372
4207373
4207374
4207375
4207376
4207377
4207378
4207379
4207380
4207381
4207382
4207383
4207384
4207385
4207386
4207387
4207439
4207440
4207529
4207530
4223331
4223421
4223422
4255920
4255921
4255922
4255923
4255924
4255926
4255927
4255928
4255929
4255930
4255931
4255932
4255933
4255934
4255935
4255936
4255937
4255938
4255939
4255940
4255941
4255942
4255943
4255944
4255945
4255946
4255947
4255948
4255949
4255952
4255953
4255954
4255955
4255958
4255959
4255961
4255964
4255965
4255966
4255967
4255969
4255972
4255973
4255974
4255975
4255976
4255977
4255978
4255979
4255980
4255982
4255983
4255984
4255985
4255986
4255987
4256039
4256040
4256129
4256130
4271931
4272021
4272022
4304520
4304521
4304522
4304524
4304525
4304526
4304527
4304528
4304529
4304530
4304531
4304532
4304533
4304534
4304535
4304536
4304537
4304538
4304539
4304540
4304541
4304542
4304543
4304544
4304545
4304546
4304547
4304548
4304549
4304551
4304552
4304553
4304554
4304555
4304556
4304557
4304558
4304560
4304561
4304563
4304564
4304566
4304568
4304569
4304570
4304572
4304574
4304575
4304577
4304578
4304579
4304580
4304581
4304582
4304583
4304584
4304585
4304586
4304640
4304729
4304730
4320531
4320621
4320622
4353120
4353121
4353122
4353123
4353124
4353125
4353126
4353127
4353128
4353129
4353130
4353131
4353132
4353133
4353134
4353135
4353136
4353137
4353138
4353139
4353140
4353141
4353142
4353143
4353144
4353145
4353146
4353147
4353148
4353149
4353150
4353151
4353152
4353153
4353154
4353155
4353156
4353157
4353158
4353159
4353160
4353162
4353165
4353166
4353168
4353169
4353171
4353172
4353174
4353176
4353177
4353178
4353179
4353180
4353181
4353182
4353183
4353184
4353186
4353188
4353239
4353240
4353329
4353330
4369131
4369221
4369222
4401720
4401721
4401722
4401723
4401724
4401725
4401726
4401727
4401728
4401729
4401730
4401731
4401732
4401733
4401734
4401735
4401736
4401737
4401738
4401739
4401740
4401741
4401742
4401743
4401744
4401745
4401746
4401747
4401748
4401749
4401750
4401751
4401752
4401753
4401754
4401755
4401756
4401757
4401758
4401759
4401760
4401761
4401762
4401764
4401765
4401767
4401768
4401770
4401771
4401772
4401774
4401776
4401777
4401778
4401779
4401780
4401781
4401782
4401783
4401784
4401785
4401786
4401789
4401839
4401929
4401930
4417731
4417821
4417822
4450320
4450321
4450322
4450323
4450324
4450325
4450326
4450327
4450328
4450329
4450330
4450331
4450332
4450333
4450334
4450335
4450336
4450337
4450338
4450339
4450340
4450341
4450342
4450343
4450344
4450345
4450346
4450347
4450348
4450349
4450350
4450351
4450352
4450353
4450354
4450355
4450356
4450357
4450358
4450359
4450360
4450361
4450362
4450363
4450365
4450366
4450368
4450369
4450370
4450372
4450373
4450377
4450378
4450379
4450380
4450381
4450382
4450383
4450384
4450385
4450386
4450387
4450388
4450439
4450440
4450529
4450530
4466422
4498920
4498921
4498922
4498923
4498924
4498925
4498926
4498927
4498928
4498929
4498930
4498931
4498932
4498933
4498934
4498935
4498936
4498937
4498938
4498939
4498940
4498941
4498942
4498943
4498944
4498945
4498946
4498947
4498948
4498949
4498950
4498951
4498952
4498953
4498954
4498955
4498956
4498957
4498958
4498959
4498960
4498961
4498962
4498963
4498964
4498965
4498967
4498969
4498970
4498971
4498973
4498974
4498975
4498976
4498977
4498978
4498979
4498980
4498981
4498982
4498983
4498984
4498985
4498986
4498987
4498988
4498989
4498990
4498991
4499039
4499040
4499129
4499130
4515022
4547520
4547521
4547522
4547523
4547524
4547525
4547526
4547527
4547528
4547529
4547530
4547531
4547532
4547533
4547534
4547535
4547536
4547537
4547538
4547539
4547540
4547541
4547542
4547543
4547544
4547545
4547546
4547547
4547548
4547549
4547550
4547551
4547552
4547553
4547554
4547555
4547556
4547557
4547558
4547559
4547560
4547561
4547562
4547563
4547564
4547565
4547566
4547567
4547568
4547569
4547570
4547571
4547572
4547575
4547576
4547577
4547578
4547579
4547580
4547581
4547582
4547583
4547584
4547585
4547586
4547587
4547588
4547589
4547590
4547591
4547639
4547640
4547729
4547730
4563622
4596120
4596121
4596122
4596123
4596124
4596125
4596126
4596127
4596128
4596129
4596130
4596131
4596132
4596133
4596134
4596135
4596136
4596137
4596138
4596139
4596140
4596141
4596142
4596143
4596144
4596145
4596146
4596147
4596148
4596149
4596150
4596151
4596152
4596153
4596154
4596155
4596156
4596157
4596158
4596159
4596160
4596161
4596162
4596163
4596164
4596165
4596166
4596167
4596168
4596169
4596170
4596171
4596172
4596173
4596174
4596176
4596177
4596178
4596179
4596180
4596181
4596182
4596183
4596184
4596185
4596186
4596187
4596188
4596189
4596190
4596191
4596192
4596194
4596240
4596329
4596330
4612222
4644720
4644721
4644722
4644723
4644724
4644725
4644726
4644727
4644728
4644729
4644730
4644731
4644732
4644733
4644734
4644735
4644736
4644737
4644738
4644739
4644740
4644741
4644742
4644743
4644744
4644745
4644746
4644747
4644748
4644749
4644750
4644752
4644753
4644754
4644755
4644756
4644757
4644758
4644759
4644760
4644761
4644762
4644763
4644764
4644765
4644766
4644767
4644768
4644769
4644770
4644771
4644772
4644774
4644775
4644777
4644778
4644779
4644780
4644781
4644782
4644783
4644784
4644785
4644786
4644787
4644788
4644789
4644790
4644791
4644792
4644793
4644840
4644929
4644930
4660822
4693320
4693321
4693322
4693323
4693324
4693325
4693326
4693327
4693328
4693329
4693330
4693331
4693332
4693333
4693334
4693335
4693336
4693337
4693338
4693339
4693340
4693341
4693342
4693343
4693344
4693345
4693346
4693347
4693348
4693349
4693350
4693351
4693352
4693353
4693354
4693355
4693356
4693357
4693358
4693359
4693360
4693361
4693362
4693363
4693364
4693365
4693366
4693367
4693368
4693369
4693370
4693371
4693372
4693373
4693375
4693376
4693377
4693378
4693379
4693380
4693381
4693382
4693383
4693384
4693385
4693386
4693387
4693388
4693389
4693390
4693391
4693392
4693393
4693439
4693529
4693530
4709422
4741920
4741921
4741922
4741923
4741924
4741925
4741926
4741927
4741928
4741929
4741930
4741931
4741932
4741933
4741934
4741935
4741936
4741937
4741938
4741939
4741940
4741941
4741942
4741943
4741944
4741945
4741946
4741947
4741948
4741949
4741950
4741952
4741953
4741954
4741955
4741956
4741957
4741958
4741959
4741960
4741961
4741962
4741963
4741964
4741965
4741966
4741967
4741968
4741969
4741970
4741971
4741973
4741974
4741975
4741976
4741977
4741978
4741979
4741980
4741981
4741982
4741983
4741984
4741985
4741986
4741987
4741988
4741989
4741990
4741991
4741992
4741993
4742039
4742129
4742130
4758022
4790520
4790521
4790522
4790523
4790524
4790525
4790526
4790527
4790528
4790529
4790530
4790531
4790532
4790533
4790534
4790535
4790536
4790537
4790538
4790539
4790540
4790541
4790542
4790543
4790544
4790545
4790546
4790547
4790548
4790549
4790550
4790552
4790553
4790554
4790555
4790556
4790557
4790558
4790559
4790560
4790561
4790562
4790563
4790564
4790565
4790566
4790567
4790568
4790569
4790570
4790571
4790572
4790573
4790574
4790575
4790576
4790577
4790578
4790579
4790580
4790581
4790582
4790583
4790584
4790585
4790586
4790587
4790588
4790589
4790590
4790591
4790592
4790639
4790729
4790730
4806622
4839120
4839121
4839122
4839123
4839124
4839125
4839126
4839127
4839128
4839129
4839130
4839131
4839132
4839133
4839134
4839135
4839136
4839137
4839138
4839139
4839140
4839141
4839142
4839143
4839144
4839145
4839146
4839147
4839148
4839149
4839150
4839152
4839153
4839154
4839155
4839156
4839157
4839158
4839159
4839160
4839161
4839162
4839163
4839164
4839165
4839166
4839167
4839168
4839169
4839170
4839171
4839172
4839173
4839174
4839175
4839176
4839177
4839178
4839179
4839180
4839181
4839182
4839183
4839184
4839185
4839186
4839187
4839188
4839189
4839190
4839191
4839192
4839329
4839330
4855222
4887720
4887721
4887722
4887723
4887724
4887725
4887726
4887727
4887728
4887729
4887730
4887731
4887732
4887733
4887734
4887735
4887736
4887737
4887738
4887739
4887740
4887741
4887742
4887743
4887744
4887745
4887746
4887747
4887748
4887749
4887750
4887751
4887752
4887753
4887754
4887755
4887756
4887757
4887758
4887759
4887760
4887761
4887762
4887763
4887764
4887765
4887766
4887767
4887768
4887769
4887770
4887771
4887772
4887773
4887774
4887775
4887776
4887777
4887778
4887779
4887780
4887781
4887782
4887783
4887784
4887785
4887786
4887787
4887788
4887789
4887790
4887791
4887839
4887929
4887930
4901459
4901549
4901639
4901729
4901908
4901909
4901999
4902268
4902358
4902448
4902538
4902628
4902718
4902808
4902898
4903078
4903259
4936320
4936321
4936322
4936323
4936324
4936325
4936326
4936327
4936328
4936329
4936330
4936331
4936332
4936333
4936334
4936335
4936336
4936337
4936338
4936339
4936340
4936341
4936342
4936343
4936344
4936345
4936346
4936347
4936348
4936349
4936350
4936352
4936353
4936354
4936355
4936356
4936357
4936358
4936359
4936360
4936361
4936362
4936363
4936364
4936365
4936366
4936367
4936368
4936369
4936370
4936371
4936372
4936373
4936374
4936375
4936376
4936377
4936378
4936379
4936380
4936381
4936382
4936383
4936384
4936385
4936386
4936387
4936388
4936389
4936390
4936391
4936439
4936529
4936530
4950152
4950153
4950154
4950155
4950156
4950157
4950158
4950159
4950160
4950161
4950162
4950163
4950164
4950165
4950166
4950167
4950168
4950169
4950170
4950171
4950172
4950174
4950175
4950176
4950177
4950239
4950240
4950241
4950329
4950332
4950509
4950511
4950599
4950602
4950779
4950872
4950959
4951048
4951049
4951138
4951139
4951228
4951318
4951319
4951408
4951498
4951499
4951611
4951612
4951678
4951679
4951681
4951682
4951701
4951702
4951703
4951704
4951768
4951769
4951770
4951771
4951772
4951774
4951775
4951776
4951777
4951778
4951779
4951780
4951781
4951782
4951783
4951785
4951786
4951787
4951788
4951789
4951790
4951792
4951793
4951794
4951795
4951796
4951798
4951859
4952422
4984920
4984921
4984922
4984923
4984924
4984925
4984926
4984927
4984928
4984929
4984930
4984931
4984932
4984933
4984934
4984935
4984936
4984937
4984938
4984939
4984940
4984941
4984942
4984943
4984944
4984945
4984946
4984947
4984948
4984949
4984950
4984952
4984953
4984954
4984955
4984956
4984957
4984958
4984959
4984960
4984961
4984962
4984963
4984964
4984965
4984966
4984967
4984968
4984969
4984970
4984971
4984972
4984973
4984974
4984975
4984976
4984977
4984978
4984979
4984980
4984981
4984982
4984983
4984984
4984985
4984986
4984987
4984988
4984989
4984990
4985039
4985040
4985129
4985130
4998659
4998749
4998839
4998929
4999109
4999199
4999469
4999558
4999739
4999828
4999918
5000008
5000009
5000098
5000189
5000278
5000279
5000387
5000388
5000389
5000390
5000392
5000393
5000394
5000395
5000396
5000459
5000932
5000933
5001021
5001022
5033520
5033521
5033522
5033523
5033524
5033525
5033526
5033527
5033528
5033529
5033530
5033531
5033532
5033533
5033534
5033535
5033536
5033537
5033538
5033539
5033540
5033541
5033542
5033543
5033544
5033545
5033546
5033547
5033548
5033549
5033550
5033551
5033552
5033553
5033554
5033555
5033556
5033557
5033558
5033559
5033560
5033561
5033562
5033563
5033564
5033565
5033566
5033567
5033568
5033569
5033571
5033572
5033573
5033574
5033575
5033576
5033577
5033578
5033579
5033580
5033581
5033582
5033583
5033584
5033585
5033586
5033587
5033588
5033589
5033639
5033729
5033730
5048993
5049532
5049622
5049712
5082120
5082121
5082122
5082123
5082124
5082125
5082126
5082127
5082128
5082129
5082130
5082131
5082132
5082133
5082134
5082135
5082136
5082137
5082138
5082139
5082140
5082141
5082142
5082143
5082144
5082145
5082146
5082147
5082148
5082149
5082150
5082152
5082153
5082154
5082155
5082156
5082157
5082158
5082159
5082160
5082161
5082162
5082163
5082164
5082165
5082166
5082167
5082169
5082170
5082171
5082172
5082173
5082174
5082175
5082176
5082177
5082178
5082179
5082180
5082181
5082182
5082183
5082184
5082185
5082186
5082187
5082188
5082189
5082240
5082329
5082330
5098132
5098222
5098312
5130720
5130721
5130722
5130723
5130724
5130725
5130726
5130727
5130728
5130729
5130730
5130731
5130732
5130733
5130734
5130735
5130736
5130737
5130738
5130739
5130740
5130741
5130742
5130743
5130744
5130745
5130746
5130747
5130748
5130749
5130750
5130752
5130753
5130754
5130755
5130756
5130757
5130758
5130759
5130760
5130761
5130762
5130763
5130764
5130765
5130766
5130767
5130768
5130769
5130770
5130771
5130772
5130773
5130774
5130775
5130776
5130777
5130778
5130779
5130780
5130781
5130782
5130783
5130784
5130785
5130786
5130787
5130788
5130839
5130840
5130929
5130930
5146732
5179320
5179321
5179322
5179323
5179324
5179325
5179326
5179327
5179328
5179329
5179330
5179331
5179332
5179333
5179334
5179335
5179336
5179337
5179338
5179339
5179340
5179341
5179342
5179343
5179344
5179345
5179346
5179347
5179348
5179349
5179350
5179351
5179352
5179353
5179354
5179355
5179356
5179357
5179358
5179359
5179360
5179361
5179362
5179363
5179364
5179365
5179366
5179367
5179368
5179369
5179370
5179371
5179372
5179373
5179374
5179375
5179376
5179377
5179378
5179379
5179380
5179381
5179382
5179383
5179384
5179385
5179386
5179387
5179388
5179439
5179529
5179530
5193629
5193719
5193809
5193899
5193989
5194079
5194169
5194259
5194349
5194439
5195330
5195332
5195333
5195420
5195421
5195510
5195511
5195512
5227920
5227921
5227937
5227938
5227939
5227940
5227941
5227942
5227943
5227944
5227945
5227946
5227947
5227948
5227949
5227950
5227951
5227952
5227953
5227954
5227955
5227956
5227957
5227958
5227959
5227960
5227961
5227962
5227963
5227964
5227965
5227966
5227967
5227968
5227969
5227970
5227971
5227972
5227973
5227974
5227975
5227976
5227977
5227978
5227979
5227980
5227981
5227982
5227983
5227984
5227985
5227986
5227987
5228039
5228129
5228130
5241959
5242048
5242049
5242137
5242138
5242139
5242227
5242228
5242229
5242317
5242318
5242319
5242407
5242408
5242409
5242497
5242498
5242499
5242587
5242588
5242589
5242677
5242678
5242679
5242767
5242768
5242769
5242857
5242858
5242859
5242947
5242948
5242949
5243037
5243038
5243039
5243127
5243128
5243217
5243218
5243930
5244020
5244110
5244111
5244112
5276520
5276521
5276522
5276523
5276524
5276525
5276526
5276527
5276528
5276529
5276530
5276531
5276532
5276533
5276534
5276535
5276536
5276537
5276538
5276539
5276540
5276541
5276542
5276543
5276544
5276545
5276546
5276547
5276548
5276549
5276550
5276551
5276552
5276553
5276554
5276555
5276557
5276558
5276559
5276560
5276561
5276562
5276563
5276564
5276565
5276566
5276567
5276568
5276569
5276570
5276571
5276572
5276573
5276574
5276575
5276576
5276577
5276578
5276579
5276580
5276581
5276582
5276583
5276584
5276585
5276586
5276587
5276639
5276640
5276729
5276730
5290737
5290827
5290917
5291007
5291097
5291187
5291277
5291367
5291457
5291547
5291637
5291727
5291817
5325120
5325121
5325122
5325123
5325124
5325125
5325126
5325127
5325128
5325129
5325130
5325131
5325132
5325133
5325134
5325135
5325136
5325137
5325138
5325139
5325140
5325141
5325142
5325143
5325144
5325145
5325146
5325147
5325148
5325149
5325150
5325151
5325152
5325153
5325154
5325155
5325156
5325157
5325158
5325159
5325160
5325161
5325162
5325163
5325164
5325165
5325166
5325167
5325168
5325169
5325170
5325171
5325172
5325173
5325174
5325175
5325176
5325177
5325178
5325179
5325180
5325181
5325182
5325183
5325184
5325185
5325186
5325239
5325240
5325329
5325330
5373720
5373721
5373722
5373723
5373724
5373725
5373726
5373727
5373728
5373729
5373730
5373731
5373732
5373733
5373734
5373735
5373736
5373737
5373738
5373739
5373740
5373741
5373742
5373743
5373744
5373745
5373746
5373747
5373748
5373749
5373750
5373752
5373753
5373754
5373755
5373756
5373757
5373758
5373759
5373760
5373761
5373762
5373763
5373764
5373765
5373766
5373767
5373768
5373769
5373770
5373771
5373772
5373773
5373774
5373775
5373776
5373777
5373778
5373779
5373780
5373781
5373782
5373783
5373784
5373785
5373839
5373840
5373929
5373930
5422320
5422321
5422322
5422323
5422324
5422325
5422326
5422327
5422328
5422329
5422330
5422331
5422332
5422333
5422334
5422335
5422336
5422337
5422338
5422340
5422341
5422342
5422343
5422344
5422345
5422346
5422347
5422348
5422349
5422350
5422351
5422352
5422353
5422354
5422355
5422356
5422357
5422358
5422359
5422361
5422362
5422363
5422364
5422365
5422366
5422367
5422368
5422369
5422370
5422371
5422372
5422373
5422374
5422375
5422376
5422377
5422378
5422379
5422380
5422381
5422382
5422383
5422384
5422385
5422386
5422439
5422529
5422530
5437623
5437640
5437641
5437649
5437650
5437802
5437820
5437821
5437829
5437830
5440952
5440953
5440970
5440971
5470920
5470921
5470922
5470923
5470924
5470925
5470926
5470927
5470928
5470929
5470930
5470931
5470932
5470933
5470934
5470935
5470936
5470937
5470938
5470939
5470940
5470941
5470942
5470943
5470944
5470945
5470946
5470947
5470948
5470949
5470950
5470951
5470952
5470953
5470954
5470955
5470956
5470957
5470958
5470959
5470960
5470961
5470962
5470963
5470964
5470965
5470966
5470967
5470968
5470969
5470970
5470971
5470972
5470973
5470974
5470975
5470976
5470977
5470978
5470979
5470980
5470981
5470982
5470983
5470984
5470985
5470986
5470987
5471039
5471040
5471129
5471130
5475513
5475514
5475515
5475516
5475517
5475518
5475523
5475524
5475525
5475526
5475527
5475528
5475529
5475530
5475531
5475532
5475533
5475534
5475535
5475536
5475537
5475538
5475539
5475540
5475603
5475604
5475605
5475606
5475607
5475608
5475613
5475614
5475615
5475616
5475617
5475618
5475619
5475620
5475621
5475622
5475624
5475625
5475626
5475627
5475628
5475629
5475630
5475696
5475698
5475710
5475715
5475717
5475718
5475719
5475720
5475800
5475802
5476071
5476161
5476250
5476251
5476340
5476341
5476430
5476431
5476520
5476521
5476610
5476611
5476700
5476701
5476790
5476791
5476880
5476881
5476970
5476971
5477060
5477061
5477150
5477151
5477238
5477239
5477240
5477241
5477316
5477330
5477331
5477339
5477340
5477420
5477421
5477510
5477511
5477600
5477601
5477690
5477691
5477780
5477781
5477870
5477871
5477960
5477961
5478050
5478051
5478134
5478141
5478228
5478230
5478231
5478320
5478321
5478410
5478411
5478412
5478500
5478501
5478590
5478591
5478680
5478681
5478770
5478771
5478860
5478861
5478950
5478951
5478969
5478970
5478971
5479020
5479021
5479022
5479025
5479028
5479031
5479032
5479033
5479034
5479035
5479036
5479037
5479038
5479039
5479040
5479041
5479042
5479043
5479044
5479045
5479046
5479047
5479048
5479049
5479056
5479057
5479058
5479059
5479063
5479064
5479115
5479121
5479122
5479123
5479126
5479127
5479128
5479130
5479131
5479132
5479133
5479134
5479135
5479136
5479137
5479138
5479141
5479142
5479146
5479147
5479148
5479221
5479222
5479223
5479224
5479225
5479226
5479227
5479228
5479318
5479402
5479492
5479582
5479762
5484710
5484711
5484712
5484801
5484899
5484900
5484901
5484989
5484990
5484991
5485068
5485069
5485070
5485152
5485153
5485154
5485169
5485171
5485233
5485236
5485242
5485243
5485244
5485245
5485246
5485247
5485248
5485249
5485250
5485251
5485252
5485259
5485260
5485261
5485262
5485264
5485322
5485323
5485324
5485327
5485328
5485329
5485331
5485332
5485333
5485334
5485335
5485336
5485337
5485338
5485339
5485340
5485341
5485342
5485343
5485344
5485345
5485346
5485347
5485348
5485349
5485350
5485353
5485354
5485355
5485356
5485412
5485414
5485415
5485416
5485417
5485418
5485419
5485432
5485438
5485439
5485440
5485441
5485442
5485443
5485445
5485446
5485448
5485454
5485502
5485503
5485504
5485513
5485515
5485516
5485518
5485520
5485529
5485532
5485533
5485534
5485536
5485537
5485538
5485539
5485545
5485592
5485603
5485605
5485607
5485609
5485610
5485611
5485622
5485623
5485625
5485627
5485628
5485635
5485682
5485686
5485700
5485712
5485715
5485716
5485717
5485718
5485720
5485724
5485725
5485772
5485773
5485774
5485782
5485785
5485786
5485787
5485788
5485789
5485790
5485791
5485792
5485800
5485801
5485808
5485810
5485811
5485814
5485862
5485863
5485866
5485874
5485875
5485876
5485877
5485878
5485879
5485880
5485881
5485882
5485890
5485891
5485904
5485905
5485952
5485953
5485954
5485963
5485964
5485965
5485966
5485967
5485968
5485969
5485970
5485971
5485972
5485978
5485979
5485980
5485981
5485982
5485984
5485991
5485992
5485993
5485994
5485995
5486043
5486044
5486052
5486053
5486057
5486058
5486059
5486060
5486061
5486062
5486068
5486069
5486070
5486071
5486072
5486073
5486074
5486075
5486076
5486082
5486083
5486084
5486085
5486133
5486134
5486150
5486151
5486159
5486160
5486161
5486166
5486168
5486173
5486174
5486175
5486220
5486221
5486223
5486224
5486225
5486226
5486227
5486228
5486229
5486230
5486231
5486232
5486233
5486234
5486235
5486236
5486237
5486238
5486239
5486240
5486241
5486242
5486243
5486244
5486245
5486246
5486247
5486248
5486249
5486250
5486251
5486252
5486253
5486254
5486255
5486256
5486257
5486258
5486259
5486260
5486263
5486264
5486265
5486266
5486268
5486310
5486311
5486312
5486313
5486314
5486315
5486316
5486317
5486318
5486319
5486320
5486321
5486322
5486323
5486324
5486325
5486326
5486327
5486328
5486329
5486330
5486331
5486332
5486333
5486334
5486335
5486336
5486337
5486338
5486339
5486340
5486341
5486342
5486343
5486344
5486345
5486346
5486347
5486348
5486349
5486351
5486352
5486355
5486356
5486400
5486401
5486402
5486403
5486404
5486405
5486406
5486407
5486408
5486409
5486410
5486411
5486412
5486413
5486414
5486415
5486416
5486417
5486418
5486419
5486420
5486421
5486422
5486423
5486424
5486425
5486426
5486427
5486428
5486429
5486430
5486431
5486433
5486435
5486436
5486437
5486438
5486439
5486441
5486442
5486443
5486445
5486446
5486447
5486448
5486490
5486491
5486492
5486493
5486494
5486495
5486496
5486497
5486498
5486499
5486500
5486501
5486502
5486503
5486504
5486505
5486506
5486507
5486508
5486509
5486510
5486511
5486512
5486513
5486514
5486515
5486516
5486517
5486518
5486519
5486520
5486521
5486522
5486523
5486524
5486525
5486526
5486528
5486529
5486530
5486531
5486532
5486533
5486534
5486536
5486537
5486538
5486582
5486583
5486584
5486585
5486586
5486587
5486588
5486589
5486590
5486591
5486592
5486593
5486594
5486595
5486596
5486597
5486598
5486599
5486600
5486601
5486602
5486603
5486604
5486605
5486606
5486607
5486608
5486609
5486610
5486611
5486672
5486673
5486674
5486676
5486677
5486678
5486679
5486680
5486681
5486682
5486683
5486684
5486685
5486686
5486687
5486688
5486689
5486690
5486691
5486692
5486693
5486694
5486695
5486696
5486697
5486698
5486699
5486700
5486701
5486762
5486763
5486764
5486766
5486767
5486768
5486769
5486770
5486771
5486772
5486773
5486774
5486775
5486776
5486777
5486778
5486779
5486780
5486781
5486782
5486783
5486784
5486785
5486786
5486787
5486788
5486789
5486790
5486852
5486853
5486854
5486856
5486857
5486858
5486859
5486860
5486861
5486862
5486863
5486864
5486865
5486866
5486867
5486868
5486869
5486870
5486871
5486872
5486873
5486874
5486875
5486876
5486877
5486878
5486879
5486880
5486881
5486942
5486943
5486946
5486947
5486948
5486949
5486950
5486951
5486952
5486953
5486954
5486955
5486956
5486957
5486958
5486959
5486960
5486961
5486962
5486963
5486964
5486965
5486966
5486967
5486968
5486969
5486970
5486971
5487032
5487033
5487034
5487036
5487037
5487038
5487039
5487040
5487041
5487042
5487043
5487044
5487045
5487046
5487047
5487048
5487049
5487050
5487051
5487052
5487053
5487054
5487055
5487056
5487057
5487058
5487059
5487060
5487061
5487122
5487123
5487126
5487127
5487128
5487129
5487130
5487131
5487132
5487133
5487140
5487141
5487142
5487143
5487144
5487145
5487146
5487147
5487148
5487149
5487150
5487151
5487212
5487213
5487215
5487216
5487217
5487218
5487219
5487220
5487221
5487222
5487223
5487224
5487225
5487226
5487227
5487228
5487229
5487230
5487231
5487232
5487233
5487234
5487235
5487236
5487237
5487238
5487239
5487240
5487241
5487253
5487302
5487303
5487305
5487306
5487307
5487308
5487309
5487310
5487311
5487312
5487313
5487314
5487315
5487316
5487317
5487318
5487319
5487320
5487321
5487322
5487323
5487324
5487325
5487326
5487327
5487328
5487329
5487330
5487392
5487393
5487396
5487397
5487398
5487399
5487400
5487401
5487402
5487403
5487404
5487405
5487406
5487407
5487408
5487409
5487410
5487411
5487412
5487413
5487414
5487415
5487416
5487417
5487418
5487419
5487420
5487482
5487483
5487486
5487487
5487488
5487489
5487490
5487491
5487492
5487493
5487494
5487495
5487496
5487497
5487498
5487499
5487500
5487501
5487502
5487503
5487504
5487505
5487506
5487507
5487508
5487509
5487510
5487572
5487573
5487574
5487576
5487577
5487578
5487579
5487580
5487581
5487582
5487583
5487584
5487585
5487586
5487587
5487588
5487589
5487590
5487591
5487592
5487593
5487594
5487595
5487596
5487597
5487598
5487599
5487600
5487662
5487663
5487664
5487666
5487667
5487668
5487669
5487670
5487671
5487672
5487673
5487674
5487675
5487676
5487677
5487678
5487679
5487681
5487682
5487683
5487684
5487685
5487686
5487687
5487688
5487689
5487690
5487752
5487753
5487754
5487756
5487757
5487758
5487759
5487760
5487761
5487762
5487763
5487764
5487765
5487766
5487767
5487768
5487769
5487770
5487771
5487772
5487773
5487774
5487775
5487776
5487777
5487778
5487779
5487780
5487781
5487842
5487843
5487844
5487846
5487847
5487848
5487849
5487850
5487851
5487852
5487853
5487854
5487855
5487856
5487857
5487858
5487859
5487860
5487861
5487862
5487863
5487864
5487865
5487866
5487867
5487868
5487869
5487870
5487871
5487878
5487879
5487932
5487933
5487934
5487935
5487936
5487937
5487938
5487939
5487940
5487941
5487942
5487943
5487944
5487945
5487946
5487947
5487948
5487949
5487950
5487951
5487952
5487953
5487954
5487955
5487956
5487957
5487958
5487959
5487960
5487961
5487962
5487963
5487964
5487965
5487966
5487967
5487968
5487972
5487973
5487974
5487975
5488022
5488023
5488025
5488026
5488027
5488028
5488029
5488030
5488031
5488032
5488033
5488034
5488035
5488036
5488037
5488038
5488039
5488040
5488041
5488042
5488043
5488044
5488045
5488046
5488047
5488048
5488049
5488050
5488051
5488052
5488053
5488054
5488055
5488056
5488057
5488058
5488059
5488060
5488061
5488062
5488063
5488064
5488065
5488125
5488126
5488127
5488128
5488129
5488130
5488131
5488132
5488138
5488139
5488140
5488141
5488142
5488143
5488144
5488145
5488146
5488147
5488148
5488149
5488150
5488151
5488152
5488153
5488154
5488155
5488203
5488204
5488219
5488220
5488221
5488222
5488228
5488229
5488230
5488231
5488232
5488233
5488234
5488235
5488236
5488237
5488238
5488239
5488240
5488241
5488242
5488243
5488244
5488245
5488304
5488311
5488312
5488318
5488319
5488320
5488321
5488322
5488323
5488324
5488325
5488328
5488329
5488330
5488331
5488332
5488333
5488334
5488335
5488383
5488397
5488401
5488408
5488409
5488410
5488411
5488412
5488413
5488414
5488415
5488416
5488417
5488419
5488420
5488421
5488422
5488423
5488424
5488425
5488472
5488473
5488490
5488491
5488498
5488499
5488500
5488501
5488502
5488503
5488504
5488505
5488506
5488507
5488508
5488509
5488510
5488511
5488512
5488513
5488588
5488589
5488590
5488591
5488592
5488593
5488594
5488595
5488596
5488597
5488598
5488599
5488600
5488601
5488602
5488653
5488672
5488678
5488679
5488680
5488681
5488682
5488683
5488684
5488685
5488686
5488687
5488688
5488689
5488690
5488691
5488692
5488693
5488760
5488762
5488769
5488770
5488771
5488772
5488773
5488774
5488775
5488776
5488777
5488778
5488779
5488780
5488781
5488832
5488833
5488834
5488860
5488861
5488862
5488863
5488864
5488865
5488866
5488867
5488868
5488869
5488870
5488871
5488922
5488923
5488924
5488926
5488932
5488933
5488951
5488952
5488953
5488954
5488955
5488956
5488958
5488959
5489012
5489013
5489014
5489016
5489022
5489023
5489024
5489025
5489031
5489032
5489040
5489041
5489042
5489043
5489044
5489048
5489049
5489102
5489103
5489104
5489106
5489112
5489113
5489114
5489115
5489116
5489117
5489118
5489119
5489120
5489121
5489122
5489131
5489132
5489133
5489134
5489135
5489140
5489141
5489192
5489193
5489194
5489196
5489202
5489203
5489204
5489205
5489206
5489207
5489208
5489209
5489210
5489211
5489212
5489223
5489224
5489225
5489282
5489283
5489284
5489286
5489292
5489293
5489294
5489295
5489296
5489297
5489298
5489299
5489300
5489301
5489302
5489311
5489313
5489314
5489372
5489373
5489374
5489375
5489376
5489377
5489378
5489379
5489380
5489381
5489382
5489383
5489384
5489385
5489386
5489387
5489388
5489389
5489390
5489391
5489392
5489400
5489401
5489403
5489405
5489406
5489407
5489408
5489409
5489410
5489411
5489412
5489413
5489414
5489415
5489460
5489461
5489462
5489463
5489464
5489465
5489466
5489467
5489468
5489469
5489470
5489471
5489472
5489473
5489474
5489475
5489476
5489477
5489478
5489479
5489480
5489481
5489482
5489483
5489484
5489486
5489489
5489490
5489491
5489493
5489494
5489495
5489496
5489497
5489498
5489499
5489500
5489501
5489502
5489503
5489504
5489505
5489506
5489550
5489551
5489552
5489553
5489554
5489555
5489556
5489557
5489558
5489559
5489560
5489561
5489562
5489563
5489564
5489565
5489566
5489567
5489568
5489569
5489570
5489571
5489572
5489573
5489574
5489575
5489579
5489581
5489582
5489583
5489584
5489585
5489586
5489587
5489588
5489589
5489590
5489591
5489592
5489593
5489594
5489595
5489596
5519520
5519521
5519522
5519523
5519524
5519525
5519526
5519527
5519528
5519529
5519530
5519531
5519532
5519533
5519534
5519535
5519536
5519537
5519538
5519539
5519540
5519541
5519542
5519543
5519544
5519545
5519546
5519547
5519548
5519549
5519550
5519552
5519553
5519554
5519555
5519556
5519557
5519558
5519559
5519560
5519561
5519562
5519563
5519564
5519565
5519566
5519567
5519568
5519569
5519570
5519571
5519572
5519573
5519574
5519575
5519576
5519577
5519578
5519579
5519580
5519581
5519582
5519583
5519584
5519585
5519586
5519587
5519588
5519639
5519640
5519729
5519730
5524110
5524200
5524213
5524219
5524222
5524295
5524296
5524297
5524298
5524299
5524304
5524305
5524306
5524307
5524308
5524309
5524314
5524315
5524316
5524318
5524401
5524402
5524581
5524761
5524851
5525026
5525027
5525028
5525029
5525031
5525121
5525211
5525284
5525301
5525302
5525391
5525481
5525571
5525661
5525751
5525838
5525839
5525841
5525915
5525916
5525917
5525918
5525929
5525930
5525931
5525933
5525934
5525935
5525936
5525937
5525938
5525939
5526018
5526019
5526021
5526022
5526111
5526112
5526201
5526202
5526291
5526292
5526381
5526382
5526454
5526471
5526561
5526651
5526734
5526741
5526825
5526826
5526827
5526828
5526829
5526831
5526832
5526921
5526922
5527011
5527012
5527102
5527191
5527192
5527281
5527282
5527371
5527461
5527552
5527565
5527566
5527567
5527644
5527657
5527722
5527723
5527747
5527748
5527813
5527824
5527825
5527913
5527914
5527917
5527918
5528090
5528180
5528270
5528272
5528360
5528362
5533662
5533673
5533674
5533675
5533676
5533747
5533748
5533750
5533751
5533752
5533762
5533763
5533764
5533765
5533766
5533767
5533768
5533836
5533837
5533838
5533839
5533840
5533841
5533842
5533852
5533853
5533854
5533855
5533856
5533858
5533860
5533924
5533926
5533927
5533928
5533929
5533930
5533931
5533942
5533944
5533945
5533946
5533947
5534015
5534016
5534017
5534018
5534019
5534020
5534021
5534022
5534032
5534033
5534034
5534036
5534037
5534038
5534055
5534104
5534105
5534106
5534107
5534108
5534109
5534110
5534111
5534112
5534122
5534123
5534124
5534125
5534126
5534127
5534128
5534130
5534196
5534197
5534198
5534199
5534201
5534202
5534213
5534214
5534215
5534216
5534217
5534218
5534235
5534284
5534286
5534287
5534288
5534289
5534290
5534302
5534303
5534304
5534305
5534307
5534308
5534374
5534375
5534377
5534378
5534379
5534380
5534381
5534382
5534393
5534395
5534396
5534397
5534398
5534464
5534466
5534467
5534468
5534469
5534470
5534471
5534472
5534482
5534483
5534484
5534485
5534486
5534487
5534488
5534555
5534556
5534557
5534558
5534560
5534561
5534562
5534572
5534573
5534574
5534575
5534576
5534577
5534578
5534646
5534647
5534648
5534649
5534650
5534651
5534652
5534662
5534663
5534665
5534667
5534820
5534910
5534943
5534944
5534946
5534947
5535034
5535036
5535037
5535046
5535094
5535095
5535110
5535121
5535122
5535123
5535124
5535125
5535126
5535127
5535128
5535129
5535130
5535131
5535132
5535133
5535184
5535185
5535201
5535202
5535210
5535212
5535213
5535214
5535215
5535216
5535217
5535218
5535219
5535220
5535221
5535222
5535223
5535224
5535274
5535301
5535302
5535303
5535304
5535305
5535306
5535307
5535308
5535309
5535310
5535312
5535313
5535314
5535315
5535364
5535380
5535381
5535390
5535391
5535392
5535393
5535394
5535395
5535396
5535397
5535398
5535400
5535401
5535403
5535454
5535481
5535482
5535483
5535484
5535485
5535486
5535487
5535488
5535489
5535491
5535492
5535493
5535495
5535544
5535545
5535561
5535570
5535572
5535573
5535574
5535575
5535576
5535577
5535578
5535579
5535580
5535581
5535582
5535583
5535584
5535585
5535634
5535661
5535662
5535663
5535664
5535665
5535666
5535667
5535668
5535669
5535670
5535671
5535672
5535673
5535674
5535675
5535724
5535740
5535741
5535750
5535751
5535752
5535753
5535754
5535755
5535756
5535757
5535760
5535762
5535763
5535764
5535830
5535832
5535841
5535842
5535843
5535844
5535845
5535846
5535847
5535848
5535850
5535851
5535852
5535853
5535855
5535904
5535920
5535922
5535930
5535931
5535932
5535933
5535934
5535935
5535936
5535937
5535939
5535941
5535942
5535943
5535944
5535994
5535995
5536010
5536012
5536021
5536022
5536023
5536024
5536025
5536026
5536027
5536028
5536029
5536030
5536031
5536032
5536033
5536034
5536084
5536085
5536100
5536110
5536111
5536112
5536113
5536114
5536115
5536116
5536117
5536119
5536121
5536123
5536174
5536175
5536190
5536192
5536200
5536201
5536202
5536203
5536204
5536205
5536206
5536207
5536208
5536209
5536210
5536211
5536212
5536213
5536280
5536281
5536290
5536291
5536292
5536293
5536294
5536295
5536296
5536297
5536298
5536299
5536300
5536301
5536302
5536303
5536304
5536354
5536370
5536380
5536381
5536382
5536383
5536384
5536385
5536386
5536387
5536389
5536390
5536393
5536394
5536444
5536445
5536470
5536471
5536477
5536483
5536534
5536535
5536536
5536537
5536538
5536539
5536540
5536541
5536542
5536543
5536544
5536545
5536546
5536547
5536548
5536549
5536550
5536552
5536553
5536554
5536555
5536556
5536557
5536558
5536560
5536624
5536625
5536626
5536627
5536628
5536629
5536630
5536631
5536632
5536640
5536642
5536643
5536644
5536645
5536646
5536647
5536648
5536650
5536714
5536716
5536717
5536718
5536719
5536720
5536721
5536722
5536730
5536732
5536733
5536734
5536735
5536736
5536737
5536738
5536740
5536804
5536806
5536807
5536808
5536809
5536810
5536811
5536812
5536820
5536822
5536823
5536824
5536825
5536826
5536827
5536828
5536830
5536896
5536897
5536898
5536899
5536900
5536901
5536902
5536910
5536912
5536913
5536914
5536915
5536916
5536917
5536918
5536920
5536984
5536986
5536987
5536988
5536989
5536990
5536992
5537002
5537003
5537004
5537005
5537006
5537007
5537008
5537010
5537076
5537077
5537078
5537079
5537080
5537081
5537082
5537092
5537093
5537094
5537095
5537096
5537097
5537098
5537164
5537165
5537166
5537167
5537168
5537169
5537170
5537171
5537172
5537182
5537183
5537185
5537186
5537187
5537188
5537255
5537256
5537257
5537258
5537259
5537260
5537261
5537262
5537272
5537273
5537274
5537275
5537276
5537277
5537278
5537280
5537281
5537344
5537346
5537347
5537348
5537349
5537350
5537351
5537352
5537357
5537359
5537360
5537362
5537363
5537364
5537365
5537366
5537368
5537371
5537434
5537436
5537437
5537439
5537440
5537441
5537442
5537452
5537453
5537454
5537455
5537456
5537457
5537458
5537460
5537461
5537524
5537525
5537526
5537527
5537528
5537529
5537530
5537531
5537532
5537542
5537543
5537544
5537545
5537546
5537547
5537548
5537551
5537614
5537615
5537616
5537617
5537618
5537619
5537620
5537621
5537622
5537631
5537632
5537633
5537634
5537635
5537636
5537637
5537638
5537640
5537704
5537705
5537706
5537707
5537708
5537709
5537710
5537711
5537712
5537723
5537724
5537725
5537726
5537727
5537728
5537731
5537794
5537795
5537796
5537797
5537798
5537799
5537800
5537801
5537802
5537811
5537812
5537813
5537815
5537816
5537817
5537818
5537821
5537828
5537884
5537885
5537886
5537887
5537888
5537889
5537890
5537891
5537892
5537902
5537903
5537904
5537906
5537907
5537908
5537911
5537918
5537974
5537975
5537976
5537977
5537978
5537979
5537980
5537981
5537982
5537991
5537992
5537993
5537994
5537995
5537996
5537997
5537998
5538001
5538002
5538003
5538004
5538005
5538006
5538007
5538008
5538009
5538011
5538012
5538013
5538014
5538015
5538064
5538065
5538080
5538084
5538086
5538087
5538088
5538150
5538159
5538162
5538164
5538172
5538184
5538186
5538187
5538188
5538196
5568120
5568121
5568122
5568123
5568124
5568125
5568126
5568127
5568128
5568129
5568130
5568131
5568132
5568133
5568134
5568135
5568136
5568137
5568138
5568139
5568140
5568141
5568142
5568143
5568144
5568145
5568146
5568147
5568148
5568149
5568150
5568152
5568153
5568154
5568155
5568156
5568157
5568158
5568159
5568160
5568161
5568162
5568163
5568164
5568165
5568166
5568167
5568168
5568169
5568170
5568171
5568172
5568173
5568174
5568175
5568176
5568177
5568178
5568179
5568180
5568181
5568182
5568183
5568184
5568185
5568186
5568187
5568188
5568239
5568240
5568329
5568330
5572710
5572800
5572814
5572815
5572822
5572825
5572895
5572904
5572905
5572906
5572907
5572908
5572909
5572911
5572918
5572984
5573001
5573002
5573074
5573091
5573164
5573181
5573271
5573361
5573434
5573451
5573524
5573541
5573614
5573629
5573631
5573721
5573722
5573811
5573884
5573901
5573974
5573991
5573992
5574081
5574154
5574171
5574244
5574261
5574334
5574351
5574424
5574441
5574515
5574516
5574529
5574530
5574531
5574538
5574539
5574618
5574619
5574621
5574622
5574694
5574711
5574784
5574801
5574874
5574891
5574964
5574981
5575054
5575071
5575072
5575161
5575251
5575341
5575429
5575431
5575432
5575521
5575522
5575611
5575612
5575702
5575791
5575792
5575881
5575972
5576061
5576151
5576165
5576166
5576171
5576234
5576235
5576256
5576324
5576334
5576348
5576424
5576425
5576600
5576602
5576690
5576780
5576870
5576872
5576960
5576962
5577050
5577052
5582550
5582655
5582730
5582745
5582812
5582884
5582910
5582925
5582974
5582992
5583015
5583064
5583278
5583333
5583334
5583351
5583361
5583363
5583364
5583420
5583424
5583440
5583450
5583451
5583510
5583646
5583710
5583784
5583801
5583802
5583810
5583811
5583874
5583890
5583914
5583915
5583981
5583990
5584004
5584070
5584072
5584079
5584160
5584161
5584162
5584170
5584234
5584274
5584275
5584324
5584341
5584350
5584430
5584432
5584439
5584454
5584520
5584522
5584529
5584530
5584610
5584612
5584620
5584633
5584684
5584701
5584702
5584710
5584723
5584724
5584725
5584774
5584790
5584800
5584864
5584880
5584881
5584970
5584971
5584980
5585071
5585134
5585150
5585151
5585160
5585161
5585224
5585240
5585251
5585314
5585330
5585331
5585332
5585340
5585341
5585420
5585422
5585495
5585510
5585511
5585512
5585520
5585585
5585602
5585611
5585692
5585700
5585701
5585765
5585791
5585871
5585880
5585881
5585945
5585962
5585969
5585971
5586051
5586052
5586060
5586061
5586142
5586149
5586151
5586214
5586215
5586231
5586232
5586240
5586241
5586304
5586321
5586322
5586329
5586331
5586394
5586411
5586412
5586420
5586421
5586428
5586484
5586501
5586502
5586509
5586518
5586574
5586600
5586601
5586602
5586603
5586604
5586605
5586606
5586607
5586608
5586609
5586610
5586611
5586612
5586613
5586614
5586615
5586660
5586665
5586666
5586667
5586668
5586669
5586670
5586671
5586672
5586674
5586675
5586676
5586677
5586678
5586679
5586681
5586682
5586683
5586684
5586690
5586691
5586750
5586758
5586759
5586761
5586762
5586764
5586765
5586772
5586783
5586786
5586788
5586796
5616720
5616721
5616722
5616723
5616724
5616725
5616726
5616727
5616728
5616729
5616730
5616731
5616732
5616733
5616734
5616735
5616736
5616737
5616738
5616739
5616740
5616741
5616742
5616743
5616744
5616745
5616746
5616747
5616748
5616749
5616750
5616751
5616752
5616753
5616754
5616755
5616756
5616757
5616758
5616759
5616760
5616761
5616762
5616763
5616764
5616765
5616766
5616767
5616768
5616769
5616770
5616771
5616772
5616773
5616774
5616775
5616776
5616777
5616778
5616779
5616780
5616781
5616782
5616783
5616784
5616785
5616786
5616787
5616788
5616839
5616840
5616929
5616930
5621415
5621416
5621495
5621496
5621504
5621505
5621506
5621507
5621508
5621509
5621511
5621519
5621601
5621674
5621691
5621764
5621781
5621871
5621961
5622051
5622124
5622141
5622214
5622229
5622231
5622304
5622321
5622322
5622411
5622484
5622501
5622574
5622591
5622664
5622754
5622771
5622844
5622861
5622934
5622951
5623024
5623041
5623115
5623116
5623124
5623129
5623131
5623133
5623139
5623204
5623218
5623219
5623221
5623222
5623294
5623311
5623384
5623401
5623474
5623491
5623564
5623581
5623761
5623851
5623924
5623934
5623941
5624014
5624029
5624031
5624032
5624104
5624121
5624122
5624211
5624212
5624392
5624481
5624580
5624662
5624836
5624856
5625025
5625110
5625114
5625116
5625200
5625290
5625380
5625470
5625472
5625560
5625562
5625650
5625652
5625740
5625742
5631345
5631435
5631501
5631525
5631681
5631771
5631951
5631971
5631972
5631973
5631974
5631975
5632040
5632310
5632333
5632335
5632401
5632423
5632425
5632490
5632514
5632515
5632581
5632693
5632744
5632761
5632783
5632873
5632875
5632941
5632965
5633030
5633032
5633053
5633120
5633122
5633143
5633210
5633212
5633235
5633284
5633300
5633301
5633390
5633391
5633400
5633480
5633571
5633644
5633660
5633671
5633734
5633750
5633751
5633760
5633761
5633824
5633840
5633930
5633931
5633932
5633940
5634020
5634021
5634022
5634031
5634110
5634112
5634120
5634121
5634185
5634211
5634274
5634290
5634300
5634301
5634391
5634470
5634471
5634480
5634481
5634545
5634560
5634562
5634569
5634571
5634650
5634651
5634652
5634659
5634660
5634661
5634724
5634725
5634740
5634742
5634749
5634751
5634814
5634815
5634830
5634831
5634832
5634839
5634840
5634841
5634904
5634905
5634920
5634921
5634922
5634929
5634931
5634995
5635010
5635019
5635020
5635021
5635100
5635101
5635102
5635110
5635111
5635173
5635174
5635175
5635183
5635191
5635200
5635201
5635202
5635203
5635204
5635205
5635206
5635207
5635208
5635209
5635210
5635211
5635212
5635213
5635214
5635215
5635263
5635264
5635265
5635266
5635272
5635273
5635274
5635275
5635276
5635277
5635278
5635279
5635280
5635281
5635282
5635290
5635291
5635298
5635299
5635300
5635302
5635303
5635304
5635305
5635357
5635358
5635361
5635362
5635365
5635366
5635372
5635381
5635382
5635389
5665320
5665321
5665322
5665323
5665324
5665325
5665326
5665327
5665328
5665329
5665330
5665331
5665332
5665333
5665334
5665335
5665336
5665337
5665338
5665339
5665340
5665341
5665342
5665343
5665344
5665345
5665346
5665347
5665348
5665349
5665350
5665351
5665352
5665353
5665354
5665355
5665356
5665357
5665358
5665359
5665360
5665361
5665362
5665363
5665364
5665365
5665366
5665367
5665368
5665369
5665370
5665371
5665372
5665373
5665374
5665375
5665376
5665377
5665378
5665379
5665380
5665381
5665382
5665384
5665385
5665386
5665387
5665439
5665440
5665529
5665530
5670017
5670095
5670096
5670097
5670098
5670099
5670110
5670111
5670113
5670114
5670115
5670116
5670117
5670118
5670184
5670201
5670202
5670274
5670291
5670364
5670381
5670454
5670472
5670561
5670562
5670634
5670651
5670724
5670741
5670814
5670829
5670830
5670831
5670904
5670916
5670917
5670919
5670921
5670922
5671011
5671012
5671084
5671102
5671174
5671191
5671192
5671264
5671282
5671354
5671371
5671372
5671444
5671461
5671534
5671551
5671624
5671633
5671634
5671635
5671636
5671637
5671638
5671639
5671641
5671715
5671716
5671717
5671718
5671719
5671727
5671729
5671730
5671733
5671734
5671735
5671736
5671737
5671738
5671804
5671818
5671819
5671821
5671822
5671894
5671912
5671984
5672001
5672002
5672074
5672091
5672092
5672181
5672182
5672254
5672255
5672271
5672272
5672362
5672434
5672451
5672452
5672524
5672534
5672614
5672625
5672626
5672627
5672628
5672629
5672632
5672704
5672721
5672722
5672811
5672812
5672901
5672902
5672974
5672992
5673064
5673081
5673082
5673154
5673172
5673180
5673244
5673261
5673262
5673270
5673334
5673338
5673339
5673364
5673365
5673367
5673424
5673436
5673607
5673710
5673714
5673716
5673800
5673890
5673980
5674070
5674072
5674160
5674162
5674250
5674252
5674340
5674342
5674430
5679945
5680461
5680485
5680551
5680573
5680574
5680575
5680640
5680910
5680935
5681001
5681025
5681114
5681115
5681181
5681293
5681295
5681361
5681385
5681474
5681475
5681540
5681541
5681653
5681721
5681900
5681901
5682170
5682171
5682261
5682350
5682440
5682530
5682531
5682532
5682620
5682710
5682711
5682712
5682800
5682965
5683054
5683070
5683071
5683081
5683145
5683160
5683162
5683169
5683171
5683235
5683250
5683251
5683252
5683259
5683261
5683325
5683340
5683349
5683351
5683414
5683415
5683430
5683431
5683439
5683441
5683504
5683505
5683513
5683520
5683521
5683522
5683529
5683531
5683610
5683611
5683619
5683620
5683621
5683693
5683701
5683709
5683710
5683711
5683718
5683773
5683775
5683782
5683791
5683800
5683801
5683802
5683803
5683804
5683805
5683806
5683807
5683808
5683809
5683810
5683811
5683812
5683813
5683814
5683815
5683863
5683864
5683865
5683866
5683867
5683868
5683869
5683870
5683871
5683872
5683873
5683874
5683875
5683876
5683877
5683878
5683879
5683880
5683881
5683882
5683883
5683884
5683885
5683886
5683889
5683891
5683898
5683899
5683900
5683903
5683904
5683905
5683956
5683957
5683961
5683962
5683966
5683967
5683972
5683981
5683986
5683990
5683991
5713920
5713921
5713922
5713923
5713924
5713925
5713926
5713927
5713928
5713929
5713930
5713931
5713932
5713933
5713934
5713935
5713936
5713937
5713938
5713939
5713940
5713941
5713942
5713943
5713944
5713945
5713946
5713947
5713948
5713949
5713950
5713951
5713952
5713953
5713954
5713955
5713956
5713957
5713958
5713959
5713960
5713961
5713962
5713963
5713964
5713965
5713966
5713967
5713968
5713969
5713970
5713971
5713972
5713973
5713974
5713975
5713976
5713977
5713978
5713979
5713980
5713981
5713982
5713983
5713985
5714039
5714040
5714129
5714130
5718606
5718619
5718694
5718695
5718696
5718711
5718784
5718785
5718801
5718802
5718874
5718964
5718981
5719054
5719144
5719161
5719162
5719234
5719251
5719252
5719324
5719341
5719414
5719425
5719429
5719431
5719504
5719519
5719522
5719611
5719612
5719684
5719685
5719702
5719774
5719775
5719791
5719792
5719864
5719882
5719954
5719971
5719972
5720044
5720061
5720062
5720134
5720224
5720237
5720238
5720239
5720241
5720260
5720261
5720315
5720316
5720329
5720330
5720332
5720333
5720334
5720335
5720404
5720418
5720419
5720421
5720422
5720494
5720511
5720512
5720584
5720601
5720602
5720674
5720691
5720692
5720764
5720782
5720854
5720855
5720871
5720872
5720944
5720962
5721034
5721051
5721124
5721134
5721214
5721229
5721230
5721231
5721232
5721304
5721321
5721322
5721394
5721411
5721412
5721484
5721501
5721502
5721574
5721592
5721664
5721682
5721754
5721772
5721844
5721862
5721870
5721934
5721951
5721963
5721964
5721965
5721967
5721968
5722023
5722024
5722217
5722236
5722310
5722400
5722490
5722580
5722670
5722672
5722760
5722762
5722850
5722852
5722940
5722942
5723025
5723026
5723027
5723028
5723029
5723030
5723032
5728701
5728725
5728971
5729151
5729172
5729173
5729174
5729175
5729240
5729510
5729601
5729625
5729714
5729715
5729781
5729805
5729895
5729961
5730074
5730075
5730141
5730230
5730321
5730591
5730771
5730950
5730951
5731040
5731041
5731130
5731131
5731132
5731220
5731221
5731222
5731310
5731311
5731400
5731491
5731564
5731670
5731745
5731760
5731762
5731769
5731835
5731850
5731852
5731859
5731861
5731925
5731942
5731949
5731951
5732031
5732039
5732041
5732120
5732131
5732202
5732211
5732219
5732220
5732221
5732301
5732309
5732310
5732311
5732318
5732373
5732374
5732383
5732391
5732400
5732401
5732402
5732403
5732404
5732405
5732406
5732407
5732408
5732410
5732411
5732412
5732413
5732414
5732415
5732463
5732464
5732465
5732466
5732467
5732468
5732469
5732470
5732471
5732472
5732473
5732474
5732475
5732476
5732477
5732478
5732479
5732480
5732481
5732482
5732483
5732484
5732485
5732487
5732488
5732489
5732498
5732555
5732556
5732561
5732562
5732567
5732568
5732572
5732579
5732586
5732591
5732592
5762520
5762521
5762522
5762523
5762524
5762525
5762526
5762527
5762528
5762529
5762530
5762531
5762532
5762533
5762534
5762535
5762536
5762537
5762538
5762539
5762540
5762541
5762542
5762543
5762544
5762545
5762546
5762547
5762548
5762549
5762550
5762551
5762552
5762553
5762554
5762555
5762556
5762557
5762558
5762559
5762560
5762561
5762562
5762563
5762564
5762566
5762567
5762568
5762569
5762570
5762571
5762572
5762573
5762574
5762575
5762576
5762577
5762578
5762579
5762580
5762581
5762582
5762585
5762587
5762588
5762639
5762640
5762729
5762730
5767204
5767205
5767219
5767222
5767225
5767295
5767311
5767312
5767384
5767385
5767401
5767402
5767581
5767654
5767745
5767761
5767762
5767834
5767835
5767851
5767852
5767941
5767942
5768014
5768015
5768031
5768032
5768105
5768119
5768122
5768195
5768211
5768212
5768284
5768285
5768302
5768375
5768391
5768392
5768464
5768465
5768482
5768554
5768555
5768571
5768572
5768644
5768645
5768661
5768662
5768734
5768735
5768752
5768824
5768835
5768837
5768841
5768842
5768854
5768855
5768856
5768857
5768858
5768859
5768860
5768861
5768914
5768915
5768916
5768929
5768930
5768932
5769004
5769021
5769022
5769094
5769095
5769112
5769184
5769185
5769202
5769274
5769275
5769291
5769292
5769365
5769382
5769454
5769455
5769472
5769545
5769562
5769634
5769635
5769651
5769652
5769671
5769724
5769733
5769734
5769742
5769814
5769829
5769830
5769832
5769904
5769905
5769922
5770012
5770084
5770102
5770174
5770192
5770264
5770282
5770354
5770372
5770444
5770445
5770462
5770470
5770534
5770536
5770564
5770567
5770568
5770624
5770824
5770910
5771000
5771090
5771180
5771270
5771272
5771281
5771360
5771362
5771371
5771450
5771452
5771540
5771542
5771630
5771632
5771720
5777505
5777750
5777751
5777773
5777774
5777775
5777840
5777956
5778043
5778046
5778110
5778133
5778135
5778201
5778223
5778224
5778225
5778313
5778315
5778381
5778481
5778494
5778561
5778569
5778571
5778659
5778741
5778749
5778830
5778839
5778921
5779101
5779191
5779281
5779289
5779371
5779379
5779469
5779478
5779479
5779550
5779551
5779640
5779730
5779731
5779820
5779821
5779910
5779911
5780000
5780009
5780091
5780099
5780189
5780271
5780360
5780362
5780369
5780450
5780451
5780459
5780524
5780542
5780549
5780551
5780614
5780622
5780631
5780632
5780639
5780641
5780713
5780731
5780794
5780802
5780803
5780811
5780820
5780821
5780884
5780893
5780901
5780909
5780910
5780973
5780974
5780975
5780983
5780991
5781000
5781001
5781002
5781003
5781004
5781005
5781006
5781007
5781008
5781009
5781011
5781012
5781013
5781014
5781015
5781060
5781063
5781064
5781065
5781066
5781067
5781068
5781069
5781070
5781071
5781072
5781073
5781074
5781075
5781076
5781077
5781078
5781079
5781080
5781081
5781082
5781083
5781084
5781085
5781086
5781087
5781088
5781089
5781090
5781091
5781150
5781154
5781155
5781161
5781162
5781168
5781169
5781172
5781174
5781178
5781179
5781186
5781192
5781193
5811120
5811121
5811122
5811123
5811124
5811125
5811126
5811127
5811128
5811129
5811130
5811131
5811132
5811133
5811134
5811135
5811136
5811137
5811138
5811139
5811140
5811141
5811142
5811143
5811145
5811146
5811147
5811148
5811149
5811150
5811152
5811153
5811154
5811155
5811156
5811157
5811158
5811159
5811160
5811161
5811162
5811163
5811164
5811165
5811166
5811167
5811168
5811169
5811170
5811171
5811172
5811173
5811174
5811175
5811176
5811177
5811178
5811179
5811180
5811183
5811186
5811187
5811188
5811189
5811239
5811329
5811330
5815715
5815716
5815717
5815718
5815729
5815730
5815733
5815736
5815739
5815804
5815805
5815807
5815808
5815809
5815813
5815814
5815815
5815816
5815817
5815818
5815819
5815820
5815822
5815823
5815824
5815825
5815826
5815894
5815895
5815897
5815898
5815899
5815900
5815903
5815904
5815905
5815915
5815916
5815986
5815987
5815988
5815989
5815990
5815995
5815996
5815997
5815998
5815999
5816002
5816007
5816075
5816077
5816078
5816079
5816080
5816084
5816085
5816086
5816087
5816088
5816089
5816092
5816093
5816094
5816095
5816097
5816164
5816165
5816166
5816167
5816168
5816169
5816170
5816174
5816175
5816176
5816177
5816178
5816179
5816182
5816183
5816184
5816185
5816186
5816187
5816254
5816255
5816257
5816258
5816259
5816260
5816262
5816264
5816265
5816266
5816267
5816268
5816269
5816272
5816273
5816274
5816275
5816276
5816277
5816344
5816345
5816347
5816348
5816349
5816350
5816352
5816353
5816354
5816355
5816356
5816357
5816358
5816359
5816362
5816363
5816364
5816365
5816366
5816367
5816434
5816435
5816436
5816437
5816438
5816439
5816440
5816442
5816443
5816444
5816445
5816446
5816447
5816448
5816449
5816450
5816452
5816453
5816454
5816455
5816456
5816457
5816469
5816470
5816471
5816524
5816525
5816526
5816527
5816528
5816529
5816530
5816533
5816534
5816535
5816536
5816537
5816538
5816539
5816540
5816542
5816543
5816544
5816545
5816546
5816547
5816556
5816557
5816558
5816559
5816560
5816561
5816614
5816615
5816616
5816617
5816618
5816619
5816620
5816625
5816626
5816627
5816628
5816629
5816630
5816632
5816633
5816634
5816635
5816636
5816637
5816645
5816646
5816647
5816648
5816649
5816650
5816705
5816706
5816707
5816708
5816709
5816710
5816715
5816716
5816717
5816718
5816719
5816720
5816722
5816723
5816724
5816725
5816726
5816727
5816736
5816737
5816738
5816739
5816740
5816741
5816794
5816795
5816796
5816797
5816798
5816799
5816800
5816802
5816803
5816804
5816805
5816806
5816807
5816808
5816809
5816810
5816812
5816813
5816814
5816815
5816816
5816817
5816826
5816827
5816828
5816829
5816830
5816831
5816884
5816885
5816886
5816887
5816888
5816889
5816892
5816893
5816894
5816895
5816896
5816897
5816898
5816899
5816900
5816902
5816903
5816904
5816905
5816906
5816907
5816916
5816917
5816918
5816919
5816920
5816921
5816974
5816975
5816976
5816977
5816978
5816979
5816982
5816983
5816984
5816985
5816986
5816987
5816988
5816989
5816990
5816992
5816993
5816994
5816995
5816996
5816997
5817004
5817006
5817007
5817008
5817009
5817010
5817011
5817064
5817065
5817066
5817067
5817068
5817069
5817072
5817073
5817074
5817075
5817076
5817077
5817078
5817079
5817080
5817082
5817083
5817084
5817085
5817086
5817087
5817094
5817096
5817097
5817098
5817099
5817100
5817101
5817154
5817155
5817156
5817157
5817158
5817159
5817162
5817164
5817165
5817166
5817167
5817168
5817169
5817170
5817172
5817173
5817174
5817175
5817176
5817177
5817184
5817185
5817186
5817187
5817188
5817189
5817190
5817191
5817244
5817245
5817246
5817247
5817248
5817249
5817256
5817257
5817258
5817259
5817260
5817262
5817263
5817264
5817265
5817266
5817267
5817273
5817274
5817275
5817276
5817277
5817278
5817279
5817280
5817281
5817334
5817335
5817336
5817337
5817338
5817339
5817343
5817344
5817345
5817346
5817347
5817348
5817349
5817350
5817352
5817353
5817354
5817355
5817356
5817357
5817363
5817364
5817365
5817366
5817367
5817368
5817369
5817370
5817424
5817425
5817426
5817427
5817428
5817429
5817433
5817434
5817435
5817436
5817437
5817438
5817439
5817440
5817442
5817443
5817444
5817445
5817446
5817447
5817453
5817454
5817455
5817457
5817458
5817459
5817460
5817513
5817514
5817515
5817516
5817517
5817518
5817519
5817524
5817525
5817526
5817527
5817528
5817529
5817530
5817532
5817533
5817534
5817535
5817536
5817537
5817543
5817544
5817546
5817547
5817548
5817549
5817550
5817551
5817604
5817605
5817606
5817607
5817608
5817609
5817613
5817614
5817615
5817616
5817617
5817618
5817619
5817620
5817622
5817623
5817624
5817625
5817626
5817627
5817636
5817637
5817638
5817639
5817640
5817694
5817695
5817696
5817697
5817698
5817699
5817703
5817704
5817705
5817706
5817707
5817708
5817709
5817710
5817712
5817713
5817714
5817715
5817716
5817717
5817726
5817727
5817784
5817785
5817786
5817787
5817788
5817789
5817793
5817794
5817795
5817796
5817797
5817798
5817799
5817800
5817802
5817803
5817804
5817805
5817806
5817807
5817816
5817817
5817874
5817875
5817876
5817877
5817878
5817879
5817884
5817885
5817886
5817887
5817888
5817889
5817890
5817892
5817893
5817894
5817895
5817896
5817897
5817964
5817965
5817966
5817967
5817968
5817969
5817974
5817975
5817976
5817977
5817978
5817979
5817980
5817982
5817983
5817984
5817985
5817986
5817987
5818054
5818055
5818056
5818057
5818058
5818059
5818064
5818065
5818066
5818067
5818068
5818069
5818070
5818072
5818073
5818074
5818075
5818076
5818077
5818144
5818145
5818146
5818147
5818148
5818149
5818154
5818155
5818156
5818157
5818158
5818159
5818160
5818162
5818163
5818164
5818165
5818166
5818167
5818234
5818235
5818236
5818237
5818238
5818239
5818243
5818244
5818245
5818246
5818247
5818248
5818249
5818250
5818252
5818253
5818254
5818255
5818256
5818257
5818269
5818270
5818324
5818325
5818326
5818327
5818328
5818329
5818333
5818334
5818335
5818336
5818337
5818338
5818339
5818340
5818342
5818343
5818344
5818345
5818346
5818347
5818357
5818358
5818359
5818360
5818414
5818415
5818416
5818417
5818418
5818419
5818423
5818424
5818425
5818426
5818427
5818428
5818429
5818430
5818432
5818433
5818434
5818435
5818436
5818437
5818447
5818448
5818449
5818450
5818504
5818505
5818506
5818507
5818508
5818509
5818513
5818514
5818515
5818516
5818517
5818518
5818519
5818520
5818522
5818523
5818524
5818525
5818526
5818527
5818537
5818538
5818539
5818540
5818541
5818594
5818595
5818596
5818597
5818598
5818599
5818603
5818604
5818605
5818606
5818607
5818608
5818609
5818610
5818612
5818613
5818614
5818615
5818616
5818617
5818627
5818628
5818629
5818630
5818684
5818685
5818686
5818687
5818688
5818693
5818694
5818695
5818696
5818697
5818698
5818699
5818700
5818702
5818703
5818704
5818705
5818706
5818707
5818716
5818717
5818718
5818719
5818720
5818774
5818775
5818776
5818777
5818778
5818784
5818785
5818786
5818787
5818788
5818789
5818790
5818792
5818793
5818794
5818795
5818796
5818797
5818801
5818802
5818803
5818804
5818805
5818806
5818807
5818808
5818809
5818810
5818864
5818865
5818866
5818867
5818868
5818874
5818875
5818876
5818877
5818878
5818879
5818880
5818882
5818883
5818884
5818885
5818886
5818887
5818891
5818892
5818893
5818894
5818895
5818896
5818897
5818898
5818899
5818900
5818954
5818955
5818956
5818957
5818959
5818963
5818964
5818965
5818966
5818967
5818968
5818969
5818970
5818972
5818973
5818974
5818975
5818976
5818977
5818981
5818982
5818983
5818984
5818985
5818986
5818987
5818988
5818989
5818990
5819044
5819045
5819046
5819047
5819048
5819049
5819050
5819053
5819054
5819055
5819056
5819057
5819058
5819059
5819060
5819062
5819063
5819064
5819065
5819066
5819067
5819068
5819071
5819072
5819073
5819074
5819075
5819076
5819077
5819078
5819079
5819080
5819134
5819135
5819136
5819137
5819138
5819139
5819143
5819144
5819145
5819146
5819147
5819148
5819149
5819150
5819152
5819153
5819154
5819155
5819156
5819158
5819159
5819161
5819162
5819163
5819164
5819166
5819167
5819168
5819169
5819170
5819223
5819224
5819225
5819232
5819233
5819234
5819235
5819236
5819237
5819238
5819239
5819240
5819319
5819330
5819332
5819333
5819334
5819335
5819336
5819338
5819340
5819343
5819344
5819345
5819346
5819348
5819349
5819350
5819420
5819422
5819423
5819424
5819425
5819426
5819436
5819507
5819508
5819509
5819510
5819512
5819513
5819514
5819515
5819516
5819597
5819598
5819599
5819600
5819602
5819603
5819604
5819605
5819606
5819687
5819688
5819689
5819690
5819692
5819693
5819694
5819695
5819696
5819777
5819778
5819779
5819780
5819782
5819783
5819784
5819785
5819786
5819867
5819868
5819869
5819870
5819872
5819873
5819874
5819875
5819876
5819881
5819882
5819883
5819884
5819885
5819887
5819888
5819955
5819956
5819957
5819958
5819959
5819960
5819962
5819963
5819964
5819965
5819966
5819971
5819972
5819973
5819974
5819975
5819976
5819977
5819978
5820046
5820047
5820048
5820049
5820050
5820052
5820053
5820054
5820055
5820056
5820062
5820063
5820064
5820065
5820136
5820137
5820138
5820139
5820140
5820142
5820143
5820144
5820145
5820146
5820226
5820227
5820228
5820229
5820230
5820232
5820233
5820234
5820235
5820236
5820316
5820317
5820318
5820319
5820320
5820322
5820323
5820324
5820325
5825991
5826015
5826081
5826105
5826195
5826260
5826261
5826351
5826372
5826373
5826374
5826375
5826440
5826441
5826463
5826464
5826465
5826466
5826467
5826468
5826530
5826531
5826554
5826555
5826620
5826621
5826645
5826646
5826710
5826711
5826735
5826736
5826800
5826801
5826825
5826890
5826891
5826914
5826915
5826980
5826981
5826991
5826994
5826998
5826999
5827070
5827071
5827078
5827079
5827081
5827082
5827083
5827085
5827086
5827087
5827088
5827089
5827160
5827161
5827168
5827169
5827171
5827172
5827173
5827174
5827175
5827176
5827177
5827178
5827179
5827180
5827251
5827258
5827259
5827261
5827262
5827263
5827264
5827265
5827266
5827267
5827268
5827269
5827270
5827341
5827348
5827349
5827351
5827352
5827353
5827354
5827355
5827356
5827357
5827358
5827360
5827361
5827362
5827430
5827431
5827432
5827438
5827439
5827441
5827442
5827443
5827444
5827445
5827446
5827447
5827448
5827449
5827450
5827451
5827452
5827453
5827520
5827521
5827522
5827528
5827529
5827531
5827532
5827533
5827534
5827535
5827536
5827537
5827538
5827539
5827540
5827541
5827542
5827543
5827610
5827611
5827618
5827619
5827621
5827622
5827623
5827624
5827625
5827626
5827627
5827628
5827629
5827630
5827631
5827633
5827700
5827701
5827708
5827711
5827712
5827713
5827714
5827715
5827716
5827717
5827718
5827719
5827723
5827725
5827790
5827791
5827792
5827799
5827801
5827802
5827803
5827804
5827805
5827806
5827807
5827808
5827809
5827810
5827811
5827812
5827813
5827814
5827880
5827881
5827882
5827888
5827889
5827891
5827892
5827893
5827894
5827895
5827896
5827897
5827898
5827899
5827901
5827970
5827971
5827972
5827978
5827981
5827982
5827983
5827984
5827985
5827986
5827987
5827988
5827990
5828051
5828060
5828061
5828068
5828069
5828071
5828072
5828073
5828074
5828075
5828076
5828077
5828078
5828079
5828080
5828081
5828082
5828083
5828084
5828142
5828151
5828158
5828159
5828161
5828162
5828163
5828164
5828165
5828166
5828167
5828168
5828169
5828170
5828171
5828172
5828233
5828240
5828241
5828242
5828243
5828244
5828245
5828246
5828247
5828251
5828252
5828253
5828254
5828255
5828256
5828257
5828258
5828260
5828261
5828262
5828263
5828264
5828265
5828323
5828324
5828330
5828331
5828332
5828333
5828341
5828342
5828343
5828344
5828345
5828346
5828347
5828348
5828349
5828350
5828351
5828353
5828354
5828413
5828414
5828416
5828420
5828421
5828422
5828423
5828424
5828425
5828429
5828431
5828432
5828433
5828434
5828435
5828436
5828437
5828438
5828439
5828441
5828443
5828444
5828445
5828503
5828504
5828505
5828506
5828510
5828511
5828512
5828515
5828516
5828517
5828518
5828519
5828521
5828522
5828523
5828524
5828525
5828526
5828527
5828528
5828529
5828530
5828531
5828534
5828535
5828593
5828594
5828595
5828596
5828600
5828601
5828602
5828603
5828604
5828605
5828606
5828607
5828608
5828609
5828611
5828612
5828613
5828614
5828615
5828616
5828617
5828618
5828619
5828620
5828621
5828622
5828623
5828624
5828625
5828683
5828684
5828685
5828686
5828687
5828690
5828691
5828692
5828693
5828694
5828695
5828696
5828697
5828698
5828701
5828702
5828703
5828704
5828705
5828706
5828707
5828708
5828710
5828711
5828712
5828715
5828773
5828774
5828775
5828776
5828777
5828780
5828781
5828782
5828788
5828791
5828792
5828793
5828794
5828795
5828796
5828797
5828798
5828799
5828800
5828802
5828803
5828865
5828866
5828867
5828868
5828870
5828871
5828881
5828882
5828883
5828884
5828885
5828886
5828887
5828888
5828889
5828890
5828891
5828893
5828894
5828956
5828957
5828958
5828959
5828960
5828962
5828963
5828964
5828965
5828966
5828967
5828968
5828969
5828971
5828972
5828973
5828974
5828975
5828976
5828977
5828978
5828979
5828980
5828981
5828982
5828983
5828984
5829044
5829045
5829046
5829047
5829048
5829050
5829053
5829054
5829055
5829056
5829057
5829058
5829061
5829062
5829063
5829064
5829065
5829066
5829067
5829068
5829069
5829070
5829071
5829072
5829073
5829132
5829135
5829136
5829137
5829138
5829140
5829141
5829143
5829144
5829145
5829146
5829147
5829148
5829151
5829152
5829153
5829154
5829155
5829156
5829157
5829158
5829159
5829160
5829161
5829162
5829163
5829165
5829214
5829222
5829223
5829228
5829229
5829230
5829231
5829232
5829233
5829234
5829235
5829236
5829237
5829238
5829241
5829242
5829243
5829244
5829245
5829246
5829247
5829248
5829249
5829250
5829254
5829255
5829312
5829313
5829317
5829318
5829319
5829320
5829321
5829322
5829323
5829324
5829325
5829326
5829327
5829328
5829329
5829331
5829332
5829333
5829334
5829335
5829336
5829337
5829338
5829339
5829340
5829341
5829342
5829343
5829344
5829345
5829394
5829402
5829403
5829407
5829408
5829409
5829410
5829411
5829412
5829413
5829414
5829415
5829416
5829417
5829419
5829420
5829421
5829422
5829423
5829424
5829425
5829426
5829427
5829428
5829429
5829430
5829433
5829434
5829435
5829482
5829492
5829493
5829500
5829501
5829502
5829503
5829504
5829505
5829506
5829507
5829508
5829509
5829510
5829511
5829512
5829513
5829514
5829515
5829516
5829517
5829518
5829519
5829520
5829523
5829524
5829525
5829572
5829573
5829583
5829590
5829591
5829599
5829600
5829601
5829602
5829603
5829604
5829605
5829606
5829607
5829608
5829609
5829610
5829612
5829613
5829614
5829615
5829660
5829661
5829662
5829663
5829664
5829665
5829666
5829667
5829668
5829669
5829670
5829671
5829672
5829673
5829674
5829675
5829676
5829677
5829678
5829679
5829680
5829681
5829682
5829683
5829684
5829685
5829686
5829687
5829688
5829689
5829690
5829691
5829692
5829693
5829695
5829698
5829699
5829702
5829703
5829704
5829705
5829750
5829751
5829752
5829753
5829754
5829755
5829756
5829757
5829758
5829759
5829760
5829761
5829762
5829763
5829764
5829765
5829766
5829767
5829768
5829769
5829770
5829771
5829772
5829773
5829774
5829775
5829776
5829777
5829778
5829779
5829780
5829781
5829782
5829783
5829785
5829786
5829788
5829789
5829790
5829791
5829792
5829793
5829794
5829795
5859720
5859721
5859722
5859723
5859724
5859725
5859726
5859727
5859728
5859729
5859730
5859731
5859732
5859733
5859734
5859735
5859736
5859737
5859738
5859739
5859740
5859741
5859742
5859743
5859744
5859745
5859746
5859747
5859748
5859749
5859750
5859752
5859753
5859754
5859755
5859756
5859757
5859758
5859759
5859760
5859761
5859762
5859763
5859764
5859765
5859766
5859767
5859768
5859769
5859770
5859771
5859772
5859773
5859774
5859775
5859776
5859777
5859778
5859779
5859780
5859781
5859785
5859786
5859787
5859788
5859789
5859839
5859840
5859929
5859930
5864220
5864221
5864222
5864223
5864224
5864311
5864312
5864313
5864314
5864315
5864316
5864317
5864318
5864319
5864320
5864325
5864326
5864327
5864328
5864329
5864330
5864331
5864332
5864333
5864334
5864335
5864336
5864337
5864339
5864400
5864401
5864402
5864403
5864404
5864407
5864408
5864409
5864410
5864412
5864413
5864414
5864415
5864426
5864427
5864490
5864491
5864492
5864493
5864494
5864503
5864509
5864510
5864511
5864512
5864582
5864583
5864584
5864599
5864600
5864601
5864602
5864672
5864673
5864689
5864691
5864762
5864763
5864764
5864779
5864780
5864781
5864782
5864852
5864853
5864869
5864870
5864871
5864872
5864942
5864943
5864953
5864959
5864961
5865032
5865033
5865034
5865043
5865049
5865051
5865122
5865123
5865124
5865133
5865139
5865140
5865141
5865142
5865212
5865213
5865225
5865226
5865227
5865228
5865229
5865230
5865231
5865232
5865302
5865303
5865320
5865321
5865322
5865392
5865393
5865394
5865410
5865411
5865412
5865482
5865483
5865484
5865500
5865501
5865502
5865572
5865573
5865574
5865590
5865591
5865592
5865662
5865663
5865664
5865680
5865681
5865682
5865752
5865753
5865754
5865770
5865771
5865772
5865842
5865843
5865844
5865860
5865861
5865862
5865932
5865933
5865934
5865950
5865951
5865952
5866023
5866024
5866040
5866041
5866042
5866113
5866114
5866115
5866116
5866117
5866118
5866119
5866130
5866131
5866132
5866133
5866134
5866135
5866136
5866137
5866203
5866204
5866205
5866206
5866207
5866208
5866209
5866212
5866220
5866221
5866222
5866223
5866224
5866225
5866226
5866227
5866293
5866294
5866296
5866302
5866310
5866311
5866312
5866383
5866384
5866386
5866392
5866393
5866400
5866401
5866402
5866473
5866474
5866476
5866490
5866491
5866492
5866562
5866563
5866564
5866566
5866580
5866581
5866582
5866652
5866653
5866654
5866656
5866670
5866671
5866672
5866742
5866743
5866744
5866746
5866760
5866761
5866762
5866833
5866834
5866836
5866842
5866850
5866851
5866852
5866923
5866924
5866925
5866926
5866927
5866928
5866932
5866940
5866941
5866942
5866943
5866958
5867013
5867014
5867015
5867016
5867017
5867018
5867022
5867023
5867029
5867030
5867031
5867032
5867033
5867034
5867035
5867036
5867048
5867103
5867104
5867106
5867112
5867113
5867120
5867121
5867122
5867138
5867193
5867194
5867196
5867202
5867203
5867210
5867211
5867212
5867283
5867284
5867286
5867292
5867300
5867301
5867302
5867372
5867373
5867374
5867376
5867390
5867391
5867392
5867401
5867462
5867463
5867464
5867466
5867480
5867481
5867482
5867490
5867491
5867498
5867552
5867553
5867554
5867556
5867562
5867570
5867571
5867572
5867580
5867581
5867588
5867643
5867644
5867645
5867652
5867653
5867660
5867661
5867662
5867668
5867669
5867670
5867671
5867678
5867733
5867734
5867735
5867738
5867739
5867740
5867742
5867743
5867749
5867750
5867751
5867752
5867753
5867754
5867755
5867756
5867758
5867759
5867768
5867823
5867824
5867825
5867826
5867828
5867832
5867833
5867834
5867835
5867836
5867837
5867838
5867839
5867840
5867841
5867842
5867843
5867844
5867848
5867849
5867850
5867918
5867923
5867924
5867925
5867926
5867927
5867928
5867930
5867931
5867932
5867933
5867934
5867935
5867936
5867938
5867939
5867940
5867942
5867943
5867944
5867945
5867946
5867947
5867948
5867949
5868008
5868009
5868010
5868012
5868013
5868014
5868015
5868016
5868017
5868018
5868020
5868021
5868022
5868023
5868024
5868025
5868026
5868032
5868033
5868034
5868035
5868036
5868037
5868038
5868039
5868107
5868108
5868109
5868110
5868111
5868199
5868200
5868201
5868289
5868290
5868291
5868379
5868380
5868381
5868382
5868469
5868470
5868471
5868472
5868480
5868559
5868560
5868561
5868562
5868570
5868571
5868649
5868650
5868651
5868652
5868739
5868740
5868741
5868742
5868826
5868827
5868828
5868829
5868830
5868831
5868832
5868916
5868917
5868918
5868919
5868920
5868921
5868922
5870008
5870009
5870010
5870011
5870099
5870100
5870101
5875040
5875041
5875063
5875064
5875065
5875066
5875067
5875068
5875220
5875335
5875336
5875337
5875679
5875680
5875681
5875769
5875770
5875771
5875859
5875860
5875951
5876031
5876032
5876039
5876040
5876041
5876122
5876129
5876130
5876131
5876212
5876219
5876220
5876221
5876302
5876392
5876400
5876401
5876482
5876490
5876571
5876572
5876580
5876661
5876662
5876670
5876752
5876759
5876760
5876828
5876829
5876830
5876831
5876832
5876833
5876842
5876843
5876844
5876845
5876846
5876847
5876848
5876849
5876850
5876851
5876932
5877012
5877013
5877021
5877022
5877028
5877030
5877031
5877103
5877111
5877112
5877119
5877120
5877121
5877202
5877210
5877211
5877282
5877283
5877292
5877298
5877300
5877301
5877382
5877388
5877389
5877390
5877391
5877472
5877478
5877479
5877480
5877481
5877487
5877488
5877562
5877563
5877564
5877565
5877566
5877567
5877568
5877569
5877570
5877571
5877577
5877578
5877652
5877658
5877659
5877660
5877661
5877668
5877742
5877748
5877749
5877750
5877751
5877832
5877838
5877839
5877840
5877841
5877920
5877922
5877928
5877929
5877930
5877931
5878010
5878018
5878019
5878020
5878021
5878028
5878100
5878111
5878260
5878261
5878262
5878263
5878264
5878265
5878266
5878267
5878268
5878269
5878270
5878271
5878272
5878273
5878274
5878275
5878276
5878277
5878278
5878279
5878280
5878281
5878282
5878283
5878284
5878285
5878286
5878287
5878288
5878289
5878290
5878291
5878294
5878296
5878297
5878302
5878303
5878304
5878305
5878350
5878351
5878352
5878353
5878354
5878355
5878356
5878357
5878358
5878359
5878360
5878361
5878362
5878363
5878364
5878365
5878366
5878367
5878368
5878369
5878370
5878371
5878372
5878373
5878374
5878375
5878376
5878377
5878378
5878379
5878380
5878381
5878384
5878386
5878387
5878389
5878390
5878391
5878392
5878393
5878394
5878395
5878530
5878531
5878532
5878533
5878534
5878620
5878621
5878622
5878623
5878624
5878710
5878711
5878712
5878713
5878714
5878800
5878801
5878802
5878803
5878804
5908320
5908321
5908322
5908323
5908324
5908325
5908326
5908327
5908328
5908329
5908330
5908331
5908332
5908333
5908334
5908335
5908336
5908337
5908338
5908339
5908340
5908341
5908342
5908343
5908344
5908345
5908346
5908347
5908348
5908349
5908350
5908351
5908352
5908353
5908354
5908355
5908356
5908357
5908358
5908359
5908360
5908361
5908362
5908363
5908364
5908365
5908366
5908367
5908368
5908369
5908370
5908371
5908372
5908373
5908374
5908375
5908376
5908377
5908378
5908379
5908380
5908382
5908386
5908387
5908388
5908389
5908390
5908439
5908440
5908529
5908530
5912820
5912821
5912822
5912823
5912824
5912825
5912831
5912832
5912834
5912835
5912836
5912837
5912838
5912839
5912840
5912841
5912842
5912843
5912844
5912845
5912846
5912847
5912848
5912849
5912852
5912855
5912856
5912858
5912910
5912911
5912912
5912913
5912915
5912917
5912919
5912920
5912922
5912923
5912924
5912928
5912929
5912930
5912931
5912932
5912933
5912934
5912935
5912936
5912937
5912938
5912939
5913026
5913027
5913090
5913091
5913092
5913093
5913104
5913105
5913116
5913182
5913194
5913195
5913206
5913272
5913296
5913476
5913489
5913542
5913552
5913553
5913554
5913555
5913566
5913579
5913632
5913642
5913669
5913720
5913722
5913746
5913759
5913810
5913812
5913836
5913902
5913926
5913939
5913992
5914016
5914029
5914082
5914106
5914119
5914171
5914172
5914182
5914196
5914209
5914260
5914261
5914262
5914286
5914299
5914350
5914352
5914366
5914376
5914389
5914440
5914442
5914466
5914479
5914530
5914532
5914533
5914556
5914569
5914622
5914624
5914625
5914646
5914712
5914714
5914715
5914736
5914800
5914804
5914812
5914826
5914894
5914902
5914916
5914929
5914993
5914994
5915006
5915074
5915083
5915084
5915096
5915173
5915186
5915252
5915254
5915263
5915264
5915276
5915340
5915341
5915342
5915343
5915344
5915353
5915354
5915366
5915434
5915444
5915456
5915522
5915524
5915532
5915534
5915546
5915614
5915622
5915636
5915649
5915712
5915726
5915739
5915804
5915816
5915829
5915884
5915906
5915973
5916009
5916086
5916099
5916153
5916162
5916176
5916189
5916252
5916254
5916266
5916279
5916342
5916356
5916369
5916424
5916425
5916426
5916428
5916429
5916430
5916431
5916432
5916433
5916434
5916435
5916436
5916438
5916439
5916440
5916441
5916442
5916443
5916444
5916445
5916446
5916447
5916448
5916449
5916451
5916453
5916454
5916457
5916458
5916459
5916460
5916518
5916519
5916520
5916521
5916522
5916523
5916524
5916525
5916526
5916527
5916528
5916529
5916530
5916531
5916532
5916533
5916534
5916535
5916536
5916537
5916538
5916539
5916540
5916541
5916542
5916543
5916544
5916545
5916547
5916548
5916549
5916612
5916626
5916716
5916797
5916806
5916887
5916896
5916977
5916986
5917067
5917076
5917156
5917157
5917246
5917335
5917336
5917346
5917425
5917426
5917436
5917515
5917516
5918529
5918597
5918619
5918709
5918777
5918889
5918979
5923640
5923666
5923667
5923668
5923669
5923670
5923672
5923675
5923676
5923730
5923755
5923756
5923757
5923758
5923759
5923760
5923761
5923762
5923763
5923764
5923765
5923766
5923767
5924189
5924199
5924369
5924370
5924459
5924460
5924550
5924639
5924640
5924649
5924739
5924804
5924819
5924894
5924909
5924919
5924920
5924984
5925010
5925072
5925089
5925099
5925100
5925179
5925180
5925267
5925270
5925356
5925357
5925358
5925360
5925369
5925446
5925448
5925450
5925524
5925525
5925539
5925540
5925639
5925640
5925690
5925705
5925719
5925720
5925780
5925792
5925794
5925795
5925809
5925810
5925811
5925819
5925870
5925882
5925884
5925885
5925897
5925899
5925900
5925901
5925909
5925960
5925973
5925974
5925975
5925987
5925990
5925991
5925999
5926050
5926064
5926077
5926078
5926080
5926081
5926140
5926154
5926166
5926167
5926169
5926170
5926171
5926179
5926230
5926257
5926258
5926259
5926260
5926261
5926269
5926320
5926347
5926348
5926349
5926350
5926359
5926411
5926437
5926439
5926440
5926449
5926500
5926501
5926502
5926527
5926528
5926529
5926530
5926539
5926590
5926591
5926592
5926616
5926617
5926618
5926619
5926680
5926681
5926682
5926692
5926706
5926707
5926709
5926710
5926719
5926770
5926771
5926772
5926781
5926782
5926796
5926797
5926860
5926871
5926872
5926873
5926886
5926887
5926889
5926890
5926950
5926951
5926952
5926961
5926962
5926963
5926964
5926965
5926976
5926977
5926979
5926980
5926989
5927040
5927041
5927042
5927051
5927052
5927053
5927054
5927055
5927066
5927067
5927068
5927069
5927070
5927079
5927141
5927142
5927143
5927144
5927145
5927156
5927157
5927159
5927160
5927169
5927224
5927225
5927226
5927227
5927228
5927229
5927230
5927231
5927232
5927233
5927234
5927235
5927236
5927237
5927238
5927239
5927240
5927241
5927242
5927243
5927244
5927245
5927246
5927247
5927248
5927249
5927250
5927251
5927252
5927253
5927257
5927259
5927260
5927261
5927262
5927314
5927315
5927316
5927317
5927318
5927319
5927320
5927321
5927322
5927323
5927324
5927325
5927326
5927327
5927328
5927329
5927330
5927331
5927332
5927333
5927334
5927335
5927336
5927337
5927338
5927339
5927340
5927341
5927342
5927343
5927344
5927346
5927347
5927349
5927350
5927351
5927352
5927353
5927400
5927401
5927402
5927403
5927404
5927490
5927491
5927492
5927493
5927494
5956920
5956921
5956923
5956924
5956925
5956926
5956927
5956928
5956929
5956930
5956931
5956932
5956933
5956934
5956935
5956936
5956937
5956938
5956939
5956940
5956941
5956942
5956943
5956944
5956945
5956946
5956947
5956948
5956949
5956950
5956952
5956953
5956954
5956955
5956956
5956957
5956958
5956959
5956960
5956961
5956962
5956963
5956964
5956965
5956966
5956967
5956968
5956969
5956970
5956971
5956972
5956973
5956974
5956975
5956976
5956977
5956978
5956979
5956980
5956981
5956983
5956986
5956987
5956988
5956989
5957039
5957040
5957129
5957130
5961420
5961421
5961422
5961423
5961424
5961428
5961429
5961430
5961431
5961445
5961447
5961448
5961449
5961450
5961451
5961452
5961453
5961454
5961456
5961457
5961510
5961511
5961516
5961517
5961518
5961519
5961520
5961522
5961524
5961525
5961529
5961532
5961533
5961534
5961535
5961536
5961538
5961612
5961626
5961627
5961692
5961703
5961704
5961705
5961716
5961717
5961782
5961806
5961807
5961872
5961896
5961897
5961910
5961986
5961987
5961999
5962000
5962050
5962052
5962076
5962077
5962142
5962152
5962153
5962154
5962155
5962166
5962167
5962180
5962232
5962242
5962243
5962244
5962245
5962257
5962270
5962322
5962334
5962347
5962359
5962360
5962412
5962436
5962437
5962449
5962450
5962500
5962502
5962526
5962527
5962539
5962540
5962592
5962616
5962617
5962624
5962629
5962630
5962682
5962692
5962706
5962707
5962719
5962720
5962770
5962771
5962772
5962782
5962796
5962797
5962809
5962810
5962860
5962861
5962862
5962872
5962876
5962886
5962887
5962899
5962900
5962951
5962952
5962966
5962976
5962977
5962989
5962990
5963040
5963042
5963043
5963066
5963067
5963079
5963080
5963130
5963132
5963133
5963134
5963156
5963157
5963170
5963222
5963223
5963224
5963225
5963246
5963247
5963259
5963260
5963312
5963313
5963314
5963315
5963336
5963337
5963349
5963350
5963400
5963401
5963402
5963403
5963404
5963412
5963426
5963427
5963439
5963440
5963492
5963494
5963502
5963516
5963517
5963529
5963530
5963580
5963582
5963583
5963584
5963585
5963593
5963594
5963606
5963607
5963619
5963670
5963672
5963673
5963674
5963675
5963696
5963697
5963762
5963763
5963764
5963765
5963786
5963787
5963852
5963853
5963854
5963855
5963876
5963877
5963941
5963942
5963943
5963944
5963966
5963967
5964032
5964033
5964034
5964035
5964056
5964057
5964122
5964123
5964124
5964125
5964132
5964133
5964134
5964146
5964147
5964212
5964214
5964215
5964222
5964236
5964237
5964302
5964303
5964304
5964305
5964312
5964326
5964327
5964339
5964340
5964393
5964394
5964395
5964402
5964404
5964416
5964417
5964429
5964430
5964484
5964506
5964507
5964519
5964520
5964572
5964573
5964574
5964596
5964597
5964609
5964610
5964663
5964686
5964687
5964753
5964754
5964762
5964776
5964777
5964789
5964790
5964844
5964852
5964854
5964855
5964866
5964867
5964870
5964879
5964880
5964942
5964956
5964957
5964970
5965025
5965026
5965028
5965029
5965030
5965031
5965032
5965033
5965034
5965035
5965036
5965037
5965038
5965039
5965040
5965041
5965042
5965043
5965044
5965045
5965046
5965047
5965048
5965050
5965051
5965052
5965053
5965054
5965055
5965059
5965060
5965119
5965125
5965129
5965133
5965134
5965135
5965136
5965137
5965138
5965139
5965141
5965142
5965143
5965144
5965145
5965146
5965147
5965148
5965149
5965150
5965211
5965212
5965226
5965227
5965239
5965316
5965317
5965406
5965407
5965487
5965496
5965497
5965577
5965586
5965587
5965667
5965676
5965677
5965756
5965757
5965766
5965767
5965846
5965856
5965857
5965946
5965947
5966036
5966037
5966126
5966949
5966950
5967016
5967017
5967124
5967129
5967130
5967197
5967219
5967220
5967287
5967309
5967310
5967377
5967399
5967400
5967489
5967490
5967579
5967580
5967669
5971905
5972330
5972357
5972358
5972359
5972360
5972361
5972362
5972363
5972364
5972365
5972709
5972889
5972969
5972970
5972979
5973069
5973159
5973238
5973239
5973240
5973249
5973339
5973429
5973430
5973492
5973493
5973494
5973519
5973582
5973584
5973609
5973610
5973673
5973699
5973763
5973764
5973789
5973790
5973853
5973854
5973879
5973944
5974034
5974035
5974060
5974124
5974125
5974139
5974140
5974239
5974240
5974290
5974304
5974305
5974329
5974380
5974394
5974419
5974420
5974509
5974573
5974574
5974599
5974664
5974689
5974690
5974740
5974769
5974770
5974830
5974859
5974860
5974861
5974869
5974870
5974920
5974959
5975010
5975036
5975049
5975102
5975112
5975127
5975140
5975190
5975191
5975192
5975202
5975204
5975280
5975282
5975292
5975307
5975308
5975309
5975310
5975320
5975370
5975372
5975382
5975383
5975396
5975398
5975410
5975460
5975472
5975474
5975488
5975489
5975552
5975562
5975563
5975564
5975565
5975576
5975578
5975579
5975590
5975640
5975641
5975642
5975652
5975653
5975666
5975668
5975742
5975743
5975744
5975745
5975756
5975757
5975758
5975759
5975760
5975770
5975832
5975835
5975850
5975860
5975914
5975915
5975916
5975917
5975918
5975919
5975920
5975921
5975922
5975923
5975924
5975925
5975926
5975927
5975928
5975929
5975930
5975931
5975932
5975933
5975934
5975935
5975936
5975937
5975938
5975940
5975941
5975942
5975943
5975944
5975945
5976000
5976001
5976002
5976003
6005520
6005521
6005522
6005523
6005524
6005525
6005526
6005527
6005528
6005529
6005530
6005531
6005532
6005533
6005534
6005535
6005536
6005537
6005538
6005539
6005540
6005541
6005542
6005543
6005544
6005545
6005546
6005547
6005548
6005549
6005550
6005551
6005552
6005553
6005554
6005555
6005556
6005557
6005558
6005559
6005560
6005561
6005562
6005563
6005564
6005565
6005566
6005567
6005568
6005569
6005570
6005571
6005572
6005573
6005574
6005575
6005576
6005577
6005578
6005579
6005580
6005581
6005583
6005587
6005588
6005639
6005640
6005729
6005730
6010020
6010021
6010044
6010045
6010046
6010047
6010048
6010049
6010050
6010051
6010110
6010111
6010115
6010125
6010134
6010135
6010145
6010212
6010303
6010304
6010317
6010381
6010382
6010471
6010472
6010496
6010497
6010510
6010565
6010676
6010677
6010742
6010752
6010753
6010754
6010755
6010766
6010767
6010777
6010780
6010831
6010832
6010842
6010845
6010870
6010921
6010922
6010932
6010934
6010947
6010959
6010960
6011010
6011015
6011025
6011101
6011105
6011127
6011139
6011191
6011192
6011217
6011230
6011281
6011282
6011292
6011306
6011307
6011313
6011314
6011315
6011370
6011371
6011372
6011382
6011396
6011397
6011410
6011460
6011461
6011462
6011472
6011487
6011550
6011551
6011552
6011576
6011577
6011589
6011590
6011641
6011642
6011667
6011680
6011730
6011731
6011732
6011756
6011757
6011769
6011821
6011822
6011846
6011847
6011859
6011860
6011910
6011911
6011912
6011913
6011914
6011936
6011937
6011949
6012000
6012001
6012002
6012003
6012004
6012005
6012012
6012026
6012030
6012031
6012039
6012040
6012091
6012092
6012093
6012094
6012102
6012130
6012181
6012182
6012183
6012184
6012193
6012194
6012207
6012219
6012220
6012271
6012272
6012273
6012274
6012310
6012361
6012362
6012363
6012364
6012387
6012451
6012452
6012454
6012476
6012477
6012541
6012542
6012567
6012631
6012632
6012633
6012634
6012656
6012657
6012721
6012722
6012723
6012724
6012732
6012733
6012734
6012747
6012811
6012812
6012813
6012814
6012822
6012836
6012837
6012901
6012902
6012903
6012904
6012905
6012912
6012926
6012927
6012940
6012994
6012995
6013002
6013003
6013004
6013005
6013006
6013016
6013017
6013029
6013030
6013082
6013083
6013084
6013085
6013106
6013107
6013119
6013120
6013173
6013174
6013175
6013197
6013199
6013210
6013286
6013287
6013289
6013299
6013362
6013363
6013364
6013377
6013379
6013389
6013390
6013452
6013453
6013454
6013455
6013466
6013467
6013469
6013470
6013471
6013479
6013542
6013556
6013557
6013570
6013632
6013634
6013635
6013643
6013644
6013645
6013647
6013648
6013650
6013651
6013654
6013655
6013660
6013725
6013734
6013735
6013738
6013740
6013741
6013742
6013744
6013745
6013812
6013826
6013827
6013833
6013834
6013916
6013917
6014007
6014087
6014096
6014097
6014177
6014187
6014267
6014277
6014356
6014357
6014366
6014367
6014369
6014370
6014375
6014376
6014456
6014460
6014461
6014462
6014463
6014464
6014465
6014546
6014547
6015617
6015639
6015707
6015718
6015719
6015720
6015721
6015722
6015723
6015725
6015726
6015730
6015819
6015820
6015887
6015977
6015999
6016000
6016067
6016449
6020505
6021309
6021569
6021579
6021759
6021760
6021837
6021838
6021839
6021840
6021927
6021929
6022017
6022018
6022019
6022029
6022030
6022093
6022094
6022107
6022119
6022184
6022209
6022210
6022273
6022274
6022363
6022389
6022390
6022453
6022634
6022659
6022660
6022723
6022724
6022739
6022740
6022839
6022840
6022904
6022905
6022994
6023020
6023251
6023289
6023290
6023341
6023342
6023369
6023370
6023432
6023456
6023457
6023459
6023460
6023461
6023470
6023532
6023611
6023622
6023636
6023701
6023702
6023712
6023740
6023790
6023792
6023802
6023882
6023892
6023893
6023907
6023908
6023909
6023910
6023920
6023971
6023982
6023983
6024061
6024062
6024072
6024074
6024086
6024099
6024151
6024152
6024162
6024177
6024190
6024240
6024241
6024242
6024252
6024253
6024266
6024342
6024343
6024344
6024345
6024356
6024357
6024358
6024359
6024360
6024370
6024447
6024450
6024456
6024460
6024515
6024516
6024524
6024525
6024533
6024534
6024535
6024536
6024537
6024538
6024539
6024540
6024541
6024546
6024600
6024601
6024602
6024603
6054120
6054121
6054122
6054123
6054124
6054125
6054126
6054127
6054128
6054129
6054130
6054131
6054132
6054133
6054134
6054135
6054136
6054137
6054138
6054139
6054140
6054141
6054142
6054143
6054144
6054145
6054146
6054147
6054148
6054149
6054150
6054151
6054152
6054153
6054154
6054155
6054156
6054157
6054158
6054159
6054160
6054161
6054162
6054163
6054164
6054165
6054166
6054167
6054168
6054169
6054170
6054171
6054172
6054173
6054174
6054175
6054176
6054177
6054178
6054179
6054180
6054181
6054184
6054239
6054240
6054329
6054330
6058620
6058621
6058622
6058626
6058643
6058644
6058645
6058646
6058647
6058648
6058656
6058711
6058733
6058734
6058738
6058741
6058742
6058746
6058812
6058891
6058902
6058903
6058904
6058905
6058917
6058930
6059071
6059072
6059096
6059097
6059109
6059110
6059165
6059166
6059167
6059200
6059255
6059256
6059257
6059276
6059341
6059342
6059346
6059347
6059352
6059353
6059354
6059366
6059367
6059377
6059378
6059380
6059431
6059432
6059433
6059435
6059436
6059442
6059444
6059445
6059521
6059522
6059532
6059534
6059535
6059546
6059547
6059559
6059615
6059616
6059617
6059625
6059637
6059705
6059706
6059707
6059727
6059791
6059792
6059796
6059816
6059817
6059830
6059881
6059882
6059892
6059895
6059906
6059907
6059914
6059915
6059971
6059972
6059982
6059996
6059997
6060002
6060003
6060004
6060005
6060009
6060010
6060061
6060062
6060072
6060077
6060087
6060100
6060151
6060152
6060176
6060177
6060189
6060190
6060241
6060242
6060267
6060280
6060331
6060332
6060356
6060369
6060421
6060422
6060446
6060447
6060459
6060460
6060511
6060512
6060537
6060549
6060601
6060602
6060612
6060616
6060627
6060630
6060631
6060639
6060640
6060691
6060692
6060693
6060702
6060721
6060730
6060781
6060782
6060794
6060807
6060819
6060820
6060871
6060872
6060873
6060897
6060910
6060961
6060962
6060963
6060964
6060987
6061051
6061052
6061053
6061054
6061077
6061141
6061142
6061167
6061256
6061257
6061332
6061347
6061412
6061413
6061414
6061422
6061436
6061437
6061502
6061503
6061504
6061505
6061512
6061526
6061538
6061540
6061592
6061593
6061594
6061595
6061602
6061603
6061604
6061605
6061606
6061616
6061617
6061623
6061624
6061626
6061628
6061629
6061630
6061706
6061712
6061714
6061715
6061716
6061719
6061720
6061797
6061810
6061887
6061889
6061962
6061963
6061977
6061979
6061989
6061990
6062052
6062054
6062055
6062056
6062066
6062067
6062069
6062070
6062071
6062072
6062073
6062074
6062075
6062142
6062156
6062157
6062169
6062170
6062232
6062234
6062235
6062242
6062243
6062244
6062247
6062251
6062256
6062325
6062332
6062333
6062334
6062338
6062341
6062342
6062345
6062346
6062412
6062426
6062427
6062433
6062516
6062517
6062524
6062525
6062607
6062696
6062697
6062772
6062773
6062777
6062787
6062862
6062863
6062867
6062877
6062956
6062957
6062966
6062967
6062975
6062976
6063057
6063059
6063060
6063061
6063062
6063063
6063064
6063065
6063146
6063147
6063326
6063969
6063970
6064056
6064149
6064150
6064227
6064233
6064234
6064239
6064317
6064318
6064319
6064320
6064321
6064324
6064325
6064326
6064330
6064419
6064420
6064487
6064577
6064599
6064600
6064667
6064689
6064757
6064780
6064859
6064860
6064861
6064862
6064863
6064864
6064869
6064956
6065049
6065050
6065139
6069909
6070167
6070168
6070169
6070170
6070179
6070257
6070258
6070347
6070359
6070360
6070437
6070438
6070439
6070440
6070527
6070529
6070617
6070618
6070619
6070629
6070630
6070693
6070694
6070707
6070709
6070782
6070797
6070809
6070810
6070872
6070873
6070874
6070962
6070963
6070989
6070990
6071054
6071142
6071144
6071232
6071234
6071247
6071259
6071260
6071323
6071324
6071325
6071337
6071338
6071339
6071340
6071415
6071439
6071440
6071502
6071504
6071505
6071594
6071595
6071619
6071620
6071684
6071685
6071774
6071775
6071786
6071876
6071877
6071890
6071968
6071970
6072056
6072057
6072058
6072059
6072060
6072061
6072069
6072070
6072132
6072147
6072148
6072160
6072212
6072222
6072240
6072312
6072313
6072327
6072328
6072340
6072402
6072418
6072419
6072429
6072482
6072492
6072506
6072507
6072508
6072509
6072510
6072519
6072520
6072582
6072610
6072662
6072672
6072686
6072752
6072762
6072764
6072777
6072790
6072842
6072852
6072854
6072866
6072867
6072944
6072956
6072957
6072958
6072959
6072960
6072970
6073026
6073027
6073042
6073043
6073048
6073050
6073057
6073116
6073117
6073124
6073125
6073132
6073133
6073134
6073135
6073136
6073137
6073138
6073139
6073140
6073141
6073147
6073200
6073201
6073202
6073203
6102720
6102721
6102722
6102723
6102724
6102725
6102726
6102727
6102728
6102729
6102730
6102731
6102732
6102733
6102734
6102735
6102736
6102737
6102738
6102739
6102740
6102741
6102742
6102743
6102744
6102745
6102746
6102747
6102748
6102749
6102750
6102751
6102752
6102753
6102754
6102755
6102756
6102757
6102758
6102759
6102760
6102761
6102762
6102763
6102764
6102765
6102766
6102767
6102768
6102769
6102770
6102771
6102772
6102773
6102774
6102775
6102776
6102777
6102778
6102779
6102780
6102781
6102839
6102840
6102930
6107220
6107221
6107222
6107223
6107242
6107243
6107244
6107245
6107246
6107247
6107248
6107250
6107257
6107311
6107312
6107317
6107338
6107412
6107439
6107502
6107504
6107505
6107517
6107592
6107593
6107594
6107595
6107620
6107670
6107672
6107682
6107683
6107684
6107685
6107696
6107697
6107709
6107710
6107760
6107766
6107767
6107772
6107773
6107774
6107775
6107862
6107863
6107864
6107865
6107876
6107952
6107953
6107954
6107955
6107966
6107967
6107972
6107973
6107974
6107975
6107976
6107977
6107978
6107980
6108032
6108033
6108034
6108035
6108036
6108037
6108042
6108065
6108066
6108067
6108120
6108122
6108132
6108134
6108135
6108146
6108147
6108160
6108212
6108216
6108217
6108222
6108223
6108224
6108225
6108250
6108312
6108313
6108314
6108315
6108326
6108327
6108402
6108403
6108404
6108405
6108416
6108417
6108425
6108429
6108430
6108482
6108485
6108486
6108487
6108492
6108493
6108494
6108495
6108506
6108507
6108515
6108519
6108570
6108571
6108572
6108582
6108596
6108597
6108602
6108603
6108604
6108605
6108609
6108610
6108662
6108672
6108673
6108674
6108675
6108676
6108700
6108750
6108752
6108776
6108777
6108789
6108790
6108840
6108842
6108880
6108932
6108960
6108969
6109022
6109047
6109050
6109051
6109059
6109060
6109112
6109139
6109140
6109141
6109149
6109212
6109213
6109214
6109216
6109227
6109229
6109231
6109239
6109240
6109317
6109319
6109330
6109382
6109394
6109407
6109419
6109420
6109472
6109484
6109497
6109510
6109562
6109573
6109574
6109587
6109599
6109652
6109664
6109676
6109677
6109689
6109690
6109767
6109856
6109857
6109934
6109960
6110022
6110036
6110037
6110112
6110126
6110138
6110202
6110203
6110204
6110205
6110206
6110217
6110227
6110228
6110229
6110311
6110312
6110315
6110316
6110317
6110319
6110402
6110404
6110405
6110486
6110487
6110499
6110562
6110563
6110564
6110577
6110579
6110580
6110584
6110585
6110590
6110652
6110656
6110666
6110667
6110669
6110670
6110671
6110672
6110673
6110674
6110675
6110742
6110756
6110757
6110770
6110832
6110834
6110835
6110842
6110843
6110847
6110851
6110925
6110931
6110932
6110933
6110937
6110941
6110942
6110947
6110948
6111012
6111026
6111027
6111033
6111034
6111116
6111117
6111120
6111121
6111122
6111123
6111124
6111125
6111207
6111216
6111296
6111297
6111306
6111372
6111373
6111374
6111375
6111376
6111377
6111387
6111396
6111462
6111463
6111464
6111465
6111466
6111467
6111477
6111555
6111556
6111557
6111566
6111567
6111569
6111570
6111571
6111572
6111573
6111574
6111575
6111576
6111659
6111660
6111661
6111662
6111663
6111664
6111665
6111746
6111747
6111749
6111750
6111751
6111752
6111753
6111754
6111755
6111825
6111826
6111914
6111915
6111916
6111926
6112004
6112005
6112006
6112364
6112570
6112659
6112737
6112745
6112816
6112817
6112827
6112833
6112834
6112835
6112918
6112919
6112920
6112921
6112922
6112923
6112924
6112925
6112930
6112997
6113015
6113016
6113019
6113020
6113087
6113176
6113177
6113199
6113200
6113267
6113289
6113380
6113457
6113460
6113461
6113462
6113463
6113464
6113469
6113550
6113551
6113552
6113553
6113554
6113556
6113649
6113650
6113739
6113829
6113830
6113919
6118239
6118319
6118329
6118409
6118499
6118509
6118678
6118767
6118769
6118779
6118857
6118858
6118860
6118934
6118947
6118948
6118949
6118959
6119023
6119024
6119037
6119038
6119039
6119040
6119114
6119127
6119217
6119229
6119230
6119292
6119293
6119307
6119382
6119397
6119409
6119410
6119472
6119487
6119562
6119577
6119590
6119652
6119667
6119670
6119742
6119744
6119757
6119758
6119759
6119760
6119769
6119832
6119847
6119859
6119860
6119922
6119925
6119937
6119938
6119939
6119940
6120012
6120015
6120027
6120029
6120039
6120040
6120102
6120117
6120118
6120119
6120192
6120206
6120207
6120208
6120209
6120220
6120270
6120271
6120297
6120298
6120299
6120360
6120361
6120386
6120388
6120389
6120450
6120451
6120452
6120462
6120477
6120478
6120479
6120489
6120490
6120540
6120541
6120552
6120568
6120569
6120570
6120631
6120642
6120656
6120657
6120658
6120659
6120660
6120670
6120721
6120722
6120732
6120748
6120749
6120750
6120810
6120811
6120812
6120838
6120839
6120840
6120849
6120900
6120927
6120940
6120990
6121002
6121018
6121019
6121020
6121030
6121080
6121081
6121092
6121107
6121109
6121110
6121120
6121171
6121172
6121182
6121183
6121184
6121185
6121186
6121187
6121198
6121199
6121200
6121210
6121261
6121262
6121272
6121273
6121275
6121276
6121277
6121286
6121288
6121289
6121290
6121352
6121362
6121364
6121365
6121366
6121367
6121376
6121377
6121378
6121379
6121380
6121390
6121440
6121441
6121452
6121454
6121456
6121457
6121466
6121467
6121468
6121469
6121470
6121543
6121544
6121545
6121546
6121547
6121559
6121560
6121570
6121627
6121628
6121634
6121641
6121642
6121650
6121660
6121717
6121718
6121724
6121725
6121731
6121732
6121734
6121735
6121736
6121737
6121738
6121739
6121740
6121741
6121748
6121800
6121801
6121802
6121803
6151320
6151321
6151322
6151323
6151324
6151325
6151326
6151327
6151328
6151329
6151330
6151331
6151332
6151333
6151334
6151335
6151336
6151337
6151338
6151339
6151340
6151341
6151342
6151343
6151344
6151345
6151346
6151347
6151348
6151349
6151350
6151351
6151352
6151353
6151354
6151355
6151356
6151357
6151358
6151359
6151360
6151361
6151362
6151363
6151364
6151365
6151366
6151367
6151368
6151369
6151370
6151371
6151372
6151373
6151374
6151375
6151376
6151377
6151378
6151379
6151380
6151381
6151383
6151439
6151440
6151529
6151530
6155820
6155821
6155840
6155859
6155911
6155925
6155938
6155960
6155961
6156012
6156039
6156091
6156102
6156105
6156116
6156117
6156129
6156130
6156181
6156182
6156192
6156195
6156220
6156270
6156271
6156272
6156282
6156285
6156296
6156297
6156309
6156310
6156360
6156361
6156362
6156366
6156367
6156372
6156375
6156400
6156450
6156451
6156462
6156487
6156541
6156542
6156546
6156547
6156552
6156566
6156567
6156572
6156573
6156574
6156575
6156576
6156577
6156578
6156580
6156631
6156632
6156633
6156634
6156635
6156636
6156637
6156642
6156665
6156666
6156720
6156721
6156722
6156732
6156735
6156746
6156747
6156754
6156760
6156810
6156811
6156812
6156815
6156816
6156817
6156822
6156824
6156825
6156845
6156850
6156900
6156901
6156912
6156915
6156927
6156935
6156939
6156992
6156996
6156997
6157002
6157004
6157016
6157017
6157029
6157030
6157081
6157082
6157083
6157084
6157085
6157086
6157087
6157092
6157095
6157106
6157111
6157112
6157113
6157114
6157115
6157119
6157170
6157171
6157172
6157182
6157196
6157202
6157203
6157204
6157205
6157209
6157210
6157261
6157262
6157272
6157273
6157274
6157275
6157276
6157277
6157300
6157350
6157351
6157352
6157362
6157363
6157364
6157365
6157366
6157367
6157377
6157389
6157390
6157441
6157442
6157452
6157453
6157454
6157455
6157456
6157457
6157480
6157531
6157532
6157542
6157543
6157544
6157545
6157546
6157547
6157569
6157621
6157622
6157632
6157633
6157634
6157635
6157636
6157637
6157647
6157659
6157660
6157711
6157712
6157722
6157723
6157724
6157725
6157726
6157727
6157737
6157749
6157801
6157812
6157813
6157814
6157815
6157816
6157817
6157827
6157839
6157840
6157891
6157892
6157902
6157917
6157930
6157981
6157982
6157993
6157994
6158007
6158019
6158020
6158071
6158072
6158083
6158084
6158097
6158110
6158162
6158172
6158173
6158174
6158186
6158187
6158199
6158252
6158264
6158265
6158276
6158277
6158289
6158290
6158355
6158380
6158445
6158456
6158457
6158470
6158535
6158558
6158560
6158625
6158637
6158648
6158649
6158712
6158715
6158738
6158739
6158740
6158802
6158803
6158804
6158805
6158806
6158817
6158820
6158821
6158822
6158823
6158824
6158825
6158826
6158827
6158828
6158829
6158907
6158909
6158915
6158916
6158917
6158920
6158997
6159003
6159004
6159010
6159086
6159087
6159091
6159092
6159093
6159094
6159095
6159099
6159162
6159163
6159164
6159177
6159180
6159181
6159182
6159183
6159184
6159185
6159190
6159252
6159255
6159256
6159266
6159267
6159269
6159271
6159272
6159273
6159274
6159342
6159356
6159357
6159432
6159434
6159435
6159441
6159451
6159458
6159525
6159530
6159531
6159537
6159541
6159542
6159548
6159612
6159626
6159627
6159716
6159717
6159719
6159720
6159721
6159722
6159723
6159724
6159807
6159808
6159809
6159810
6159811
6159812
6159813
6159814
6159815
6159816
6159896
6159897
6159905
6159906
6159972
6159987
6159995
6160062
6160077
6160078
6160079
6160080
6160081
6160082
6160083
6160084
6160085
6160166
6160167
6160168
6160169
6160170
6160171
6160172
6160173
6160174
6160175
6160176
6160256
6160338
6160346
6160347
6160348
6160349
6160350
6160351
6160352
6160353
6160354
6160355
6160428
6160438
6160439
6160440
6160441
6160442
6160443
6160444
6160872
6160982
6160983
6160984
6160985
6160989
6161075
6161076
6161166
6161169
6161170
6161248
6161249
6161250
6161251
6161252
6161253
6161254
6161255
6161256
6161338
6161339
6161340
6161342
6161344
6161345
6161346
6161349
6161350
6161418
6161439
6161517
6161523
6161524
6161525
6161607
6161608
6161609
6161610
6161611
6161612
6161613
6161614
6161615
6161619
6161620
6161698
6161705
6161706
6161796
6161799
6161800
6161877
6161878
6161879
6161880
6161881
6161882
6161883
6161884
6161885
6161886
6161889
6161967
6161968
6161969
6161970
6161971
6161972
6161973
6161974
6161975
6161980
6162069
6162136
6162137
6162150
6162151
6162152
6162153
6162154
6162156
6162237
6162238
6162240
6162241
6162242
6162243
6162244
6162246
6162249
6162250
6162335
6162336
6162339
6162430
6162508
6162509
6162512
6162513
6162514
6162515
6162516
6162519
6162597
6167109
6167367
6167379
6167457
6167534
6167547
6167559
6167560
6167622
6167624
6167637
6167727
6167730
6167739
6167817
6167829
6167892
6167894
6167895
6167896
6167907
6167910
6167982
6167985
6167986
6167997
6168000
6168009
6168010
6168072
6168075
6168087
6168162
6168163
6168164
6168165
6168177
6168190
6168252
6168253
6168254
6168267
6168268
6168269
6168342
6168357
6168359
6168432
6168447
6168459
6168460
6168522
6168536
6168537
6168538
6168539
6168612
6168626
6168627
6168629
6168639
6168640
6168692
6168702
6168718
6168719
6168720
6168782
6168806
6168807
6168809
6168810
6168811
6168819
6168820
6168872
6168882
6168897
6169062
6169063
6169140
6169142
6169152
6169154
6169242
6169243
6169244
6169260
6169261
6169269
6169270
6169322
6169334
6169360
6169422
6169423
6169449
6169512
6169513
6169539
6169540
6169591
6169602
6169692
6169707
6169719
6169720
6169782
6169800
6169871
6169872
6169873
6169886
6169962
6169963
6169977
6169990
6170040
6170041
6170052
6170053
6170066
6170067
6170080
6170143
6170157
6170170
6170222
6170228
6170229
6170234
6170240
6170241
6170247
6170318
6170319
6170324
6170325
6170330
6170331
6170341
6170348
6170400
6170401
6170402
6170403
6199920
6199921
6199922
6199923
6199924
6199925
6199926
6199927
6199928
6199929
6199930
6199931
6199932
6199933
6199934
6199935
6199936
6199937
6199938
6199939
6199940
6199941
6199942
6199943
6199944
6199945
6199946
6199947
6199948
6199949
6199950
6199951
6199952
6199953
6199954
6199955
6199956
6199957
6199958
6199959
6199960
6199961
6199962
6199963
6199964
6199965
6199966
6199967
6199968
6199969
6199970
6199971
6199972
6199973
6199974
6199975
6199976
6199977
6199978
6199979
6199980
6199981
6199982
6200039
6200040
6200130
6204420
6204421
6204445
6204448
6204451
6204460
6204511
6204519
6204520
6204525
6204529
6204530
6204538
6204541
6204559
6204560
6204612
6204626
6204639
6204702
6204716
6204717
6204729
6204730
6204780
6204782
6204792
6204811
6204812
6204814
6204816
6204817
6204818
6204872
6204882
6204896
6204897
6204907
6204908
6204909
6204910
6204960
6204962
6204963
6204964
6204965
6204966
6204967
6204972
6204997
6204998
6205000
6205052
6205053
6205054
6205055
6205056
6205057
6205062
6205076
6205077
6205081
6205082
6205083
6205084
6205085
6205086
6205087
6205088
6205142
6205143
6205144
6205145
6205146
6205147
6205152
6205167
6205172
6205176
6205177
6205180
6205230
6205232
6205233
6205234
6205235
6205242
6205320
6205322
6205332
6205346
6205347
6205349
6205352
6205353
6205354
6205355
6205359
6205360
6205412
6205413
6205414
6205415
6205416
6205417
6205422
6205441
6205442
6205443
6205444
6205445
6205450
6205502
6205503
6205504
6205505
6205506
6205507
6205512
6205534
6205535
6205539
6205592
6205593
6205594
6205595
6205596
6205597
6205602
6205616
6205617
6205621
6205622
6205623
6205624
6205625
6205629
6205630
6205682
6205683
6205684
6205685
6205686
6205692
6205711
6205712
6205713
6205714
6205715
6205719
6205770
6205771
6205772
6205782
6205797
6205809
6205810
6205862
6205872
6205900
6205950
6205952
6205962
6205977
6205989
6205990
6206042
6206052
6206067
6206080
6206132
6206142
6206169
6206232
6206247
6206259
6206260
6206311
6206322
6206337
6206349
6206402
6206412
6206413
6206414
6206427
6206439
6206440
6206502
6206517
6206530
6206606
6206607
6206619
6206620
6206697
6206710
6206772
6206773
6206774
6206786
6206862
6206863
6206864
6206865
6206876
6206877
6206890
6206953
6206954
6206955
6206972
6206977
6206980
6207043
6207044
6207045
6207057
6207061
6207064
6207065
6207066
6207067
6207068
6207069
6207070
6207133
6207134
6207135
6207149
6207158
6207159
6207214
6207223
6207224
6207225
6207239
6207248
6207304
6207312
6207313
6207314
6207315
6207327
6207329
6207330
6207331
6207332
6207333
6207334
6207335
6207336
6207337
6207338
6207339
6207340
6207402
6207403
6207404
6207405
6207406
6207417
6207421
6207422
6207423
6207424
6207425
6207426
6207427
6207428
6207429
6207507
6207519
6207520
6207597
6207599
6207686
6207687
6207689
6207762
6207763
6207764
6207777
6207852
6207854
6207855
6207856
6207866
6207867
6207868
6207869
6207870
6207942
6207956
6208032
6208047
6208051
6208124
6208125
6208129
6208130
6208141
6208142
6208212
6208226
6208227
6208316
6208317
6208401
6208407
6208408
6208409
6208410
6208411
6208412
6208413
6208414
6208415
6208491
6208496
6208497
6208498
6208499
6208500
6208501
6208502
6208503
6208504
6208505
6208506
6208581
6208587
6208588
6208589
6208590
6208591
6208592
6208593
6208594
6208595
6208596
6208662
6208678
6208679
6208680
6208681
6208682
6208683
6208684
6208685
6208686
6208767
6208848
6208938
6208947
6209028
6209038
6209039
6209040
6209041
6209042
6209043
6209117
6209118
6209126
6209128
6209129
6209130
6209131
6209132
6209133
6209134
6209205
6209219
6209220
6209221
6209222
6209223
6209295
6209385
6209472
6209474
6209476
6209477
6209500
6209568
6209589
6209590
6209674
6209675
6209748
6209758
6209759
6209760
6209761
6209762
6209763
6209764
6209769
6209770
6209848
6209849
6209854
6209855
6209856
6209927
6209928
6209937
6210027
6210108
6210117
6210214
6210215
6210219
6210220
6210288
6210297
6210299
6210300
6210301
6210302
6210303
6210304
6210305
6210387
6210388
6210389
6210390
6210391
6210392
6210393
6210399
6210400
6210467
6210468
6210477
6210483
6210484
6210485
6210489
6210580
6210647
6210648
6210669
6210737
6210738
6210747
6210827
6210828
6210837
6210838
6210839
6210840
6210841
6210842
6210843
6210844
6210846
6210849
6210850
6210917
6210927
6210928
6210929
6210930
6210931
6210932
6210933
6210934
6210939
6211018
6211019
6211020
6211021
6211022
6211023
6211024
6211025
6211097
6211098
6211108
6211109
6211110
6211111
6211112
6211113
6211114
6211115
6211378
6211379
6215529
6215709
6215867
6215957
6215979
6216047
6216057
6216137
6216147
6216149
6216150
6216159
6216227
6216237
6216239
6216240
6216313
6216314
6216315
6216316
6216317
6216327
6216329
6216330
6216339
6216403
6216417
6216420
6216429
6216430
6216507
6216510
6216597
6216598
6216599
6216609
6216610
6216662
6216687
6216688
6216689
6216690
6216752
6216762
6216778
6216790
6216852
6216853
6216854
6216855
6216856
6216868
6216932
6216942
6216945
6216956
6216958
6217021
6217022
6217032
6217046
6217047
6217048
6217049
6217059
6217060
6217111
6217112
6217122
6217124
6217138
6217202
6217212
6217226
6217227
6217228
6217229
6217239
6217240
6217291
6217292
6217302
6217303
6217319
6217381
6217392
6217394
6217406
6217407
6217420
6217471
6217472
6217482
6217484
6217561
6217562
6217572
6217574
6217586
6217651
6217652
6217663
6217676
6217677
6217690
6217740
6217741
6217780
6217830
6217831
6217842
6217843
6217856
6217857
6217858
6217859
6217870
6217921
6217932
6217933
6217948
6217949
6218021
6218022
6218036
6218038
6218039
6218101
6218127
6218128
6218129
6218140
6218190
6218191
6218192
6218202
6218203
6218217
6218230
6218281
6218282
6218291
6218292
6218307
6218320
6218371
6218372
6218382
6218410
6218461
6218462
6218471
6218472
6218486
6218551
6218552
6218562
6218589
6218590
6218641
6218642
6218652
6218679
6218743
6218757
6218769
6218770
6218822
6218829
6218830
6218832
6218834
6218837
6218839
6218840
6218911
6218919
6218920
6218924
6218925
6218929
6218930
6218934
6218935
6218936
6218937
6218940
6218941
6218942
6219000
6219001
6219002
6219003
6248520
6248521
6248522
6248523
6248524
6248525
6248526
6248527
6248528
6248529
6248530
6248531
6248532
6248533
6248534
6248535
6248536
6248537
6248538
6248539
6248540
6248541
6248542
6248543
6248544
6248545
6248546
6248547
6248548
6248549
6248550
6248552
6248553
6248554
6248555
6248556
6248557
6248558
6248559
6248560
6248561
6248562
6248563
6248564
6248565
6248566
6248567
6248568
6248569
6248570
6248571
6248572
6248573
6248574
6248575
6248576
6248577
6248578
6248579
6248580
6248581
6248639
6248640
6248729
6248730
6253020
6253021
6253022
6253030
6253038
6253045
6253048
6253049
6253050
6253051
6253068
6253069
6253111
6253120
6253124
6253125
6253128
6253129
6253138
6253141
6253142
6253158
6253159
6253212
6253226
6253239
6253291
6253302
6253316
6253317
6253329
6253330
6253381
6253382
6253392
6253409
6253416
6253420
6253471
6253482
6253496
6253497
6253501
6253503
6253504
6253506
6253509
6253510
6253561
6253562
6253572
6253591
6253593
6253594
6253595
6253596
6253651
6253652
6253662
6253676
6253683
6253684
6253685
6253686
6253741
6253742
6253752
6253754
6253766
6253767
6253780
6253831
6253832
6253842
6253843
6253859
6253869
6253921
6253932
6253933
6253934
6253946
6253947
6253949
6253959
6253960
6254011
6254012
6254022
6254023
6254024
6254039
6254040
6254042
6254043
6254044
6254045
6254050
6254101
6254102
6254112
6254129
6254131
6254132
6254133
6254134
6254139
6254191
6254202
6254216
6254217
6254229
6254230
6254281
6254292
6254319
6254371
6254372
6254382
6254397
6254409
6254410
6254461
6254462
6254472
6254487
6254500
6254551
6254552
6254562
6254577
6254589
6254590
6254641
6254642
6254652
6254667
6254680
6254731
6254742
6254757
6254769
6254832
6254846
6254847
6254859
6254860
6254912
6254922
6254936
6254937
6254949
6255012
6255013
6255014
6255026
6255027
6255039
6255040
6255102
6255103
6255130
6255206
6255207
6255219
6255220
6255224
6255297
6255310
6255314
6255372
6255373
6255374
6255375
6255453
6255454
6255455
6255462
6255463
6255464
6255465
6255477
6255489
6255490
6255544
6255545
6255553
6255569
6255580
6255634
6255643
6255657
6255659
6255660
6255661
6255664
6255665
6255666
6255667
6255669
6255670
6255747
6255748
6255749
6255750
6255751
6255752
6255753
6255754
6255755
6255756
6255757
6255758
6255759
6255760
6255814
6255837
6255840
6255841
6255842
6255843
6255844
6255845
6255846
6255847
6255848
6255849
6255904
6255912
6255913
6255914
6255915
6255927
6255929
6255930
6255932
6255933
6255934
6255935
6255936
6255937
6255938
6255939
6255940
6256002
6256004
6256005
6256006
6256017
6256019
6256029
6256092
6256093
6256094
6256095
6256096
6256106
6256107
6256109
6256119
6256120
6256182
6256183
6256184
6256185
6256186
6256197
6256199
6256210
6256272
6256273
6256274
6256275
6256276
6256286
6256287
6256289
6256362
6256363
6256364
6256365
6256366
6256377
6256379
6256452
6256455
6256456
6256466
6256467
6256469
6256470
6256542
6256556
6256557
6256632
6256651
6256724
6256725
6256728
6256741
6256742
6256812
6256826
6256916
6256917
6257001
6257091
6257096
6257097
6257181
6257263
6257264
6257265
6257266
6257267
6257270
6257271
6257358
6257367
6257448
6257538
6257628
6257716
6257717
6257718
6257802
6257803
6257804
6257805
6257892
6257895
6257982
6257983
6257984
6257985
6257986
6257987
6257988
6258013
6258014
6258015
6258016
6258017
6258018
6258019
6258072
6258073
6258075
6258076
6258077
6258078
6258103
6258104
6258105
6258106
6258107
6258108
6258109
6258168
6258189
6258190
6258193
6258194
6258195
6258196
6258198
6258199
6258258
6258283
6258285
6258286
6258287
6258288
6258289
6258348
6258370
6258374
6258376
6258377
6258378
6258432
6258433
6258436
6258437
6258438
6258447
6258459
6258463
6258465
6258466
6258467
6258537
6258550
6258554
6258555
6258556
6258618
6258627
6258639
6258642
6258643
6258644
6258645
6258646
6258717
6258733
6258735
6258736
6258792
6258793
6258796
6258797
6258807
6258819
6258820
6258822
6258824
6258825
6258826
6258827
6258882
6258897
6258913
6258914
6258915
6258916
6258917
6258987
6258990
6259000
6259003
6259004
6259005
6259006
6259007
6259008
6259077
6259078
6259079
6259080
6259089
6259092
6259093
6259094
6259095
6259096
6259097
6259098
6259156
6259157
6259158
6259180
6259183
6259184
6259185
6259186
6259187
6259188
6259189
6259242
6259243
6259247
6259248
6259269
6259272
6259273
6259274
6259275
6259276
6259277
6259278
6259279
6259362
6259363
6259364
6259365
6259366
6259367
6259369
6259449
6259450
6259452
6259453
6259454
6259455
6259456
6259457
6259458
6259459
6259517
6259518
6259542
6259543
6259544
6259545
6259547
6259548
6259602
6259603
6259605
6259606
6259607
6259608
6259617
6259629
6259630
6259635
6259636
6259637
6259638
6259698
6259707
6259719
6259723
6259724
6259725
6259726
6259797
6259814
6259887
6259899
6259900
6259977
6259978
6259979
6260068
6260069
6264118
6264129
6264467
6264557
6264579
6264647
6264737
6264749
6264750
6264827
6264913
6264914
6264915
6264916
6264917
6264939
6265004
6265029
6265030
6265172
6265198
6265209
6265210
6265262
6265288
6265289
6265290
6265376
6265377
6265378
6265389
6265390
6265442
6265454
6265455
6265456
6265468
6265532
6265544
6265558
6265622
6265646
6265647
6265659
6265660
6265712
6265724
6265802
6265812
6265826
6265827
6265828
6265829
6265839
6265840
6265892
6265903
6265904
6265919
6265982
6266006
6266007
6266019
6266020
6266072
6266084
6266097
6266173
6266186
6266199
6266277
6266289
6266290
6266352
6266354
6266380
6266442
6266456
6266458
6266459
6266469
6266470
6266532
6266560
6266623
6266712
6266727
6266728
6266729
6266739
6266740
6266802
6266803
6266829
6266882
6266891
6266892
6266907
6266919
6266920
6266972
6267062
6267071
6267072
6267152
6267161
6267163
6267190
6267241
6267242
6267252
6267280
6267370
6267430
6267431
6267432
6267433
6267434
6267435
6267436
6267437
6267438
6267439
6267451
6267460
6267461
6267520
6267521
6267524
6267525
6267528
6267529
6267534
6267535
6267537
6267538
6267539
6267541
6267551
6267600
6267601
6267602
6267603
6297120
6297121
6297122
6297123
6297124
6297125
6297126
6297127
6297128
6297129
6297130
6297131
6297132
6297133
6297134
6297135
6297136
6297137
6297138
6297139
6297140
6297141
6297142
6297143
6297144
6297145
6297146
6297147
6297148
6297149
6297150
6297152
6297153
6297154
6297155
6297156
6297157
6297158
6297159
6297160
6297161
6297162
6297163
6297164
6297165
6297166
6297167
6297168
6297169
6297170
6297171
6297172
6297173
6297174
6297175
6297176
6297177
6297178
6297179
6297180
6297181
6297239
6297240
6297329
6297330
6301620
6301621
6301622
6301623
6301637
6301638
6301644
6301649
6301651
6301662
6301668
6301710
6301711
6301725
6301727
6301728
6301739
6301740
6301741
6301742
6301812
6301839
6301892
6301902
6301916
6301917
6301919
6301929
6301930
6301982
6301992
6302009
6302070
6302071
6302072
6302082
6302097
6302099
6302110
6302160
6302172
6302189
6302250
6302252
6302262
6302276
6302279
6302340
6302342
6302352
6302353
6302354
6302366
6302367
6302369
6302380
6302432
6302442
6302443
6302444
6302459
6302469
6302520
6302522
6302532
6302533
6302546
6302549
6302559
6302560
6302610
6302612
6302622
6302623
6302624
6302637
6302639
6302650
6302700
6302702
6302712
6302739
6302790
6302792
6302802
6302819
6302829
6302830
6302882
6302892
6302909
6302919
6302971
6302972
6302982
6302997
6302999
6303000
6303009
6303010
6303061
6303062
6303072
6303087
6303100
6303162
6303176
6303177
6303189
6303190
6303242
6303243
6303244
6303252
6303267
6303280
6303333
6303334
6303342
6303356
6303369
6303423
6303424
6303425
6303432
6303446
6303447
6303459
6303460
6303514
6303515
6303522
6303536
6303538
6303539
6303540
6303549
6303603
6303604
6303612
6303614
6303626
6303627
6303639
6303640
6303694
6303702
6303783
6303784
6303792
6303807
6303819
6303820
6303824
6303874
6303897
6303910
6303914
6303964
6303972
6303973
6303974
6303975
6303988
6303989
6303999
6304053
6304054
6304062
6304063
6304064
6304077
6304089
6304090
6304144
6304145
6304234
6304235
6304257
6304259
6304270
6304324
6304325
6304349
6304350
6304360
6304436
6304439
6304449
6304512
6304515
6304526
6304527
6304529
6304530
6304539
6304540
6304602
6304616
6304619
6304629
6304692
6304696
6304706
6304707
6304719
6304720
6304782
6304786
6304799
6304872
6304876
6304886
6304962
6304966
6304977
6304979
6305052
6305069
6305070
6305142
6305157
6305232
6305251
6305324
6305325
6305327
6305328
6305329
6305330
6305339
6305340
6305341
6305342
6305412
6305420
6305426
6305516
6305601
6305696
6305864
6305865
6305866
6305867
6305868
6305869
6305870
6305871
6305955
6305956
6305957
6305958
6305959
6305960
6306046
6306047
6306048
6306138
6306227
6306228
6306312
6306314
6306402
6306403
6306404
6306405
6306492
6306493
6306494
6306495
6306582
6306583
6306584
6306585
6306586
6306588
6306620
6306672
6306673
6306674
6306675
6306676
6306677
6306678
6306710
6306789
6306790
6306800
6306852
6306858
6306890
6306942
6306948
6306957
6306969
6306970
6307032
6307033
6307034
6307035
6307047
6307064
6307065
6307067
6307068
6307122
6307123
6307127
6307128
6307137
6307227
6307239
6307302
6307306
6307308
6307317
6307392
6307394
6307395
6307420
6307482
6307483
6307486
6307487
6307488
6307587
6307600
6307662
6307667
6307668
6307677
6307680
6307752
6307753
6307754
6307755
6307756
6307768
6307770
6307842
6307843
6307844
6307845
6307846
6307847
6307848
6307857
6307869
6307880
6307947
6307970
6308022
6308027
6308028
6308037
6308049
6308060
6308112
6308115
6308116
6308117
6308118
6308127
6308150
6308202
6308203
6308204
6308205
6308206
6308207
6308208
6308217
6308229
6308232
6308234
6308235
6308237
6308238
6308239
6308307
6308319
6312540
6312542
6312551
6312552
6312718
6313067
6313078
6313157
6313247
6313337
6313349
6313350
6313360
6313427
6313512
6313513
6313514
6313515
6313517
6313603
6313604
6313630
6313682
6313693
6313771
6313772
6313796
6313797
6313798
6313810
6313860
6313861
6313862
6313888
6313889
6313890
6313951
6313952
6313976
6313977
6313978
6313990
6314040
6314041
6314042
6314054
6314055
6314056
6314068
6314130
6314131
6314132
6314144
6314156
6314220
6314221
6314222
6314232
6314246
6314247
6314260
6314310
6314311
6314312
6314323
6314324
6314401
6314402
6314415
6314426
6314427
6314428
6314429
6314440
6314491
6314504
6314519
6314581
6314606
6314607
6314619
6314620
6314671
6314672
6314684
6314710
6314760
6314761
6314772
6314773
6314799
6314850
6314851
6314877
6314890
6314940
6314941
6314942
6314953
6315030
6315031
6315032
6315043
6315056
6315058
6315059
6315070
6315121
6315133
6315160
6315211
6315222
6315236
6315249
6315301
6315302
6315313
6315314
6315327
6315328
6315329
6315339
6315340
6315390
6315391
6315402
6315403
6315404
6315417
6315430
6315480
6315481
6315491
6315492
6315494
6315507
6315520
6315570
6315571
6315572
6315584
6315585
6315610
6315660
6315661
6315662
6315671
6315672
6315750
6315751
6315752
6315762
6315777
6315790
6315840
6315841
6315842
6315851
6315852
6315866
6315880
6315942
6315943
6315970
6316032
6316033
6316034
6316035
6316036
6316037
6316050
6316051
6316122
6316123
6316124
6316125
6316127
6316137
6316138
6316141
6316200
6316201
6316202
6316203
6316215
6345720
6345721
6345722
6345723
6345724
6345725
6345726
6345727
6345728
6345729
6345730
6345731
6345732
6345733
6345734
6345735
6345736
6345737
6345738
6345739
6345740
6345741
6345742
6345743
6345744
6345745
6345746
6345747
6345748
6345749
6345750
6345752
6345753
6345754
6345755
6345756
6345757
6345758
6345759
6345760
6345761
6345762
6345763
6345764
6345765
6345766
6345767
6345768
6345769
6345770
6345771
6345772
6345773
6345774
6345775
6345776
6345777
6345778
6345779
6345780
6345781
6345839
6345840
6345929
6345930
6350221
6350222
6350223
6350272
6350273
6350274
6350314
6350315
6350316
6350317
6350318
6350319
6350320
6350321
6350322
6350323
6350324
6350325
6350326
6350327
6350328
6350329
6350330
6350331
6350332
6350333
6350334
6350335
6350336
6350338
6350339
6350340
6350341
6350342
6350344
6350346
6350347
6350348
6350349
6350351
6350353
6350412
6350426
6350439
6350502
6350516
6350529
6350580
6350582
6350592
6350606
6350608
6350609
6350610
6350670
6350671
6350682
6350696
6350699
6350700
6350709
6350710
6350760
6350772
6350786
6350789
6350850
6350862
6350876
6350879
6350940
6350942
6350952
6350966
6350979
6350980
6351032
6351042
6351043
6351044
6351056
6351059
6351060
6351069
6351120
6351121
6351122
6351132
6351133
6351134
6351146
6351148
6351149
6351150
6351159
6351160
6351210
6351212
6351222
6351223
6351224
6351239
6351240
6351249
6351302
6351312
6351326
6351329
6351339
6351341
6351342
6351343
6351402
6351416
6351429
6351430
6351482
6351492
6351506
6351519
6351571
6351572
6351582
6351598
6351599
6351600
6351609
6351610
6351661
6351672
6351686
6351699
6351702
6351750
6351751
6351762
6351776
6351779
6351780
6351789
6351790
6351792
6351794
6351842
6351843
6351844
6351852
6351866
6351869
6351870
6351879
6351884
6351885
6351932
6351933
6351934
6351942
6351956
6351969
6351974
6351975
6351976
6352022
6352023
6352024
6352032
6352046
6352059
6352060
6352064
6352065
6352112
6352113
6352114
6352115
6352122
6352136
6352138
6352139
6352140
6352149
6352152
6352154
6352155
6352202
6352203
6352204
6352212
6352213
6352214
6352239
6352240
6352242
6352244
6352292
6352293
6352294
6352302
6352303
6352329
6352382
6352383
6352392
6352420
6352424
6352473
6352474
6352482
6352509
6352563
6352564
6352572
6352573
6352574
6352575
6352588
6352599
6352601
6352602
6352603
6352654
6352662
6352663
6352664
6352665
6352689
6352690
6352744
6352834
6352856
6352859
6352869
6352870
6352946
6352949
6352950
6352959
6353036
6353039
6353049
6353112
6353113
6353115
6353126
6353129
6353139
6353140
6353202
6353216
6353219
6353229
6353292
6353306
6353310
6353320
6353382
6353396
6353472
6353486
6353562
6353576
6353579
6353652
6353666
6353669
6353670
6353742
6353756
6353829
6353830
6353832
6353837
6353838
6353839
6353840
6353841
6353842
6353843
6353844
6353846
6353923
6353924
6353925
6353926
6353927
6353928
6353929
6353930
6353931
6353932
6353933
6353934
6353935
6353936
6353938
6353939
6353940
6353941
6353942
6353944
6353945
6353946
6354012
6354013
6354014
6354015
6354016
6354017
6354018
6354019
6354020
6354021
6354026
6354116
6354206
6354296
6354386
6354464
6354465
6354466
6354467
6354468
6354469
6354470
6354471
6354472
6354476
6354555
6354556
6354558
6354559
6354566
6354645
6354646
6354647
6354648
6354656
6354735
6354736
6354737
6354738
6354746
6354822
6354836
6354912
6355002
6355092
6355119
6355182
6355209
6355211
6355220
6355272
6355273
6355274
6355275
6355276
6355277
6355278
6355299
6355301
6355310
6355362
6355363
6355364
6355365
6355366
6355367
6355368
6355389
6355391
6355400
6355452
6355453
6355454
6355455
6355456
6355457
6355458
6355479
6355490
6355542
6355543
6355544
6355545
6355546
6355547
6355571
6355580
6355632
6355647
6355659
6355661
6355662
6355665
6355722
6355723
6355724
6355725
6355737
6355751
6355812
6355814
6355815
6355816
6355817
6355818
6355827
6355839
6355841
6355902
6355903
6355904
6355905
6355917
6355929
6355931
6355992
6356007
6356019
6356021
6356082
6356084
6356085
6356097
6356111
6356172
6356173
6356175
6356176
6356177
6356178
6356187
6356199
6356201
6356262
6356263
6356264
6356265
6356266
6356289
6356352
6356356
6356369
6356370
6356381
6356442
6356443
6356444
6356445
6356458
6356459
6356469
6356471
6356532
6356533
6356534
6356535
6356536
6356537
6356538
6356547
6356559
6356561
6356622
6356623
6356624
6356625
6356626
6356627
6356628
6356637
6356649
6356651
6356712
6356713
6356715
6356716
6356727
6356739
6356741
6356750
6356802
6356803
6356804
6356805
6356806
6356807
6356808
6356829
6356831
6356832
6356833
6356834
6356835
6356840
6356897
6356898
6356919
6356921
6356997
6357009
6357011
6357087
6357099
6357177
6357189
6357267
6357279
6357357
6357446
6357449
6357450
6357452
6361138
6361139
6361140
6361141
6361142
6361143
6361144
6361145
6361146
6361147
6361148
6361149
6361151
6361152
6361153
6361154
6361155
6361156
6361227
6361317
6361407
6361409
6361419
6361497
6361498
6361587
6361588
6361589
6361666
6361667
6361677
6361678
6361679
6361689
6361754
6361755
6361756
6361757
6361767
6361769
6361842
6361843
6361844
6361845
6361846
6361847
6361857
6361932
6361933
6361934
6361935
6361936
6361937
6361947
6361949
6361950
6361959
6362022
6362023
6362024
6362025
6362026
6362027
6362037
6362049
6362112
6362113
6362114
6362117
6362127
6362128
6362202
6362218
6362229
6362230
6362294
6362306
6362372
6362384
6362385
6362396
6362397
6362398
6362399
6362460
6362462
6362475
6362486
6362487
6362488
6362489
6362490
6362499
6362552
6362576
6362577
6362578
6362589
6362590
6362642
6362654
6362655
6362656
6362666
6362667
6362669
6362732
6362744
6362745
6362756
6362757
6362758
6362769
6362822
6362832
6362834
6362846
6362847
6362848
6362849
6362859
6362860
6362910
6362912
6362922
6362924
6362925
6362936
6362938
6362939
6362949
6363002
6363011
6363012
6363015
6363026
6363027
6363028
6363039
6363040
6363092
6363101
6363116
6363117
6363119
6363129
6363130
6363182
6363191
6363207
6363219
6363220
6363272
6363281
6363282
6363297
6363309
6363310
6363362
6363371
6363386
6363387
6363452
6363461
6363462
6363476
6363477
6363490
6363542
6363552
6363567
6363641
6363656
6363657
6363658
6363659
6363669
6363670
6363746
6363747
6363759
6363760
6363836
6363849
6363850
6363911
6363912
6363914
6363926
6363927
6363928
6363939
6363940
6364002
6364016
6364017
6364029
6364030
6364092
6364106
6364107
6364119
6364120
6364184
6364185
6364197
6364210
6364271
6364275
6364276
6364287
6364299
6364300
6364352
6364362
6364367
6364377
6364389
6364390
6364440
6364441
6364442
6364451
6364452
6364453
6364457
6364466
6364479
6364480
6364541
6364542
6364543
6364557
6364569
6364570
6364620
6364621
6364624
6364625
6364626
6364627
6364628
6364629
6364630
6364631
6364632
6364633
6364634
6364635
6364636
6364637
6364647
6364649
6364650
6364651
6364652
6364654
6364655
6364656
6364657
6364658
6364659
6364660
6364662
6364663
6364664
6364711
6364712
6364713
6364714
6364715
6364716
6364717
6364718
6364719
6364720
6364721
6364722
6364723
6364724
6364725
6364726
6364727
6364728
6364729
6364734
6364735
6364736
6364739
6364740
6364741
6364742
6364743
6364744
6364745
6364746
6364747
6364748
6364749
6364750
6364754
6364800
6364801
6364802
6364803
6364809
6364810
6364811
6364812
6364813
6364814
6364815
6364899
6364900
6364901
6364902
6364903
6394320
6394321
6394322
6394323
6394324
6394325
6394326
6394327
6394328
6394329
6394330
6394331
6394332
6394333
6394334
6394335
6394336
6394337
6394338
6394339
6394340
6394341
6394342
6394343
6394344
6394345
6394346
6394347
6394348
6394349
6394350
6394352
6394353
6394354
6394355
6394356
6394357
6394358
6394359
6394360
6394361
6394362
6394363
6394364
6394365
6394366
6394367
6394368
6394369
6394370
6394371
6394372
6394373
6394374
6394375
6394376
6394377
6394378
6394379
6394380
6394381
6394439
6394529
6398820
6398821
6398822
6398823
6398824
6398834
6398838
6398839
6398840
6398841
6398842
6398843
6398844
6398845
6398846
6398847
6398848
6398851
6398853
6398855
6398856
6398857
6398858
6398859
6398860
6398861
6398862
6398863
6398864
6398910
6398911
6398912
6398913
6398914
6398915
6398916
6398917
6398918
6398919
6398920
6398921
6398922
6398923
6398924
6398925
6398926
6398927
6398928
6398929
6398930
6398931
6398932
6398933
6398934
6398935
6398936
6398937
6398938
6398939
6398940
6398941
6398943
6398945
6398947
6398948
6398949
6398950
6398951
6398952
6398953
6399000
6399001
6399002
6399003
6399004
6399011
6399012
6399026
6399027
6399039
6399040
6399090
6399091
6399101
6399102
6399116
6399117
6399130
6399180
6399181
6399182
6399191
6399192
6399206
6399207
6399208
6399209
6399221
6399222
6399270
6399271
6399281
6399282
6399299
6399309
6399310
6399311
6399312
6399313
6399360
6399361
6399371
6399372
6399400
6399401
6399450
6399451
6399452
6399461
6399462
6399479
6399491
6399541
6399551
6399552
6399567
6399579
6399581
6399630
6399631
6399641
6399642
6399657
6399671
6399720
6399721
6399722
6399732
6399746
6399747
6399748
6399749
6399760
6399761
6399810
6399811
6399812
6399821
6399822
6399836
6399837
6399839
6399853
6399901
6399911
6399912
6399927
6399929
6399940
6399942
6399943
6399991
6400001
6400002
6400017
6400019
6400032
6400081
6400091
6400092
6400106
6400107
6400121
6400170
6400171
6400181
6400182
6400196
6400197
6400198
6400199
6400210
6400212
6400213
6400260
6400271
6400272
6400286
6400287
6400300
6400301
6400302
6400303
6400350
6400351
6400361
6400362
6400376
6400377
6400380
6400390
6400391
6400392
6400441
6400451
6400452
6400466
6400467
6400468
6400469
6400470
6400479
6400480
6400481
6400482
6400483
6400531
6400532
6400541
6400542
6400556
6400557
6400558
6400569
6400570
6400573
6400621
6400622
6400631
6400632
6400646
6400647
6400648
6400659
6400660
6400662
6400663
6400711
6400721
6400722
6400737
6400738
6400739
6400740
6400749
6400750
6400752
6400753
6400802
6400812
6400827
6400839
6400840
6400841
6400842
6400843
6400901
6400902
6400903
6400904
6400917
6400918
6400930
6400931
6400932
6400933
6400991
6400992
6400993
6401007
6401008
6401019
6401020
6401021
6401023
6401081
6401082
6401083
6401098
6401110
6401171
6401172
6401173
6401174
6401200
6401203
6401261
6401262
6401263
6401264
6401265
6401290
6401351
6401352
6401353
6401354
6401355
6401379
6401380
6401441
6401442
6401443
6401444
6401456
6401457
6401459
6401469
6401470
6401531
6401532
6401533
6401534
6401546
6401547
6401548
6401559
6401560
6401621
6401622
6401623
6401624
6401625
6401636
6401637
6401649
6401650
6401711
6401712
6401713
6401714
6401715
6401726
6401727
6401739
6401740
6401801
6401802
6401816
6401817
6401829
6401830
6401891
6401892
6401906
6401907
6401908
6401909
6401981
6401982
6401996
6401997
6402009
6402071
6402072
6402086
6402087
6402161
6402162
6402176
6402177
6402251
6402252
6402266
6402267
6402268
6402269
6402270
6402341
6402342
6402357
6402430
6402431
6402432
6402433
6402434
6402435
6402436
6402437
6402438
6402439
6402440
6402441
6402442
6402443
6402444
6402445
6402446
6402447
6402448
6402449
6402450
6402451
6402452
6402453
6402454
6402455
6402456
6402457
6402520
6402521
6402522
6402523
6402524
6402525
6402526
6402527
6402528
6402529
6402530
6402531
6402532
6402533
6402534
6402535
6402536
6402537
6402538
6402539
6402540
6402542
6402544
6402545
6402546
6402612
6402613
6402614
6402615
6402616
6402617
6402618
6402619
6402620
6402621
6402626
6402627
6402702
6402703
6402704
6402705
6402706
6402707
6402708
6402709
6402710
6402711
6402712
6402716
6402717
6402806
6402807
6402891
6402896
6402897
6402974
6402975
6402976
6402977
6402978
6402979
6402980
6402981
6402982
6402986
6402987
6403064
6403065
6403066
6403067
6403068
6403069
6403070
6403071
6403076
6403077
6403166
6403167
6403256
6403257
6403346
6403347
6403421
6403422
6403436
6403437
6403511
6403512
6403601
6403602
6403691
6403692
6403719
6403720
6403781
6403782
6403796
6403797
6403809
6403810
6403871
6403872
6403886
6403887
6403899
6403900
6403961
6403962
6403976
6403977
6403989
6403990
6404051
6404052
6404066
6404067
6404079
6404080
6404141
6404142
6404156
6404157
6404169
6404170
6404231
6404232
6404246
6404247
6404321
6404322
6404336
6404337
6404349
6404350
6404412
6404426
6404427
6404501
6404502
6404517
6404529
6404530
6404592
6404606
6404607
6404619
6404681
6404682
6404709
6404710
6404771
6404786
6404787
6404861
6404862
6404889
6404890
6404951
6404952
6404966
6404967
6404979
6404980
6405041
6405042
6405070
6405131
6405132
6405146
6405147
6405159
6405160
6405221
6405222
6405249
6405250
6405311
6405312
6405326
6405327
6405339
6405340
6405401
6405402
6405403
6405404
6405405
6405406
6405407
6405416
6405417
6405429
6405430
6405491
6405492
6405493
6405494
6405495
6405496
6405497
6405498
6405506
6405507
6405519
6405520
6405581
6405587
6405588
6405596
6405597
6405609
6405610
6405672
6405686
6405687
6405699
6405700
6405767
6405776
6405777
6405789
6405857
6405858
6405866
6405867
6405879
6405880
6405969
6405970
6406044
6406045
6406046
6406047
6406048
6406049
6406050
6406051
6406052
6406053
6406054
6406055
6406137
6406138
6406139
6406140
6406141
6409654
6409655
6409661
6409737
6409738
6409739
6409740
6409741
6409742
6409743
6409744
6409747
6409748
6409749
6409750
6409751
6409752
6409753
6409754
6409755
6409826
6409827
6409840
6409916
6409917
6409929
6409930
6410006
6410007
6410019
6410020
6410096
6410097
6410186
6410187
6410199
6410200
6410267
6410276
6410289
6410290
6410357
6410366
6410367
6410379
6410380
6410442
6410447
6410456
6410457
6410531
6410532
6410537
6410546
6410547
6410559
6410560
6410622
6410627
6410636
6410639
6410640
6410649
6410650
6410712
6410727
6410728
6410729
6410730
6410802
6410817
6410818
6410819
6410820
6410829
6410830
6410906
6410907
6410908
6410909
6410910
6410919
6410920
6410997
6410998
6410999
6411000
6411009
6411010
6411086
6411087
6411089
6411090
6411099
6411100
6411152
6411176
6411177
6411189
6411190
6411266
6411267
6411269
6411342
6411356
6411357
6411358
6411359
6411370
6411422
6411432
6411435
6411447
6411448
6411449
6411459
6411512
6411522
6411536
6411537
6411538
6411539
6411549
6411550
6411626
6411627
6411629
6411640
6411692
6411702
6411716
6411717
6411729
6411792
6411807
6411819
6411882
6411897
6411909
6411962
6411972
6411986
6411987
6411999
6412052
6412061
6412062
6412077
6412089
6412152
6412179
6412180
6412242
6412256
6412257
6412258
6412259
6412269
6412332
6412346
6412347
6412359
6412360
6412436
6412437
6412438
6412439
6412450
6412511
6412526
6412527
6412528
6412529
6412540
6412590
6412592
6412616
6412617
6412630
6412692
6412706
6412707
6412782
6412785
6412786
6412796
6412797
6412862
6412875
6412876
6412886
6412887
6412899
6412900
6412952
6412962
6412965
6412966
6412977
6413042
6413052
6413053
6413055
6413056
6413057
6413066
6413080
6413130
6413131
6413132
6413133
6413134
6413141
6413142
6413169
6413170
6413220
6413222
6413223
6413224
6413225
6413226
6413227
6413228
6413229
6413230
6413231
6413232
6413234
6413235
6413243
6413245
6413246
6413247
6413249
6413253
6413254
6413255
6413256
6413257
6413258
6413259
6413260
6413261
6413262
6413263
6413264
6413311
6413312
6413313
6413314
6413315
6413316
6413317
6413318
6413319
6413320
6413321
6413322
6413323
6413324
6413325
6413326
6413330
6413332
6413334
6413336
6413337
6413338
6413339
6413340
6413341
6413342
6413343
6413344
6413345
6413346
6413347
6413348
6413349
6413350
6413351
6413352
6413353
6413354
6413400
6413401
6413402
6413403
6413404
6413414
6413415
6413490
6413491
6413492
6413493
6413494
6413502
6413503
6413504
6442920
6442921
6442922
6442923
6442924
6442925
6442926
6442927
6442928
6442929
6442930
6442931
6442932
6442933
6442934
6442935
6442936
6442937
6442938
6442939
6442940
6442941
6442942
6442943
6442944
6442945
6442946
6442949
6442950
6442951
6442952
6442953
6442954
6442955
6442956
6442957
6442958
6442959
6442960
6442961
6442962
6442963
6442964
6442965
6442966
6442967
6442968
6442969
6442970
6442971
6442972
6442973
6442974
6442975
6442976
6442977
6442978
6442979
6442980
6442981
6442982
6442985
6443039
6443129
6447464
6447538
6447539
6447540
6447541
6447717
6447718
6447719
6447808
6447810
6447898
6447900
6447911
6447989
6447990
6448077
6448078
6448079
6448080
6448168
6448258
6448259
6448273
6448363
6448437
6448438
6448439
6448440
6448453
6448527
6448528
6448529
6448530
6448542
6448543
6448798
6448799
6448800
6448980
6449069
6449070
6449250
6449338
6449340
6450057
6450060
6450147
6450148
6450239
6450327
6450329
6450417
6450509
6450599
6450689
6450867
6450868
6450869
6450870
6451048
6451049
6451050
6451303
6451304
6451305
6451306
6451307
6451308
6451309
6451310
6451311
6451393
6451394
6451395
6451396
6451397
6451398
6451399
6451400
6451401
6451484
6451485
6451486
6451487
6451488
6451489
6451490
6451491
6451574
6451575
6451576
6451577
6451578
6451579
6451580
6451581
6454093
6454094
6454095
6454096
6454097
6454183
6454184
6454185
6454186
6454187
6454188
6454273
6454274
6454275
6454276
6454277
6454278
6454363
6454364
6454365
6454366
6454367
6454368
6454737
6454738
6454739
6454740
6454741
6458352
6458353
6461731
6461732
6461821
6461822
6461824
6461911
6461913
6461914
6462003
6462004
6491520
6491521
6491522
6491523
6491524
6491525
6491526
6491527
6491528
6491529
6491530
6491531
6491532
6491533
6491534
6491535
6491536
6491537
6491538
6491539
6491540
6491541
6491542
6491543
6491544
6491545
6491550
6491553
6491554
6491555
6491556
6491557
6491558
6491559
6491560
6491561
6491562
6491563
6491564
6491565
6491566
6491567
6491568
6491569
6491570
6491571
6491572
6491573
6491574
6491575
6491576
6491577
6491578
6491579
6491580
6491581
6491582
6491585
6491639
6491730
6498658
6498659
6498747
6498748
6498749
6498750
6498839
6498840
6498929
6498930
6499018
6499019
6499020
6499108
6499109
6499110
6499199
6499200
6499287
6499288
6499289
6499290
6499377
6499378
6499379
6499380
6499467
6499468
6499469
6499470
6540120
6540121
6540122
6540123
6540124
6540125
6540126
6540127
6540128
6540129
6540130
6540131
6540132
6540133
6540134
6540135
6540136
6540137
6540138
6540139
6540140
6540141
6540146
6540147
6540149
6540150
6540152
6540153
6540154
6540155
6540156
6540157
6540158
6540159
6540160
6540161
6540162
6540163
6540164
6540165
6540166
6540167
6540168
6540169
6540170
6540171
6540172
6540173
6540174
6540175
6540176
6540177
6540178
6540179
6540181
6540239
6540330
6588720
6588721
6588722
6588723
6588724
6588725
6588726
6588727
6588728
6588729
6588730
6588731
6588732
6588733
6588734
6588735
6588736
6588737
6588738
6588739
6588741
6588742
6588743
6588744
6588745
6588746
6588747
6588748
6588749
6588750
6588754
6588755
6588756
6588757
6588758
6588759
6588760
6588761
6588762
6588763
6588764
6588765
6588766
6588767
6588768
6588769
6588770
6588771
6588772
6588773
6588774
6588775
6588776
6588777
6588780
6588839
6588929
6588930
6637320
6637321
6637323
6637324
6637325
6637326
6637327
6637328
6637329
6637330
6637331
6637338
6637339
6637340
6637341
6637342
6637343
6637344
6637345
6637346
6637347
6637348
6637349
6637350
6637353
6637354
6637355
6637356
6637357
6637358
6637359
6637360
6637361
6637362
6637363
6637364
6637365
6637366
6637367
6637368
6637369
6637370
6637371
6637372
6637373
6637374
6637377
6637378
6637380
6637382
6637439
6637529
6637530
6685920
6685921
6685922
6685923
6685931
6685932
6685933
6685934
6685935
6685936
6685937
6685938
6685939
6685940
6685941
6685942
6685943
6685944
6685945
6685946
6685947
6685948
6685949
6685950
6685953
6685954
6685955
6685957
6685958
6685959
6685960
6685961
6685962
6685963
6685964
6685965
6685966
6685967
6685968
6685969
6685970
6685971
6685972
6685973
6685974
6685975
6685976
6685977
6686039
6686130
6734520
6734521
6734522
6734523
6734524
6734525
6734526
6734527
6734528
6734529
6734530
6734531
6734532
6734533
6734534
6734535
6734536
6734537
6734538
6734539
6734540
6734541
6734542
6734543
6734544
6734545
6734546
6734547
6734548
6734549
6734550
6734553
6734554
6734555
6734556
6734557
6734558
6734559
6734560
6734561
6734562
6734563
6734564
6734565
6734566
6734567
6734568
6734569
6734570
6734571
6734572
6734573
6734574
6734575
6734578
6734579
6734580
6734639
6734729
6734730
6783120
6783121
6783122
6783123
6783124
6783125
6783126
6783127
6783128
6783129
6783130
6783131
6783132
6783133
6783134
6783135
6783136
6783137
6783138
6783139
6783140
6783141
6783142
6783143
6783144
6783145
6783146
6783147
6783148
6783149
6783150
6783154
6783155
6783156
6783158
6783159
6783160
6783161
6783162
6783163
6783164
6783165
6783166
6783167
6783168
6783169
6783170
6783171
6783172
6783173
6783174
6783176
6783177
6783178
6783179
6783239
6783329
6783330
6831720
6831721
6831722
6831723
6831724
6831725
6831726
6831727
6831728
6831729
6831730
6831731
6831732
6831733
6831734
6831735
6831736
6831737
6831738
6831739
6831740
6831741
6831742
6831743
6831744
6831745
6831746
6831747
6831748
6831749
6831750
6831754
6831755
6831756
6831757
6831758
6831759
6831760
6831761
6831762
6831763
6831764
6831765
6831766
6831767
6831768
6831769
6831770
6831771
6831772
6831774
6831775
6831776
6831777
6831778
6831839
6831929
6831930
6880320
6880321
6880322
6880323
6880324
6880325
6880326
6880327
6880328
6880329
6880330
6880331
6880332
6880333
6880334
6880335
6880336
6880337
6880338
6880339
6880340
6880341
6880342
6880343
6880344
6880345
6880346
6880347
6880348
6880349
6880350
6880353
6880354
6880355
6880356
6880357
6880358
6880359
6880360
6880361
6880362
6880363
6880364
6880365
6880366
6880367
6880368
6880369
6880370
6880372
6880373
6880374
6880375
6880376
6880377
6880378
6880439
6880529
6880530
6928920
6928921
6928922
6928923
6928924
6928925
6928926
6928927
6928928
6928929
6928930
6928931
6928932
6928933
6928934
6928935
6928936
6928937
6928938
6928939
6928940
6928941
6928942
6928943
6928944
6928945
6928946
6928947
6928948
6928949
6928950
6928954
6928956
6928957
6928958
6928959
6928960
6928961
6928962
6928963
6928964
6928965
6928966
6928967
6928968
6928969
6928970
6928971
6928972
6928973
6928974
6928975
6928976
6928977
6929039
6929130
6977520
6977521
6977522
6977523
6977524
6977525
6977526
6977527
6977528
6977529
6977530
6977531
6977532
6977533
6977534
6977535
6977536
6977537
6977538
6977539
6977540
6977541
6977542
6977543
6977544
6977545
6977546
6977547
6977548
6977549
6977550
6977555
6977556
6977557
6977558
6977559
6977560
6977561
6977562
6977563
6977564
6977565
6977566
6977567
6977568
6977569
6977570
6977571
6977572
6977573
6977574
6977575
6977576
6977577
6977639
6977640
6977729
6977730
7026120
7026121
7026122
7026123
7026124
7026125
7026126
7026127
7026128
7026129
7026130
7026131
7026132
7026133
7026134
7026135
7026136
7026137
7026138
7026139
7026140
7026141
7026142
7026143
7026144
7026145
7026146
7026147
7026148
7026149
7026151
7026154
7026155
7026156
7026157
7026158
7026159
7026160
7026161
7026162
7026163
7026164
7026167
7026170
7026172
7026173
7026174
7026175
7026176
7026177
7026239
7026329
7026330
7074720
7074721
7074722
7074723
7074724
7074725
7074726
7074727
7074728
7074729
7074730
7074731
7074732
7074733
7074734
7074735
7074736
7074737
7074738
7074739
7074740
7074741
7074742
7074743
7074744
7074745
7074746
7074747
7074748
7074749
7074751
7074754
7074755
7074756
7074757
7074758
7074759
7074760
7074761
7074762
7074763
7074765
7074766
7074768
7074769
7074771
7074772
7074773
7074774
7074775
7074776
7074777
7074839
7074929
7074930
7123320
7123321
7123322
7123323
7123324
7123325
7123326
7123327
7123328
7123329
7123330
7123331
7123332
7123333
7123334
7123335
7123336
7123337
7123338
7123339
7123340
7123341
7123342
7123343
7123344
7123345
7123346
7123347
7123348
7123349
7123354
7123355
7123356
7123357
7123358
7123359
7123360
7123361
7123364
7123366
7123367
7123368
7123370
7123372
7123373
7123374
7123375
7123376
7123377
7123439
7123440
7123529
7171920
7171921
7171922
7171923
7171924
7171925
7171926
7171927
7171928
7171929
7171930
7171931
7171932
7171933
7171934
7171935
7171936
7171937
7171938
7171939
7171940
7171941
7171942
7171943
7171944
7171945
7171946
7171949
7171957
7171958
7171960
7171963
7171965
7171966
7171967
7171969
7171971
7171972
7171973
7171974
7171975
7171976
7171977
7172039
7172040
7172130
7220520
7220521
7220522
7220523
7220524
7220525
7220526
7220527
7220528
7220529
7220530
7220531
7220532
7220533
7220534
7220535
7220536
7220537
7220538
7220539
7220540
7220541
7220542
7220543
7220544
7220545
7220548
7220549
7220551
7220556
7220560
7220561
7220564
7220565
7220568
7220571
7220572
7220573
7220574
7220575
7220576
7220577
7220639
7220640
7220730
7269120
7269121
7269122
7269123
7269124
7269125
7269126
7269127
7269128
7269129
7269130
7269131
7269132
7269133
7269134
7269135
7269136
7269137
7269138
7269139
7269140
7269141
7269144
7269145
7269146
7269147
7269148
7269151
7269154
7269158
7269159
7269160
7269162
7269163
7269164
7269166
7269171
7269172
7269173
7269174
7269175
7269176
7269239
7269240
7269329
7317720
7317721
7317722
7317723
7317724
7317725
7317726
7317727
7317728
7317729
7317730
7317731
7317732
7317733
7317734
7317735
7317736
7317737
7317738
7317739
7317742
7317744
7317745
7317746
7317748
7317749
7317751
7317753
7317758
7317759
7317760
7317761
7317762
7317764
7317767
7317768
7317769
7317770
7317771
7317772
7317773
7317774
7317775
7317839
7317840
7317929
7366320
7366321
7366323
7366324
7366325
7366326
7366327
7366328
7366329
7366330
7366331
7366338
7366341
7366342
7366343
7366345
7366347
7366351
7366358
7366359
7366360
7366361
7366362
7366363
7366365
7366366
7366367
7366368
7366369
7366371
7366439
7366530
7414920
7414921
7414922
7414923
7414933
7414936
7414937
7414938
7414939
7414942
7414946
7414948
7414949
7414958
7414959
7414960
7414961
7414962
7414963
7414964
7414965
7414966
7414967
7414968
7415039
7415040
7415130
7463520
7463521
7463525
7463526
7463527
7463528
7463529
7463530
7463531
7463532
7463533
7463534
7463535
7463545
7463546
7463556
7463557
7463558
7463559
7463560
7463561
7463562
7463563
7463564
7463565
7463566
7463640
7512120
7512121
7512134
7512138
7512141
7512142
7512153
7512154
7512155
7512156
7512157
7512161
7512162
7512163
7512164
7512239
7512240
7560720
7560721
7560726
7560727
7560746
7560751
7560752
7560753
7560754
7560755
7560758
7560760
7560761
7560762
7560763
7560764
7560765
7560839
7560840
7609320
7609321
7609322
7609324
7609328
7609329
7609330
7609331
7609332
7609333
7609345
7609346
7609347
7609348
7609349
7609351
7609352
7609353
7609356
7609358
7609361
7609362
7609363
7609364
7609365
7609439
7609440
7657920
7657921
7657922
7657923
7657926
7657931
7657932
7657933
7657934
7657935
7657936
7657937
7657938
7657939
7657940
7657941
7657942
7657943
7657944
7657945
7657946
7657947
7657948
7657949
7657956
7657959
7657960
7657961
7657963
7657964
7657965
7657966
7658039
7658040
7658129
7658130
7706520
7706521
7706523
7706524
7706525
7706532
7706537
7706538
7706539
7706540
7706541
7706542
7706543
7706549
7706554
7706557
7706558
7706559
7706562
7706563
7706564
7706565
7706566
7706567
7706639
7706640
7706729
7706730
7755120
7755121
7755123
7755125
7755126
7755127
7755128
7755132
7755138
7755139
7755141
7755142
7755143
7755144
7755154
7755155
7755156
7755157
7755158
7755160
7755163
7755164
7755165
7755166
7755167
7755239
7755240
7803720
7803721
7803724
7803725
7803727
7803728
7803729
7803730
7803731
7803736
7803737
7803738
7803739
7803740
7803742
7803743
7803744
7803745
7803746
7803751
7803752
7803753
7803754
7803755
7803756
7803758
7803763
7803764
7803765
7803766
7803767
7803768
7803839
7852320
7852321
7852322
7852324
7852326
7852327
7852330
7852331
7852332
7852333
7852334
7852335
7852336
7852337
7852345
7852346
7852347
7852348
7852349
7852351
7852352
7852356
7852359
7852361
7852362
7852363
7852364
7852365
7852366
7852368
7852369
7852439
7852529
7900920
7900921
7900922
7900923
7900924
7900926
7900929
7900930
7900934
7900935
7900936
7900937
7900938
7900939
7900940
7900941
7900942
7900943
7900944
7900945
7900946
7900947
7900948
7900949
7900953
7900954
7900959
7900960
7900961
7900962
7900963
7900964
7900965
7900967
7900968
7901039
7901040
7901129
7901130
7949520
7949521
7949522
7949523
7949524
7949525
7949526
7949531
7949532
7949533
7949534
7949549
7949551
7949552
7949557
7949558
7949559
7949560
7949561
7949562
7949563
7949564
7949566
7949567
7949639
7949640
7949729
7949730
7998120
7998121
7998122
7998123
7998124
7998125
7998126
7998127
7998128
7998129
7998132
7998136
7998137
7998138
7998139
7998140
7998141
7998142
7998143
7998144
7998145
7998146
7998147
7998154
7998155
7998156
7998157
7998158
7998159
7998160
7998161
7998162
7998165
7998166
7998239
7998240
8046720
8046721
8046722
8046723
8046724
8046725
8046726
8046727
8046728
8046729
8046730
8046731
8046732
8046737
8046738
8046744
8046745
8046751
8046752
8046753
8046754
8046755
8046756
8046757
8046758
8046759
8046760
8046761
8046763
8046764
8046765
8046839
8046929
8095320
8095321
8095323
8095324
8095325
8095326
8095327
8095328
8095329
8095330
8095331
8095332
8095333
8095334
8095335
8095336
8095337
8095338
8095339
8095340
8095342
8095343
8095344
8095345
8095346
8095347
8095348
8095349
8095351
8095352
8095353
8095354
8095355
8095356
8095357
8095358
8095359
8095362
8095363
8095365
8095439
8095440
8143920
8143921
8143922
8143923
8143925
8143926
8143927
8143928
8143929
8143930
8143931
8143932
8143933
8143934
8143935
8143936
8143937
8143938
8143939
8143940
8143941
8143942
8143943
8143944
8143945
8143946
8143947
8143948
8143949
8143951
8143952
8143953
8143954
8143955
8143956
8143957
8143960
8143961
8143962
8143964
8143966
8144039
8144129
8144130
8192520
8192521
8192522
8192523
8192524
8192525
8192527
8192528
8192529
8192530
8192531
8192532
8192533
8192534
8192535
8192536
8192537
8192538
8192539
8192540
8192541
8192542
8192543
8192544
8192545
8192546
8192547
8192548
8192549
8192551
8192552
8192553
8192554
8192555
8192558
8192559
8192560
8192562
8192565
8192639
8192640
8192729
8192730
8241120
8241121
8241122
8241123
8241124
8241125
8241126
8241127
8241130
8241131
8241132
8241133
8241134
8241135
8241136
8241137
8241138
8241139
8241140
8241141
8241142
8241143
8241144
8241145
8241146
8241147
8241148
8241149
8241151
8241152
8241155
8241156
8241157
8241158
8241162
8241164
8241239
8241301
8241302
8241303
8241304
8241313
8241314
8241315
8241316
8241320
8241321
8241322
8241323
8241324
8241329
8241330
8241331
8241332
8241333
8241334
8241335
8241391
8241392
8241393
8241402
8241403
8241404
8241405
8241406
8241410
8241411
8241412
8241413
8241414
8241421
8241422
8241423
8241424
8241425
8243947
8243950
8243951
8244037
8244040
8244041
8244127
8244128
8244129
8244130
8244131
8244216
8244217
8244218
8244219
8244220
8244305
8244306
8244307
8244308
8244309
8244310
8244311
8244395
8244396
8244397
8244398
8244399
8244400
8244485
8244486
8244487
8244488
8244489
8244490
8244575
8244576
8244577
8244578
8244579
8244580
8244581
8244665
8244666
8244667
8244668
8244669
8244670
8244671
8244757
8244758
8244759
8244760
8244761
8244845
8244847
8244849
8244850
8244851
8244936
8244940
8244941
8245025
8245026
8245030
8245031
8245115
8245116
8245117
8245118
8245119
8245120
8245121
8245205
8245206
8245207
8245208
8245209
8245210
8245211
8245295
8245296
8245297
8245298
8245299
8245300
8245385
8245386
8245387
8245388
8245389
8245390
8245391
8245441
8245442
8245445
8245453
8245454
8245455
8245461
8245464
8245471
8245472
8245474
8245476
8245477
8245478
8245479
8245480
8245490
8245491
8245492
8245493
8245494
8245531
8245561
8245562
8245563
8245580
8245581
8245583
8245584
8253028
8253029
8253030
8253117
8253118
8253119
8253120
8253207
8253299
8253300
8253388
8253389
8253390
8253478
8253479
8253480
8253568
8253569
8253659
8289720
8289721
8289722
8289723
8289724
8289725
8289726
8289727
8289728
8289729
8289730
8289735
8289736
8289737
8289738
8289739
8289740
8289741
8289742
8289743
8289744
8289745
8289746
8289747
8289748
8289752
8289753
8289754
8289755
8289756
8289762
8289840
8289900
8289901
8289903
8289904
8289905
8289906
8289907
8289908
8289909
8289910
8289911
8289912
8289913
8289914
8289915
8289916
8289917
8289918
8289919
8289920
8289921
8289922
8289923
8289924
8289925
8289926
8289927
8289928
8289929
8289930
8289931
8289932
8289933
8289934
8289935
8289936
8289937
8289938
8289939
8289940
8289941
8289942
8289943
8289944
8289990
8289991
8289992
8289993
8289994
8289995
8289997
8289998
8289999
8290000
8290001
8290002
8290003
8290004
8290005
8290006
8290007
8290008
8290009
8290010
8290011
8290012
8290013
8290014
8290015
8290016
8290017
8290018
8290019
8290020
8290021
8290022
8290023
8290024
8290025
8290027
8290028
8290029
8290030
8290032
8290033
8290035
8290080
8290081
8290082
8290083
8290084
8290094
8290095
8290096
8290097
8290098
8290099
8290100
8290101
8290102
8290103
8290104
8290105
8290106
8290113
8290114
8290115
8290116
8290118
8290119
8290120
8290121
8290125
8290127
8290128
8290129
8290130
8290131
8290132
8290133
8290134
8290135
8290136
8290137
8290170
8290171
8290172
8290173
8290174
8290175
8290184
8290185
8290186
8290187
8290188
8290189
8290190
8290191
8290192
8290193
8290194
8290195
8290196
8290203
8290204
8290205
8290206
8290207
8290208
8290209
8290210
8290211
8290217
8290218
8290219
8290220
8290221
8290222
8290223
8290224
8290225
8290226
8290227
8290260
8290261
8290263
8290264
8290265
8290274
8290275
8290276
8290277
8290278
8290279
8290280
8290281
8290282
8290283
8290284
8290285
8290286
8290293
8290294
8290295
8290296
8290297
8290298
8290299
8290300
8290301
8290302
8290308
8290309
8290310
8290311
8290312
8290313
8290314
8290315
8290316
8290317
8290318
8290350
8290351
8290353
8290354
8290355
8290364
8290365
8290366
8290367
8290368
8290369
8290370
8290371
8290372
8290373
8290374
8290375
8290376
8290383
8290384
8290385
8290386
8290387
8290388
8290389
8290391
8290392
8290393
8290398
8290399
8290400
8290401
8290402
8290403
8290404
8290405
8290406
8290407
8290408
8290440
8290441
8290442
8290443
8290444
8290445
8290454
8290455
8290456
8290462
8290463
8290467
8290468
8290473
8290474
8290475
8290476
8290477
8290478
8290479
8290480
8290482
8290483
8290488
8290489
8290490
8290491
8290492
8290493
8290494
8290495
8290496
8290497
8290498
8290530
8290531
8290532
8290533
8290534
8290535
8290544
8290545
8290546
8290548
8290549
8290550
8290551
8290552
8290553
8290554
8290555
8290563
8290564
8290565
8290566
8290567
8290568
8290569
8290570
8290571
8290573
8290574
8290578
8290579
8290580
8290581
8290582
8290583
8290584
8290585
8290586
8290587
8290588
8290620
8290621
8290622
8290623
8290624
8290625
8290634
8290635
8290636
8290640
8290642
8290643
8290647
8290648
8290653
8290654
8290655
8290656
8290657
8290658
8290659
8290660
8290661
8290663
8290664
8290665
8290666
8290669
8290670
8290671
8290672
8290673
8290674
8290675
8290676
8290677
8290678
8290710
8290711
8290712
8290713
8290714
8290715
8290724
8290725
8290726
8290727
8290728
8290729
8290730
8290731
8290732
8290733
8290734
8290735
8290736
8290743
8290744
8290745
8290746
8290747
8290748
8290749
8290750
8290751
8290752
8290754
8290755
8290759
8290760
8290761
8290762
8290763
8290764
8290765
8290766
8290767
8290768
8290800
8290801
8290803
8290804
8290805
8290814
8290815
8290816
8290817
8290818
8290819
8290820
8290821
8290822
8290823
8290824
8290825
8290826
8290827
8290833
8290834
8290835
8290836
8290837
8290838
8290839
8290840
8290841
8290842
8290844
8290845
8290846
8290847
8290848
8290849
8290850
8290851
8290852
8290853
8290854
8290855
8290856
8290857
8290858
8290890
8290891
8290893
8290894
8290895
8290904
8290905
8290906
8290907
8290908
8290909
8290910
8290911
8290912
8290913
8290914
8290915
8290916
8290917
8290923
8290924
8290925
8290926
8290927
8290928
8290929
8290930
8290931
8290932
8290933
8290935
8290936
8290939
8290940
8290941
8290942
8290943
8290944
8290945
8290946
8290947
8290948
8290980
8290981
8290982
8290983
8290984
8290985
8290994
8290995
8290996
8290997
8290999
8291000
8291001
8291002
8291003
8291006
8291014
8291015
8291016
8291017
8291018
8291019
8291020
8291021
8291022
8291023
8291025
8291026
8291030
8291031
8291032
8291033
8291034
8291035
8291036
8291037
8291038
8291070
8291071
8291072
8291073
8291074
8291075
8291076
8291083
8291084
8291085
8291086
8291087
8291088
8291089
8291090
8291091
8291092
8291093
8291094
8291099
8291103
8291104
8291105
8291106
8291107
8291108
8291109
8291110
8291111
8291112
8291113
8291114
8291116
8291120
8291121
8291122
8291123
8291124
8291125
8291126
8291127
8291128
8291161
8291162
8291163
8291164
8291165
8291172
8291173
8291174
8291175
8291176
8291177
8291178
8291179
8291180
8291181
8291182
8291183
8291184
8291185
8291186
8291193
8291194
8291195
8291196
8291198
8291199
8291200
8291201
8291202
8291203
8291204
8291206
8291207
8291210
8291211
8291212
8291213
8291214
8291215
8291216
8291217
8291218
8291251
8291252
8291253
8291254
8291255
8291261
8291262
8291264
8291265
8291266
8291267
8291268
8291269
8291270
8291271
8291272
8291273
8291274
8291275
8291276
8291277
8291283
8291284
8291285
8291286
8291287
8291288
8291289
8291290
8291291
8291292
8291293
8291294
8291296
8291297
8291300
8291301
8291302
8291303
8291304
8291305
8291306
8291307
8291308
8291341
8291342
8291343
8291344
8291350
8291351
8291354
8291355
8291356
8291357
8291358
8291359
8291360
8291361
8291362
8291363
8291364
8291365
8291366
8291367
8291368
8291373
8291374
8291375
8291377
8291379
8291380
8291381
8291382
8291383
8291384
8291386
8291387
8291390
8291391
8291392
8291393
8291394
8291395
8291396
8291397
8291398
8291433
8291434
8291440
8291444
8291445
8291446
8291447
8291448
8291449
8291450
8291451
8291452
8291453
8291454
8291455
8291456
8291457
8291458
8291459
8291463
8291464
8291465
8291466
8291467
8291468
8291469
8291470
8291471
8291480
8291481
8291482
8291483
8291484
8291485
8291486
8291487
8291488
8291523
8291524
8291529
8291534
8291535
8291536
8291537
8291538
8291539
8291540
8291541
8291542
8291543
8291544
8291545
8291546
8291547
8291548
8291549
8291554
8291555
8291556
8291557
8291558
8291559
8291560
8291561
8291569
8291570
8291571
8291572
8291573
8291574
8291575
8291576
8291577
8291578
8291613
8291614
8291615
8291619
8291623
8291624
8291625
8291626
8291627
8291628
8291629
8291630
8291631
8291632
8291633
8291634
8291635
8291636
8291637
8291638
8291639
8291644
8291645
8291646
8291647
8291648
8291649
8291650
8291651
8291659
8291660
8291661
8291662
8291663
8291664
8291665
8291666
8291667
8291668
8291703
8291704
8291705
8291713
8291714
8291715
8291716
8291717
8291718
8291719
8291720
8291721
8291722
8291723
8291724
8291725
8291726
8291727
8291728
8291729
8291730
8291733
8291734
8291735
8291736
8291737
8291738
8291739
8291740
8291741
8291749
8291750
8291751
8291752
8291753
8291754
8291755
8291756
8291757
8291758
8291793
8291794
8291795
8291798
8291803
8291804
8291805
8291806
8291807
8291808
8291809
8291810
8291811
8291812
8291813
8291814
8291815
8291816
8291817
8291818
8291819
8291820
8291823
8291824
8291825
8291826
8291827
8291828
8291829
8291830
8291831
8291839
8291840
8291841
8291842
8291843
8291844
8291845
8291846
8291847
8291848
8291884
8291885
8291888
8291893
8291894
8291895
8291896
8291897
8291898
8291899
8291900
8291901
8291902
8291903
8291904
8291905
8291906
8291907
8291908
8291909
8291910
8291911
8291913
8291914
8291915
8291916
8291917
8291918
8291919
8291920
8291921
8291929
8291930
8291931
8291932
8291933
8291934
8291935
8291936
8291937
8291938
8291974
8291978
8291983
8291984
8291985
8291986
8291987
8291988
8291989
8291990
8291991
8291992
8291993
8291994
8291995
8291996
8291997
8291998
8291999
8292000
8292001
8292003
8292004
8292005
8292006
8292007
8292009
8292010
8292011
8292019
8292020
8292021
8292022
8292023
8292024
8292025
8292026
8292027
8292028
8292064
8292068
8292072
8292073
8292074
8292075
8292076
8292077
8292078
8292079
8292080
8292081
8292082
8292083
8292084
8292085
8292086
8292087
8292088
8292089
8292090
8292091
8292093
8292094
8292095
8292096
8292097
8292098
8292099
8292100
8292101
8292109
8292110
8292111
8292112
8292113
8292114
8292115
8292116
8292117
8292118
8292154
8292158
8292162
8292163
8292164
8292165
8292166
8292167
8292168
8292169
8292170
8292171
8292172
8292173
8292174
8292175
8292176
8292177
8292178
8292179
8292183
8292184
8292185
8292186
8292187
8292189
8292190
8292191
8292199
8292200
8292201
8292202
8292203
8292204
8292205
8292206
8292207
8292208
8292244
8292245
8292248
8292253
8292254
8292255
8292256
8292257
8292258
8292259
8292260
8292261
8292262
8292263
8292264
8292265
8292266
8292267
8292268
8292269
8292273
8292274
8292275
8292276
8292277
8292278
8292279
8292280
8292281
8292282
8292283
8292286
8292289
8292290
8292291
8292292
8292293
8292294
8292295
8292296
8292297
8292298
8292334
8292335
8292338
8292343
8292344
8292345
8292346
8292347
8292348
8292349
8292350
8292351
8292352
8292353
8292354
8292355
8292356
8292357
8292358
8292359
8292363
8292364
8292365
8292371
8292372
8292373
8292374
8292375
8292376
8292379
8292380
8292381
8292382
8292383
8292384
8292385
8292386
8292387
8292388
8292424
8292425
8292433
8292434
8292435
8292436
8292437
8292438
8292439
8292440
8292441
8292442
8292443
8292444
8292445
8292446
8292447
8292448
8292449
8292453
8292455
8292461
8292462
8292463
8292464
8292465
8292466
8292469
8292470
8292471
8292472
8292473
8292474
8292475
8292476
8292477
8292478
8292519
8292523
8292524
8292525
8292526
8292527
8292528
8292529
8292530
8292531
8292532
8292533
8292534
8292535
8292536
8292543
8292544
8292545
8292551
8292552
8292553
8292554
8292555
8292556
8292559
8292560
8292561
8292562
8292563
8292564
8292565
8292566
8292567
8292568
8292609
8292614
8292615
8292616
8292617
8292618
8292619
8292620
8292621
8292622
8292623
8292624
8292625
8292626
8292634
8292635
8292641
8292642
8292643
8292644
8292645
8292646
8292649
8292650
8292651
8292652
8292653
8292654
8292655
8292656
8292657
8292658
8292700
8292704
8292705
8292706
8292707
8292708
8292709
8292710
8292711
8292712
8292713
8292714
8292715
8292716
8292723
8292724
8292725
8292731
8292732
8292733
8292734
8292735
8292736
8292739
8292740
8292741
8292742
8292743
8292744
8292745
8292746
8292747
8292748
8292794
8292795
8292796
8292797
8292798
8292799
8292800
8292801
8292802
8292803
8292804
8292805
8292806
8292813
8292814
8292815
8292821
8292822
8292823
8292824
8292825
8292826
8292829
8292830
8292831
8292832
8292833
8292834
8292835
8292836
8292837
8292838
8292881
8292884
8292885
8292886
8292887
8292888
8292889
8292890
8292891
8292892
8292893
8292894
8292895
8292903
8292904
8292905
8292911
8292912
8292913
8292914
8292915
8292916
8292919
8292920
8292921
8292922
8292923
8292924
8292925
8292926
8292927
8292928
8292966
8292967
8292968
8292972
8292974
8292975
8292976
8292977
8292978
8292979
8292980
8292981
8292982
8292983
8292985
8292986
8292993
8292994
8292995
8293001
8293002
8293003
8293004
8293005
8293006
8293009
8293010
8293011
8293012
8293013
8293014
8293015
8293017
8293018
8293056
8293057
8293058
8293059
8293060
8293061
8293062
8293063
8293064
8293065
8293066
8293067
8293068
8293069
8293070
8293071
8293072
8293073
8293074
8293075
8293076
8293083
8293084
8293085
8293091
8293092
8293093
8293094
8293095
8293096
8293099
8293100
8293101
8293102
8293103
8293104
8293105
8293106
8293107
8293108
8293146
8293147
8293148
8293149
8293150
8293151
8293152
8293153
8293154
8293155
8293156
8293157
8293158
8293159
8293160
8293161
8293162
8293163
8293164
8293165
8293166
8293173
8293174
8293175
8293176
8293177
8293178
8293179
8293180
8293181
8293182
8293183
8293184
8293185
8293188
8293189
8293190
8293191
8293192
8293193
8293194
8293195
8293196
8293197
8293198
8293236
8293237
8293238
8293239
8293240
8293241
8293242
8293243
8293244
8293245
8293246
8293247
8293248
8293249
8293250
8293251
8293252
8293253
8293254
8293255
8293256
8293263
8293264
8293265
8293278
8293279
8293280
8293281
8293282
8293283
8293284
8293285
8293286
8293287
8293288
8293326
8293329
8293330
8293331
8293332
8293333
8293334
8293335
8293336
8293337
8293338
8293339
8293340
8293341
8293342
8293343
8293344
8293345
8293346
8293353
8293354
8293355
8293368
8293369
8293370
8293371
8293372
8293373
8293374
8293375
8293376
8293377
8293378
8293414
8293416
8293418
8293419
8293421
8293422
8293423
8293424
8293425
8293426
8293427
8293428
8293429
8293430
8293431
8293432
8293433
8293434
8293435
8293436
8293443
8293444
8293458
8293459
8293460
8293461
8293462
8293463
8293464
8293465
8293466
8293467
8293468
8293503
8293504
8293505
8293506
8293509
8293510
8293511
8293512
8293513
8293514
8293515
8293516
8293517
8293518
8293519
8293520
8293521
8293522
8293523
8293524
8293525
8293526
8293533
8293534
8293535
8293548
8293549
8293550
8293551
8293552
8293553
8293554
8293555
8293556
8293557
8293558
8293593
8293594
8293596
8293597
8293598
8293599
8293600
8293601
8293602
8293603
8293604
8293605
8293606
8293607
8293608
8293612
8293613
8293614
8293615
8293616
8293623
8293624
8293625
8293638
8293639
8293640
8293641
8293642
8293643
8293644
8293645
8293646
8293647
8293681
8293683
8293684
8293685
8293686
8293687
8293691
8293692
8293693
8293694
8293695
8293696
8293697
8293698
8293699
8293700
8293701
8293702
8293703
8293704
8293713
8293714
8293715
8293728
8293729
8293730
8293731
8293732
8293733
8293734
8293735
8293736
8293737
8293738
8293771
8293772
8293773
8293774
8293778
8293779
8293780
8293781
8293782
8293783
8293784
8293785
8293786
8293787
8293788
8293789
8293790
8293791
8293792
8293793
8293794
8293795
8293796
8293804
8293805
8293818
8293819
8293820
8293821
8293822
8293823
8293824
8293825
8293826
8293827
8293828
8293860
8293861
8293863
8293864
8293865
8293866
8293867
8293868
8293869
8293870
8293871
8293872
8293873
8293874
8293875
8293876
8293877
8293878
8293879
8293880
8293881
8293882
8293883
8293884
8293885
8293886
8293893
8293894
8293895
8293908
8293909
8293910
8293911
8293912
8293913
8293914
8293915
8293916
8293917
8293918
8293953
8293954
8293955
8293956
8293963
8293964
8293965
8293966
8293967
8293968
8293969
8293970
8293972
8293973
8293975
8293976
8293984
8293985
8293998
8293999
8294000
8294001
8294002
8294003
8294004
8294005
8294006
8294007
8294040
8294041
8294042
8294043
8294044
8294046
8294047
8294048
8294049
8294052
8294053
8294054
8294055
8294056
8294058
8294059
8294060
8294062
8294063
8294064
8294065
8294066
8294067
8294068
8294069
8294070
8294071
8294072
8294073
8294074
8294075
8294076
8294077
8294078
8294079
8294080
8294081
8294083
8294084
8294085
8294086
8294087
8294088
8294089
8294090
8294091
8294092
8294093
8294094
8294095
8294096
8294097
8294130
8294131
8294132
8294133
8294134
8294135
8294136
8294137
8294138
8294139
8294140
8294141
8294142
8294143
8294144
8294145
8294146
8294147
8294148
8294149
8294150
8294151
8294152
8294153
8294154
8294155
8294156
8294157
8294158
8294159
8294160
8294161
8294162
8294163
8294164
8294166
8294167
8294168
8294169
8294171
8294172
8294173
8294174
8294175
8294176
8294177
8294178
8294179
8294180
8294181
8294182
8294183
8294184
8294185
8294186
8294187
8294220
8294221
8294224
8294231
8294232
8294233
8294234
8294235
8294236
8294310
8294311
8294312
8294313
8294314
8294319
8294320
8294321
8294322
8294323
8294330
8294331
8294332
8294333
8294334
8294335
8294336
8294342
8294343
8294344
8294345
8294349
8294350
8294351
8294352
8294353
8294358
8294359
8294360
8294361
8294362
8294400
8294401
8294402
8294403
8294404
8294490
8294491
8294492
8294493
8295045
8295048
8295134
8295138
8295139
8295224
8295225
8295226
8295227
8295228
8295229
8295240
8295241
8295314
8295315
8295316
8295330
8295331
8295405
8295406
8295407
8296678
8296679
8296770
8296844
8296845
8296846
8296847
8296848
8296849
8296934
8296935
8296936
8296937
8296938
8296939
8297024
8297025
8297026
8297027
8297028
8297029
8297114
8297115
8297116
8297117
8297118
8297119
8297204
8297205
8297206
8297207
8297208
8297209
8297295
8297296
8297297
8297299
8297578
8297579
8297668
8297669
8297670
8297829
8297830
8297831
8297832
8297833
8297845
8297846
8297847
8297848
8297861
8297862
8297863
8297868
8297869
8297870
8297871
8297872
8297919
8297920
8297921
8297922
8297923
8297929
8297930
8297931
8297932
8297935
8297936
8297937
8297938
8297942
8297943
8297944
8297945
8297946
8297948
8297958
8300371
8300372
8300373
8300461
8300462
8300463
8300464
8300465
8300551
8300552
8300553
8300554
8300555
8301444
8301445
8301446
8301447
8301448
8301459
8301460
8301519
8301520
8301521
8301522
8301523
8301529
8301530
8301531
8301532
8301534
8301535
8301536
8301537
8301538
8301541
8301542
8301543
8301544
8301547
8301549
8301551
8301629
8301692
8301693
8301694
8301695
8301696
8301697
8301698
8301699
8301700
8301717
8301784
8301785
8301786
8301787
8301788
8301789
8301790
8301807
8301880
8306031
8306120
8306121
8306835
8306836
8306924
8306925
8306926
8307013
8307014
8307015
8307016
8307103
8307104
8307105
8307106
8307193
8307194
8307196
8307289
8307290
8307378
8307469
8307470
8307559
8307561
8307648
8307650
8307739
8307831
8308660
8308661
8308729
8308730
8308743
8308744
8308745
8308746
8308758
8308759
8308760
8308761
8338320
8338321
8338322
8338324
8338325
8338326
8338327
8338328
8338329
8338330
8338331
8338332
8338333
8338334
8338335
8338336
8338346
8338347
8338348
8338349
8338351
8338352
8338353
8338357
8338440
8338500
8338517
8338527
8338532
8338590
8338595
8338596
8338599
8338602
8338620
8338681
8338682
8338685
8338686
8338687
8338688
8338689
8338690
8338691
8338692
8338693
8338694
8338696
8338728
8338771
8338772
8338775
8338777
8338778
8338779
8338780
8338781
8338782
8338783
8338784
8338796
8338797
8338798
8338818
8338860
8338861
8338862
8338865
8338866
8338867
8338868
8338869
8338870
8338871
8338872
8338873
8338874
8338886
8338887
8338888
8338908
8338950
8338951
8338952
8338955
8338956
8338957
8338958
8338959
8338960
8338961
8338962
8338963
8338964
8338976
8338977
8338978
8338983
8338998
8339040
8339041
8339042
8339045
8339046
8339047
8339048
8339049
8339050
8339051
8339052
8339053
8339054
8339056
8339066
8339067
8339068
8339069
8339073
8339088
8339130
8339131
8339132
8339135
8339136
8339137
8339138
8339139
8339140
8339141
8339142
8339143
8339144
8339146
8339158
8339159
8339221
8339225
8339226
8339227
8339228
8339229
8339230
8339231
8339232
8339233
8339234
8339236
8339237
8339238
8339239
8339240
8339241
8339242
8339243
8339244
8339245
8339246
8339248
8339249
8339253
8339255
8339256
8339257
8339258
8339259
8339260
8339261
8339262
8339263
8339266
8339311
8339315
8339316
8339317
8339318
8339319
8339320
8339321
8339322
8339323
8339324
8339338
8339339
8339343
8339400
8339401
8339405
8339406
8339407
8339408
8339409
8339410
8339411
8339412
8339413
8339430
8339491
8339495
8339496
8339497
8339498
8339499
8339500
8339501
8339503
8339504
8339516
8339517
8339518
8339523
8339581
8339582
8339585
8339586
8339587
8339588
8339589
8339590
8339592
8339593
8339594
8339629
8339632
8339634
8339637
8339670
8339671
8339672
8339675
8339761
8339762
8339765
8339851
8339852
8339855
8339873
8339876
8339941
8339942
8339945
8339956
8339957
8339958
8339959
8339960
8339961
8339962
8339963
8339965
8339966
8339975
8339976
8339977
8339978
8339979
8339980
8339981
8339982
8339983
8339984
8339985
8339986
8339989
8340031
8340032
8340035
8340059
8340071
8340072
8340073
8340074
8340075
8340076
8340077
8340121
8340122
8340125
8340134
8340149
8340161
8340162
8340163
8340164
8340165
8340166
8340211
8340215
8340224
8340228
8340229
8340230
8340231
8340239
8340244
8340251
8340252
8340253
8340254
8340255
8340256
8340257
8340259
8340305
8340335
8340341
8340342
8340343
8340344
8340345
8340346
8340349
8340395
8340431
8340432
8340433
8340434
8340435
8340436
8340437
8340439
8340485
8340494
8340506
8340509
8340521
8340522
8340523
8340524
8340525
8340526
8340529
8340575
8340584
8340586
8340589
8340595
8340604
8340611
8340612
8340613
8340614
8340615
8340616
8340617
8340619
8340674
8340701
8340702
8340703
8340704
8340705
8340706
8340709
8340755
8340764
8340784
8340791
8340792
8340793
8340794
8340795
8340796
8340797
8340799
8340845
8340854
8340881
8340883
8340884
8340885
8340887
8340889
8340944
8340956
8340979
8341046
8341048
8341054
8341069
8341241
8341304
8341309
8341310
8341311
8341313
8341314
8341315
8341316
8341324
8341394
8341396
8341493
8341518
8341519
8341608
8341664
8341673
8341691
8341698
8341700
8341701
8341702
8341704
8341705
8341706
8341707
8341708
8341754
8341773
8341774
8341776
8341777
8341778
8341779
8341780
8341781
8341782
8341783
8341784
8341785
8341786
8341788
8341844
8341871
8341872
8341873
8341874
8341875
8341876
8341877
8341878
8341934
8341943
8341954
8341961
8341962
8341963
8341964
8341965
8341966
8341968
8342024
8342026
8342027
8342028
8342029
8342030
8342031
8342032
8342033
8342034
8342035
8342036
8342043
8342051
8342052
8342053
8342054
8342055
8342056
8342058
8342114
8342135
8342141
8342142
8342143
8342144
8342145
8342146
8342195
8342204
8342231
8342232
8342233
8342234
8342235
8342236
8342282
8342285
8342313
8342321
8342322
8342323
8342324
8342325
8342326
8342327
8342372
8342375
8342384
8342411
8342412
8342413
8342414
8342415
8342416
8342461
8342474
8342482
8342494
8342495
8342501
8342502
8342503
8342504
8342505
8342506
8342553
8342554
8342556
8342557
8342558
8342559
8342560
8342561
8342565
8342572
8342573
8342583
8342585
8342591
8342592
8342593
8342594
8342595
8342596
8342640
8342644
8342645
8342655
8342661
8342662
8342663
8342664
8342665
8342666
8342676
8342677
8342678
8342679
8342680
8342682
8342683
8342684
8342685
8342686
8342742
8342746
8342757
8342762
8342773
8342775
8342777
8342824
8342825
8342826
8342827
8342828
8342829
8342830
8342831
8342832
8342833
8342834
8342835
8342836
8342837
8342838
8342839
8342840
8342841
8342842
8342843
8342845
8342846
8342847
8342848
8342849
8342850
8342851
8342852
8342854
8342855
8342856
8342857
8342858
8342860
8342861
8342862
8342863
8342864
8342865
8342866
8342867
8342868
8342869
8342870
8342871
8342874
8342875
8342910
8342911
8342912
8342913
8342914
8342915
8342916
8342917
8342918
8342919
8342920
8342921
8342922
8342923
8342924
8342925
8342926
8342927
8342928
8342929
8342930
8342931
8342932
8342933
8342934
8342935
8342936
8342938
8342939
8342940
8342941
8342942
8342943
8342944
8342945
8342946
8342947
8342948
8342949
8342950
8342951
8342952
8342953
8342954
8342955
8342956
8342957
8342959
8342960
8342961
8342962
8342964
8342965
8342966
8343012
8343026
8343027
8343031
8343041
8343042
8343090
8343091
8343092
8343093
8343094
8343101
8343102
8343116
8343117
8343118
8343119
8343120
8343121
8343131
8343132
8343180
8343181
8343192
8343199
8343200
8343201
8343202
8343203
8343204
8343206
8343210
8343211
8343221
8343222
8343270
8343271
8343282
8343290
8343292
8343293
8343294
8343297
8343298
8343300
8343312
8343360
8343361
8343362
8343371
8343372
8343379
8343380
8343382
8343384
8343386
8343388
8343390
8343395
8343401
8343402
8343450
8343451
8343452
8343462
8343469
8343470
8343471
8343472
8343473
8343474
8343476
8343477
8343478
8343479
8343480
8343483
8343484
8343487
8343540
8343541
8343542
8343551
8343552
8343553
8343559
8343560
8343561
8343562
8343563
8343564
8343566
8343567
8343568
8343569
8343570
8343571
8343572
8343573
8343576
8343581
8343582
8343630
8343631
8343641
8343642
8343643
8343645
8343646
8343647
8343648
8343649
8343650
8343651
8343652
8343658
8343659
8343660
8343663
8343664
8343665
8343666
8343671
8343672
8343720
8343721
8343739
8343740
8343741
8343742
8343748
8343749
8343756
8343757
8343761
8343762
8343810
8343811
8343812
8343821
8343822
8343829
8343830
8343831
8343832
8343833
8343834
8343836
8343837
8343838
8343839
8343840
8343841
8343842
8343845
8343846
8343851
8343900
8343901
8343902
8343911
8343912
8343913
8343919
8343920
8343921
8343922
8343923
8343924
8343926
8343927
8343928
8343929
8343930
8343931
8343932
8343933
8343942
8343990
8343991
8343992
8344001
8344004
8344009
8344010
8344011
8344012
8344013
8344014
8344017
8344018
8344019
8344031
8344080
8344081
8344094
8344102
8344104
8344106
8344107
8344109
8344112
8344113
8344115
8344116
8344121
8344170
8344171
8344182
8344184
8344185
8344186
8344187
8344188
8344189
8344190
8344191
8344192
8344193
8344194
8344196
8344197
8344198
8344200
8344201
8344202
8344204
8344205
8344206
8344211
8344212
8344260
8344261
8344262
8344271
8344272
8344274
8344275
8344276
8344277
8344278
8344279
8344280
8344281
8344282
8344283
8344284
8344286
8344287
8344288
8344289
8344290
8344293
8344294
8344295
8344296
8344301
8344302
8344350
8344351
8344361
8344363
8344364
8344365
8344366
8344367
8344371
8344373
8344376
8344377
8344378
8344379
8344380
8344381
8344382
8344383
8344385
8344386
8344391
8344392
8344440
8344441
8344442
8344451
8344452
8344453
8344454
8344455
8344456
8344457
8344458
8344459
8344460
8344461
8344463
8344466
8344467
8344469
8344470
8344471
8344472
8344473
8344474
8344475
8344476
8344481
8344482
8344530
8344531
8344541
8344542
8344543
8344544
8344545
8344546
8344547
8344548
8344550
8344551
8344552
8344553
8344554
8344557
8344558
8344559
8344560
8344562
8344563
8344564
8344565
8344566
8344572
8344620
8344621
8344631
8344632
8344633
8344634
8344635
8344636
8344637
8344638
8344639
8344640
8344641
8344642
8344643
8344644
8344646
8344647
8344648
8344650
8344662
8344710
8344711
8344712
8344726
8344727
8344728
8344729
8344731
8344732
8344733
8344734
8344736
8344737
8344739
8344740
8344742
8344745
8344752
8344800
8344801
8344811
8344817
8344818
8344819
8344822
8344823
8344826
8344827
8344828
8344829
8344830
8344831
8344832
8344833
8344834
8344835
8344836
8344841
8344842
8344890
8344891
8344901
8344902
8344907
8344908
8344909
8344913
8344916
8344918
8344919
8344920
8344921
8344922
8344923
8344924
8344925
8344926
8344931
8344932
8344980
8344981
8344991
8344992
8344993
8344994
8344995
8344996
8344997
8344998
8344999
8345000
8345002
8345003
8345006
8345007
8345008
8345010
8345011
8345012
8345013
8345015
8345016
8345022
8345070
8345071
8345072
8345081
8345082
8345089
8345090
8345091
8345092
8345093
8345094
8345097
8345098
8345099
8345100
8345102
8345103
8345104
8345105
8345107
8345112
8345160
8345161
8345171
8345172
8345173
8345174
8345181
8345182
8345184
8345186
8345187
8345188
8345189
8345190
8345191
8345193
8345194
8345195
8345196
8345201
8345202
8345250
8345251
8345252
8345261
8345262
8345263
8345264
8345265
8345269
8345270
8345271
8345273
8345274
8345277
8345278
8345291
8345292
8345340
8345341
8345342
8345351
8345352
8345353
8345354
8345359
8345360
8345361
8345362
8345363
8345364
8345367
8345368
8345369
8345370
8345381
8345382
8345430
8345431
8345432
8345441
8345442
8345443
8345444
8345446
8345447
8345448
8345449
8345450
8345451
8345452
8345453
8345454
8345456
8345458
8345459
8345460
8345520
8345521
8345522
8345531
8345532
8345533
8345534
8345539
8345540
8345541
8345542
8345543
8345544
8345546
8345547
8345548
8345550
8345610
8345612
8345621
8345622
8345623
8345624
8345629
8345630
8345631
8345632
8345633
8345634
8345636
8345637
8345638
8345639
8345640
8345700
8345701
8345702
8345711
8345712
8345713
8345714
8345719
8345720
8345721
8345722
8345723
8345724
8345726
8345727
8345728
8345729
8345730
8345731
8345790
8345791
8345792
8345801
8345802
8345803
8345804
8345809
8345810
8345811
8345812
8345813
8345816
8345817
8345818
8345819
8345820
8345821
8345880
8345881
8345882
8345891
8345892
8345893
8345894
8345895
8345896
8345897
8345898
8345899
8345900
8345901
8345902
8345903
8345904
8345906
8345907
8345908
8345909
8345910
8345911
8345922
8345970
8345981
8345982
8345983
8345984
8345985
8345986
8345987
8345988
8345989
8345990
8345991
8345992
8345993
8345994
8345996
8345997
8345998
8345999
8346000
8346060
8346061
8346062
8346071
8346072
8346073
8346074
8346075
8346076
8346077
8346078
8346079
8346080
8346081
8346082
8346083
8346086
8346087
8346088
8346089
8346090
8346091
8346150
8346151
8346152
8346162
8346163
8346164
8346165
8346166
8346167
8346168
8346169
8346170
8346171
8346172
8346173
8346174
8346176
8346177
8346178
8346179
8346180
8346181
8346240
8346241
8346251
8346252
8346253
8346254
8346255
8346256
8346257
8346258
8346259
8346260
8346261
8346262
8346263
8346264
8346267
8346268
8346269
8346270
8346271
8346282
8346330
8346331
8346341
8346342
8346343
8346344
8346345
8346346
8346347
8346348
8346349
8346350
8346351
8346352
8346353
8346354
8346357
8346359
8346360
8346361
8346372
8346420
8346421
8346422
8346423
8346424
8346425
8346426
8346427
8346428
8346429
8346431
8346432
8346433
8346434
8346435
8346436
8346437
8346438
8346439
8346440
8346441
8346442
8346443
8346444
8346446
8346447
8346448
8346450
8346451
8346453
8346454
8346455
8346457
8346458
8346461
8346462
8346463
8346464
8346465
8346466
8346477
8346478
8346479
8346510
8346512
8346513
8346514
8346515
8346516
8346517
8346518
8346519
8346520
8346521
8346522
8346523
8346526
8346527
8346528
8346529
8346530
8346531
8346532
8346533
8346534
8346535
8346536
8346537
8346538
8346539
8346540
8346541
8346542
8346543
8346544
8346545
8346546
8346548
8346557
8346558
8346560
8346561
8346562
8346563
8346566
8346567
8346568
8346569
8346602
8346612
8346626
8346627
8346628
8346629
8346630
8346639
8346690
8346691
8346692
8346701
8346702
8346716
8346717
8346718
8346719
8346720
8346729
8346730
8346780
8346781
8346782
8346791
8346792
8346806
8346807
8346808
8346809
8346810
8346819
8346820
8346870
8346871
8346872
8346881
8346882
8346896
8346897
8346900
8346910
8346960
8346961
8346962
8346971
8346972
8346986
8346987
8346988
8346989
8347000
8347061
8347062
8347076
8347077
8347078
8347079
8347080
8347089
8347090
8347140
8347141
8347151
8347152
8347166
8347167
8347168
8347169
8347170
8347180
8347230
8347231
8347241
8347242
8347256
8347257
8347259
8347260
8347270
8347321
8347331
8347332
8347347
8347348
8347349
8347350
8347360
8347411
8347421
8347422
8347436
8347437
8347438
8347439
8347440
8347449
8347450
8347501
8347511
8347512
8347527
8347528
8347529
8347530
8347539
8347540
8347591
8347601
8347602
8347616
8347617
8347618
8347619
8347620
8347629
8347630
8347680
8347681
8347691
8347692
8347707
8347708
8347709
8347710
8347719
8347720
8347770
8347771
8347781
8347782
8347783
8347784
8347793
8347796
8347797
8347800
8347809
8347810
8347860
8347861
8347871
8347872
8347874
8347875
8347880
8347881
8347882
8347884
8347885
8347886
8347887
8347888
8347889
8347890
8347899
8347900
8347950
8347961
8347962
8347964
8347965
8347970
8347971
8347972
8347973
8347974
8347975
8347977
8347978
8347979
8347980
8347989
8347990
8348040
8348041
8348042
8348051
8348052
8348053
8348054
8348055
8348060
8348061
8348062
8348063
8348064
8348065
8348067
8348068
8348069
8348070
8348079
8348080
8348130
8348131
8348132
8348141
8348142
8348143
8348144
8348145
8348150
8348151
8348152
8348153
8348154
8348155
8348156
8348157
8348159
8348160
8348169
8348170
8348220
8348221
8348222
8348231
8348232
8348233
8348234
8348235
8348240
8348241
8348242
8348243
8348244
8348245
8348246
8348247
8348248
8348249
8348250
8348259
8348260
8348310
8348311
8348312
8348321
8348322
8348323
8348324
8348325
8348326
8348327
8348334
8348335
8348336
8348337
8348338
8348339
8348340
8348349
8348350
8348400
8348411
8348412
8348413
8348414
8348415
8348416
8348417
8348427
8348428
8348429
8348430
8348439
8348440
8348490
8348491
8348501
8348502
8348503
8348505
8348506
8348507
8348517
8348518
8348519
8348520
8348521
8348522
8348523
8348524
8348525
8348529
8348530
8348580
8348581
8348591
8348592
8348593
8348595
8348596
8348597
8348607
8348608
8348609
8348610
8348611
8348612
8348613
8348614
8348615
8348619
8348620
8348670
8348671
8348681
8348682
8348683
8348685
8348686
8348687
8348697
8348698
8348699
8348700
8348701
8348702
8348703
8348704
8348705
8348709
8348710
8348760
8348761
8348771
8348772
8348773
8348774
8348775
8348776
8348777
8348786
8348787
8348788
8348789
8348790
8348791
8348792
8348793
8348794
8348795
8348799
8348800
8348850
8348851
8348861
8348862
8348863
8348865
8348876
8348877
8348878
8348879
8348880
8348881
8348882
8348883
8348884
8348885
8348889
8348890
8348940
8348941
8348951
8348952
8348953
8348967
8348968
8348969
8348970
8348971
8348972
8348973
8348974
8348975
8348979
8348980
8349031
8349041
8349042
8349043
8349044
8349056
8349057
8349058
8349059
8349060
8349069
8349070
8349121
8349131
8349132
8349133
8349134
8349146
8349147
8349148
8349149
8349150
8349159
8349160
8349211
8349221
8349222
8349224
8349236
8349237
8349238
8349239
8349240
8349241
8349242
8349243
8349244
8349245
8349249
8349250
8349300
8349301
8349311
8349312
8349313
8349314
8349315
8349326
8349327
8349328
8349329
8349330
8349331
8349332
8349333
8349334
8349335
8349339
8349340
8349390
8349391
8349401
8349402
8349403
8349404
8349416
8349417
8349418
8349419
8349420
8349421
8349422
8349423
8349424
8349425
8349429
8349430
8349480
8349481
8349491
8349492
8349493
8349494
8349506
8349507
8349508
8349509
8349510
8349511
8349512
8349513
8349514
8349515
8349519
8349520
8349570
8349571
8349581
8349582
8349597
8349598
8349599
8349600
8349601
8349602
8349603
8349604
8349605
8349609
8349660
8349661
8349671
8349672
8349673
8349674
8349675
8349686
8349687
8349688
8349689
8349690
8349691
8349692
8349693
8349694
8349695
8349700
8349750
8349751
8349761
8349762
8349763
8349764
8349765
8349776
8349777
8349778
8349779
8349780
8349781
8349782
8349783
8349784
8349785
8349789
8349790
8349840
8349841
8349842
8349851
8349852
8349853
8349854
8349866
8349867
8349868
8349869
8349870
8349871
8349872
8349873
8349874
8349875
8349879
8349880
8349931
8349932
8349941
8349942
8349956
8349957
8349969
8350020
8350021
8350022
8350023
8350024
8350025
8350028
8350029
8350030
8350031
8350032
8350035
8350039
8350040
8350042
8350043
8350044
8350045
8350046
8350047
8350048
8350049
8350050
8350051
8350052
8350053
8350054
8350055
8350058
8350059
8350060
8350061
8350063
8350064
8350065
8350110
8350111
8350112
8350113
8350114
8350115
8350116
8350117
8350118
8350119
8350121
8350122
8350123
8350124
8350125
8350126
8350127
8350128
8350129
8350130
8350131
8350132
8350133
8350134
8350135
8350136
8350137
8350138
8350139
8350140
8350141
8350142
8350143
8350144
8350145
8350146
8350147
8350149
8350151
8350152
8350153
8350211
8350212
8350226
8350227
8350228
8350229
8350230
8350239
8350291
8350292
8350293
8350294
8350295
8350296
8350297
8350298
8350299
8350300
8350301
8350302
8350303
8350304
8350305
8350306
8350307
8350316
8350317
8350319
8350381
8350390
8350391
8350392
8350393
8350394
8350395
8350396
8350397
8350406
8350407
8350409
8350411
8350412
8350481
8350482
8350483
8350484
8350485
8350486
8350487
8350496
8350497
8350499
8350500
8350501
8350502
8350503
8350509
8350510
8350570
8350571
8350572
8350573
8350574
8350575
8350576
8350577
8350586
8350587
8350590
8350591
8350592
8350593
8350594
8350599
8350600
8350676
8350677
8350681
8350689
8350690
8350766
8350767
8350773
8350774
8354289
8354290
8354370
8354379
8354380
8354456
8354457
8354458
8354469
8354470
8354546
8354547
8354548
8354550
8354559
8354560
8354631
8354636
8354637
8354638
8354640
8354644
8354645
8354649
8354720
8354721
8354726
8354727
8354728
8354730
8354731
8354739
8354810
8354811
8354816
8354817
8354819
8354820
8354829
8354830
8354907
8354908
8354909
8354910
8354919
8354920
8354997
8354998
8354999
8355000
8355009
8355010
8355086
8355087
8355088
8355089
8355090
8355099
8355176
8355177
8355180
8355189
8355190
8355256
8355266
8355267
8355270
8355279
8355280
8355346
8355357
8355358
8355360
8355369
8355370
8355435
8355436
8355446
8355447
8355448
8355449
8355450
8355526
8355536
8355537
8355538
8355539
8355540
8355549
8355550
8355614
8355616
8355626
8355627
8355630
8355639
8355640
8355704
8355705
8355706
8355707
8355708
8355709
8355710
8355711
8355716
8355717
8355718
8355720
8355730
8355794
8355795
8355796
8355797
8355798
8355799
8355800
8355801
8355807
8355808
8355810
8355819
8355820
8355891
8355896
8355898
8355899
8355900
8355981
8355986
8355987
8355988
8355989
8355999
8356000
8356071
8356076
8356078
8356079
8356080
8356089
8356090
8356159
8356160
8356161
8356166
8356167
8356169
8356170
8356173
8356174
8356179
8356180
8356251
8356256
8356257
8356258
8356269
8356270
8356341
8356347
8356348
8356350
8356351
8356352
8356353
8356359
8356360
8356431
8356436
8356437
8356440
8356449
8356450
8356521
8356526
8356527
8356528
8356529
8356530
8356531
8356532
8356533
8356534
8356535
8356539
8356540
8356608
8356609
8356610
8356611
8356616
8356617
8356620
8356629
8356630
8356706
8356707
8356708
8356709
8356710
8356719
8356720
8356796
8356797
8356800
8356809
8356876
8356886
8356887
8356888
8356890
8356899
8356900
8356966
8356976
8356977
8356978
8356980
8356989
8356990
8357056
8357066
8357069
8357070
8357079
8357080
8357156
8357157
8357158
8357159
8357160
8357169
8357235
8357236
8357237
8357238
8357240
8357241
8357243
8357244
8357245
8357246
8357247
8357248
8357249
8357250
8357251
8357252
8357253
8357254
8357255
8357256
8357257
8357258
8357259
8357260
8357261
8357262
8357263
8357264
8357265
8357266
8357267
8357268
8357269
8357270
8357271
8357272
8357274
8357275
8357276
8357277
8357278
8357279
8357325
8357326
8357328
8357329
8357330
8357332
8357333
8357334
8357335
8357339
8357340
8357341
8357343
8357346
8357347
8357348
8357349
8357350
8357351
8357352
8357353
8357355
8357356
8357357
8357358
8357359
8357360
8357361
8357362
8357363
8357365
8357366
8357367
8357369
8386920
8386921
8386922
8386923
8386927
8386928
8386929
8386930
8386931
8386932
8386933
8386934
8386935
8386936
8386937
8386938
8386939
8386940
8386941
8386942
8386943
8386944
8386945
8386946
8386947
8386948
8386949
8386958
8386959
8387039
8387040
8387102
8387111
8387112
8387127
8387128
8387129
8387130
8387132
8387216
8387282
8387293
8387294
8387306
8387313
8387329
8387372
8387383
8387396
8387404
8387462
8387473
8387552
8387563
8387583
8387642
8387653
8387666
8387667
8387668
8387673
8387674
8387732
8387743
8387822
8387833
8387836
8387837
8387838
8387839
8387840
8387843
8387844
8387845
8387846
8387853
8387855
8387856
8387857
8387858
8387859
8387860
8387861
8387862
8387863
8387864
8387866
8387912
8387923
8387944
8388002
8388013
8388028
8388029
8388035
8388103
8388116
8388117
8388118
8388123
8388124
8388185
8388186
8388187
8388188
8388189
8388190
8388191
8388192
8388193
8388194
8388229
8388230
8388231
8388233
8388237
8388271
8388275
8388284
8388296
8388393
8388394
8388409
8388473
8388476
8388499
8388556
8388557
8388559
8388560
8388561
8388565
8388573
8388575
8388576
8388577
8388578
8388579
8388580
8388663
8388734
8388749
8388755
8388826
8388828
8388829
8388831
8388832
8388839
8388844
8388926
8388929
8389016
8389019
8389106
8389186
8389188
8389190
8389192
8389194
8389196
8389199
8389204
8389218
8389219
8389294
8389308
8389384
8389483
8389484
8389485
8389646
8389647
8389649
8389654
8389736
8389737
8389814
8389826
8389841
8389849
8389907
8389908
8389909
8389910
8389911
8389912
8389913
8389914
8389915
8389916
8389919
8389920
8389923
8389924
8389939
8390008
8390009
8390010
8390029
8390096
8390097
8390098
8390099
8390100
8390103
8390119
8390186
8390187
8390188
8390189
8390193
8390276
8390277
8390278
8390291
8390299
8390300
8390301
8390302
8390303
8390304
8390305
8390306
8390307
8390363
8390366
8390367
8390368
8390373
8390374
8390376
8390377
8390378
8390381
8390464
8390479
8390569
8390632
8390633
8390634
8390635
8390636
8390638
8390639
8390643
8390659
8390726
8390727
8390728
8390729
8390734
8390749
8390816
8390818
8390819
8390839
8390906
8390908
8390909
8390913
8390929
8390996
8390997
8390998
8390999
8391086
8391088
8391089
8391093
8391095
8391109
8391153
8391156
8391157
8391158
8391159
8391160
8391172
8391173
8391176
8391177
8391178
8391183
8391184
8391199
8391244
8391245
8391257
8391258
8391260
8391261
8391264
8391265
8391267
8391268
8391277
8391278
8391279
8391280
8391281
8391289
8391342
8391357
8391358
8391362
8391372
8391375
8391378
8391420
8391421
8391424
8391445
8391446
8391447
8391448
8391449
8391450
8391451
8391510
8391511
8391514
8391525
8391544
8391545
8391612
8391613
8391630
8391631
8391702
8391703
8391704
8391716
8391717
8391720
8391792
8391794
8391795
8391796
8391797
8391798
8391799
8391800
8391801
8391802
8391803
8391804
8391870
8391871
8391872
8391882
8391883
8391884
8391885
8391886
8391887
8391888
8391889
8391896
8391897
8391901
8391960
8391962
8391972
8391975
8391976
8391977
8391978
8391979
8391984
8391990
8392050
8392052
8392064
8392065
8392066
8392067
8392068
8392069
8392080
8392081
8392142
8392155
8392156
8392157
8392158
8392159
8392166
8392167
8392171
8392232
8392246
8392247
8392249
8392261
8392320
8392321
8392347
8392351
8392410
8392412
8392413
8392414
8392415
8392416
8392500
8392502
8392512
8392513
8392514
8392532
8392533
8392534
8392535
8392541
8392542
8392592
8392602
8392617
8392682
8392692
8392710
8392712
8392713
8392714
8392715
8392716
8392782
8392797
8392800
8392801
8392811
8392812
8392862
8392873
8392874
8392950
8392951
8392977
8392992
8393040
8393042
8393130
8393162
8393163
8393164
8393165
8393166
8393171
8393220
8393222
8393247
8393312
8393346
8393400
8393401
8393402
8393426
8393427
8393442
8393490
8393492
8393580
8393607
8393622
8393672
8393712
8393792
8393793
8393794
8393795
8393796
8393801
8393852
8393891
8393892
8393941
8393942
8393971
8393973
8393974
8393975
8393976
8394030
8394032
8394033
8394034
8394035
8394036
8394037
8394057
8394061
8394064
8394065
8394066
8394120
8394122
8394123
8394124
8394125
8394126
8394151
8394154
8394155
8394156
8394210
8394212
8394236
8394241
8394243
8394244
8394245
8394246
8394251
8394302
8394333
8394334
8394335
8394336
8394392
8394421
8394424
8394425
8394426
8394482
8394507
8394570
8394571
8394572
8394660
8394662
8394750
8394776
8394777
8394842
8394854
8394859
8394870
8394871
8394944
8394945
8394946
8394947
8394948
8394949
8394950
8394951
8394952
8394958
8394959
8394960
8394961
8395020
8395021
8395024
8395025
8395034
8395045
8395049
8395050
8395051
8395077
8395078
8395110
8395111
8395112
8395114
8395115
8395124
8395125
8395135
8395141
8395142
8395144
8395145
8395167
8395202
8395212
8395214
8395292
8395302
8395303
8395304
8395305
8395317
8395380
8395381
8395382
8395383
8395384
8395385
8395386
8395387
8395392
8395393
8395394
8395395
8395396
8395397
8395398
8395399
8395400
8395401
8395402
8395403
8395408
8395409
8395470
8395472
8395473
8395474
8395475
8395476
8395477
8395482
8395484
8395485
8395486
8395487
8395488
8395489
8395490
8395491
8395492
8395493
8395494
8395497
8395499
8395560
8395562
8395563
8395564
8395565
8395566
8395567
8395572
8395574
8395575
8395576
8395577
8395578
8395579
8395580
8395581
8395582
8395583
8395584
8395588
8395589
8395652
8395653
8395654
8395655
8395656
8395657
8395661
8395662
8395663
8395664
8395665
8395666
8395667
8395668
8395669
8395670
8395671
8395672
8395673
8395674
8395689
8395690
8395742
8395743
8395744
8395745
8395746
8395747
8395751
8395752
8395753
8395754
8395755
8395756
8395757
8395758
8395759
8395760
8395761
8395762
8395763
8395764
8395766
8395767
8395768
8395769
8395830
8395831
8395832
8395833
8395834
8395835
8395836
8395837
8395841
8395843
8395844
8395845
8395846
8395847
8395848
8395849
8395850
8395851
8395852
8395853
8395854
8395859
8395870
8395922
8395931
8395932
8395933
8395934
8395935
8395936
8395937
8395938
8395939
8395940
8395941
8395942
8395943
8395944
8395947
8395948
8395949
8396010
8396012
8396023
8396024
8396025
8396026
8396027
8396028
8396029
8396030
8396031
8396032
8396033
8396034
8396100
8396102
8396111
8396113
8396114
8396115
8396116
8396117
8396118
8396119
8396120
8396121
8396122
8396123
8396124
8396129
8396139
8396140
8396192
8396201
8396202
8396203
8396204
8396205
8396206
8396207
8396208
8396209
8396210
8396211
8396212
8396213
8396214
8396217
8396229
8396280
8396282
8396283
8396284
8396285
8396286
8396287
8396291
8396293
8396294
8396303
8396304
8396308
8396309
8396319
8396320
8396370
8396371
8396372
8396381
8396393
8396397
8396399
8396409
8396460
8396461
8396462
8396473
8396474
8396480
8396484
8396500
8396550
8396552
8396553
8396554
8396555
8396556
8396557
8396561
8396564
8396570
8396590
8396640
8396642
8396643
8396644
8396645
8396646
8396647
8396654
8396660
8396730
8396732
8396733
8396734
8396735
8396736
8396737
8396741
8396744
8396750
8396759
8396769
8396770
8396820
8396821
8396822
8396823
8396824
8396825
8396826
8396827
8396831
8396840
8396841
8396842
8396843
8396848
8396849
8396859
8396910
8396911
8396912
8396913
8396914
8396915
8396916
8396917
8396921
8396930
8396931
8396932
8396933
8396935
8396936
8396950
8397000
8397002
8397003
8397004
8397005
8397006
8397007
8397011
8397013
8397014
8397015
8397026
8397090
8397092
8397093
8397094
8397095
8397096
8397097
8397104
8397105
8397118
8397119
8397120
8397121
8397122
8397123
8397124
8397125
8397130
8397180
8397182
8397191
8397194
8397195
8397207
8397219
8397220
8397270
8397272
8397285
8397310
8397362
8397371
8397376
8397377
8397387
8397400
8397450
8397451
8397452
8397453
8397454
8397455
8397456
8397457
8397461
8397463
8397464
8397540
8397541
8397542
8397543
8397544
8397545
8397546
8397547
8397567
8397580
8397630
8397632
8397633
8397634
8397635
8397636
8397637
8397641
8397656
8397669
8397720
8397722
8397723
8397724
8397725
8397726
8397727
8397733
8397734
8397747
8397760
8397810
8397812
8397813
8397814
8397815
8397816
8397817
8397821
8397824
8397837
8397849
8397850
8397900
8397902
8397903
8397904
8397905
8397906
8397907
8397911
8397912
8397913
8397914
8397926
8397939
8397992
8397993
8397994
8397995
8397996
8397997
8398001
8398016
8398017
8398029
8398030
8398080
8398082
8398083
8398084
8398085
8398086
8398087
8398091
8398106
8398119
8398170
8398172
8398173
8398174
8398175
8398176
8398177
8398184
8398197
8398260
8398262
8398263
8398264
8398265
8398266
8398267
8398271
8398273
8398274
8398287
8398299
8398300
8398350
8398351
8398352
8398442
8398466
8398467
8398479
8398480
8398532
8398541
8398556
8398620
8398621
8398624
8398625
8398644
8398645
8398710
8398712
8398715
8398724
8398734
8398800
8398826
8398827
8398896
8398899
8399010
8399011
8399012
8399080
8399099
8399178
8399179
8399181
8399182
8399188
8399189
8399260
8399268
8399269
8399280
8399281
8399370
8399371
8399372
8402972
8402973
8402974
8402975
8403057
8403060
8403147
8403155
8403237
8403244
8403245
8403321
8403327
8403330
8403335
8403411
8403417
8403420
8403421
8403422
8403423
8403424
8403507
8403510
8403511
8403512
8403513
8403514
8403515
8403597
8403600
8403601
8403602
8403603
8403604
8403605
8403687
8403689
8403690
8403691
8403692
8403693
8403695
8403777
8403778
8403779
8403790
8403867
8403868
8403870
8403946
8403957
8403958
8403960
8403970
8404036
8404047
8404050
8404126
8404137
8404140
8404150
8404216
8404227
8404228
8404229
8404230
8404233
8404234
8404235
8404311
8404317
8404320
8404321
8404401
8404407
8404408
8404411
8404412
8404413
8404414
8404415
8404420
8404491
8404497
8404500
8404503
8404504
8404505
8404581
8404587
8404590
8404591
8404592
8404593
8404594
8404595
8404600
8404671
8404677
8404680
8404681
8404682
8404683
8404684
8404685
8404761
8404767
8404770
8404771
8404772
8404773
8404774
8404775
8404851
8404857
8404941
8404947
8404948
8404955
8405031
8405037
8405121
8405127
8405128
8405130
8405132
8405133
8405134
8405135
8405140
8405207
8405208
8405210
8405211
8405217
8405220
8405230
8405307
8405308
8405309
8405310
8405320
8405397
8405487
8405488
8405490
8405577
8405667
8405670
8405680
8405757
8405758
8405759
8405760
8405934
8405937
8405938
8405939
8405940
8405941
8405967
8435520
8435521
8435522
8435523
8435524
8435525
8435526
8435527
8435528
8435530
8435531
8435532
8435533
8435534
8435535
8435536
8435537
8435538
8435539
8435540
8435541
8435542
8435543
8435544
8435545
8435549
8435553
8435554
8435555
8435556
8435557
8435558
8435639
8435640
8435702
8435710
8435711
8435727
8435728
8435729
8435730
8435732
8435749
8435816
8435881
8435893
8435894
8435906
8435913
8435929
8435970
8435971
8435983
8435996
8436003
8436004
8436019
8436060
8436061
8436073
8436094
8436109
8436150
8436151
8436152
8436163
8436183
8436199
8436240
8436241
8436242
8436253
8436289
8436330
8436331
8436332
8436343
8436379
8436420
8436421
8436422
8436433
8436436
8436437
8436438
8436439
8436440
8436442
8436443
8436444
8436445
8436446
8436453
8436455
8436456
8436457
8436458
8436459
8436460
8436461
8436462
8436463
8436465
8436466
8436469
8436510
8436511
8436512
8436523
8436544
8436545
8436559
8436601
8436602
8436613
8436703
8436716
8436717
8436718
8436723
8436724
8436780
8436785
8436786
8436787
8436788
8436789
8436790
8436791
8436792
8436793
8436828
8436830
8436831
8436832
8436833
8436835
8436836
8436837
8436870
8436875
8436896
8436897
8436899
8436903
8436918
8436922
8436923
8436960
8436974
8436993
8436994
8437008
8437009
8437050
8437064
8437076
8437140
8437154
8437156
8437157
8437158
8437159
8437161
8437162
8437163
8437164
8437165
8437166
8437173
8437175
8437177
8437178
8437179
8437180
8437230
8437244
8437263
8437264
8437266
8437268
8437270
8437271
8437334
8437349
8437424
8437427
8437428
8437429
8437431
8437436
8437437
8437438
8437439
8437443
8437514
8437516
8437529
8437533
8437534
8437549
8437604
8437616
8437619
8437639
8437694
8437713
8437714
8437729
8437784
8437785
8437786
8437788
8437799
8437804
8437819
8437874
8437876
8437879
8437881
8437889
8437890
8437891
8437892
8437894
8437909
8437964
8437983
8437985
8437999
8438054
8438082
8438084
8438085
8438086
8438089
8438179
8438246
8438249
8438254
8438269
8438336
8438359
8438426
8438433
8438449
8438506
8438513
8438523
8438524
8438531
8438539
8438596
8438606
8438629
8438703
8438719
8438783
8438793
8438794
8438876
8438899
8438900
8438906
8438967
8438968
8438973
8438974
8438976
8438977
8438978
8438979
8438981
8438989
8439064
8439079
8439154
8439169
8439233
8439234
8439235
8439236
8439238
8439239
8439243
8439244
8439259
8439335
8439349
8439424
8439439
8439502
8439529
8439619
8439693
8439756
8439757
8439758
8439759
8439760
8439762
8439763
8439773
8439783
8439784
8439844
8439845
8439853
8439854
8439855
8439856
8439857
8439858
8439859
8439860
8439861
8439862
8439863
8439864
8439874
8439876
8439957
8439958
8439962
8439978
8439979
8440020
8440021
8440025
8440026
8440045
8440046
8440047
8440048
8440049
8440050
8440051
8440065
8440110
8440111
8440213
8440226
8440231
8440291
8440304
8440316
8440317
8440318
8440319
8440320
8440381
8440382
8440394
8440395
8440396
8440397
8440398
8440399
8440400
8440401
8440402
8440403
8440404
8440470
8440471
8440472
8440473
8440475
8440496
8440497
8440511
8440512
8440560
8440561
8440563
8440564
8440565
8440566
8440567
8440584
8440592
8440593
8440651
8440652
8440653
8440654
8440656
8440657
8440691
8440692
8440741
8440742
8440743
8440744
8440745
8440766
8440767
8440782
8440831
8440832
8440920
8440921
8440946
8440947
8440961
8441010
8441017
8441102
8441103
8441104
8441105
8441106
8441107
8441133
8441141
8441191
8441192
8441193
8441194
8441196
8441217
8441281
8441282
8441286
8441287
8441311
8441312
8441313
8441314
8441315
8441316
8441321
8441371
8441374
8441375
8441376
8441396
8441411
8441412
8441461
8441462
8441550
8441551
8441555
8441556
8441557
8441576
8441577
8441591
8441592
8441640
8441643
8441644
8441645
8441646
8441730
8441731
8441732
8441736
8441737
8441763
8441771
8441821
8441823
8441824
8441826
8441827
8441847
8441862
8441911
8441913
8441914
8441915
8441916
8441917
8441936
8442000
8442001
8442002
8442003
8442004
8442005
8442026
8442027
8442042
8442091
8442127
8442180
8442181
8442206
8442207
8442217
8442221
8442222
8442271
8442275
8442276
8442312
8442361
8442362
8442392
8442393
8442394
8442395
8442397
8442451
8442491
8442492
8442542
8442630
8442631
8442637
8442657
8442671
8442720
8442722
8442723
8442724
8442725
8442726
8442727
8442811
8442812
8442813
8442814
8442815
8442816
8442817
8442901
8442902
8442903
8442904
8442905
8442906
8442907
8442941
8442991
8442992
8442993
8442994
8442995
8442996
8443016
8443022
8443023
8443024
8443025
8443026
8443027
8443031
8443081
8443082
8443083
8443084
8443085
8443086
8443091
8443106
8443107
8443121
8443170
8443171
8443172
8443173
8443174
8443175
8443176
8443197
8443262
8443263
8443264
8443265
8443266
8443267
8443287
8443302
8443350
8443352
8443353
8443354
8443355
8443356
8443377
8443442
8443459
8443531
8443532
8443533
8443534
8443535
8443536
8443537
8443542
8443544
8443545
8443546
8443547
8443548
8443549
8443550
8443551
8443552
8443553
8443554
8443557
8443620
8443621
8443622
8443626
8443632
8443633
8443634
8443643
8443644
8443649
8443651
8443677
8443678
8443710
8443712
8443715
8443716
8443724
8443725
8443733
8443734
8443737
8443741
8443742
8443745
8443746
8443754
8443767
8443801
8443802
8443811
8443812
8443829
8443833
8443891
8443892
8443901
8443917
8443919
8443922
8443923
8443924
8443980
8443981
8443982
8443983
8443984
8443985
8443986
8443987
8443993
8443995
8444007
8444009
8444010
8444011
8444012
8444013
8444014
8444020
8444071
8444072
8444082
8444084
8444085
8444097
8444102
8444103
8444104
8444109
8444110
8444161
8444174
8444187
8444192
8444193
8444194
8444251
8444261
8444265
8444279
8444280
8444282
8444283
8444284
8444289
8444290
8444341
8444351
8444352
8444355
8444367
8444369
8444370
8444372
8444373
8444379
8444430
8444431
8444432
8444433
8444434
8444435
8444436
8444437
8444441
8444444
8444445
8444462
8444470
8444521
8444522
8444523
8444524
8444525
8444526
8444527
8444531
8444532
8444534
8444546
8444547
8444549
8444550
8444551
8444552
8444611
8444612
8444613
8444614
8444615
8444616
8444617
8444624
8444641
8444642
8444701
8444702
8444703
8444704
8444705
8444706
8444707
8444711
8444714
8444733
8444734
8444735
8444739
8444740
8444791
8444792
8444793
8444794
8444795
8444796
8444797
8444801
8444802
8444805
8444806
8444807
8444808
8444809
8444810
8444811
8444812
8444813
8444817
8444822
8444823
8444824
8444829
8444881
8444882
8444883
8444884
8444885
8444886
8444887
8444891
8444892
8444893
8444894
8444896
8444904
8444912
8444913
8444914
8444919
8444920
8444971
8444972
8444973
8444974
8444975
8444976
8444977
8444981
8444996
8444997
8444999
8445002
8445003
8445004
8445009
8445061
8445062
8445063
8445064
8445065
8445066
8445067
8445073
8445074
8445075
8445076
8445077
8445078
8445079
8445080
8445084
8445085
8445087
8445089
8445092
8445093
8445094
8445100
8445151
8445152
8445153
8445154
8445155
8445156
8445157
8445161
8445162
8445164
8445165
8445166
8445167
8445168
8445169
8445170
8445176
8445177
8445179
8445182
8445183
8445184
8445190
8445241
8445247
8445254
8445255
8445256
8445257
8445258
8445259
8445260
8445272
8445273
8445331
8445332
8445335
8445341
8445342
8445344
8445345
8445346
8445347
8445348
8445349
8445350
8445357
8445369
8445370
8445420
8445421
8445422
8445423
8445424
8445425
8445426
8445427
8445434
8445435
8445436
8445437
8445438
8445439
8445440
8445447
8445451
8445459
8445510
8445511
8445521
8445525
8445528
8445529
8445530
8445531
8445532
8445533
8445534
8445535
8445537
8445539
8445550
8445601
8445607
8445611
8445612
8445613
8445614
8445615
8445626
8445627
8445691
8445692
8445693
8445694
8445695
8445696
8445697
8445704
8445705
8445720
8445721
8445722
8445723
8445724
8445725
8445781
8445782
8445783
8445784
8445785
8445786
8445787
8445791
8445792
8445794
8445795
8445806
8445807
8445820
8445871
8445872
8445873
8445874
8445875
8445876
8445877
8445882
8445885
8445897
8445910
8445961
8445962
8445963
8445964
8445965
8445966
8445967
8445968
8445969
8445971
8445974
8445976
8445977
8445986
8445987
8445999
8446000
8446051
8446052
8446053
8446054
8446055
8446056
8446057
8446058
8446059
8446061
8446062
8446064
8446065
8446076
8446089
8446140
8446141
8446142
8446147
8446148
8446149
8446152
8446155
8446157
8446158
8446159
8446160
8446167
8446180
8446231
8446237
8446238
8446239
8446241
8446242
8446245
8446246
8446247
8446248
8446249
8446250
8446269
8446321
8446334
8446337
8446338
8446339
8446347
8446360
8446411
8446412
8446413
8446414
8446415
8446416
8446417
8446418
8446419
8446421
8446422
8446424
8446436
8446437
8446449
8446450
8446501
8446507
8446508
8446509
8446511
8446514
8446526
8446539
8446591
8446597
8446598
8446599
8446601
8446602
8446616
8446617
8446629
8446630
8446681
8446687
8446688
8446689
8446691
8446706
8446719
8446771
8446777
8446778
8446779
8446784
8446790
8446791
8446792
8446793
8446794
8446795
8446797
8446861
8446867
8446868
8446869
8446871
8446872
8446874
8446880
8446881
8446882
8446883
8446884
8446885
8446886
8446887
8446899
8446900
8446950
8446951
8446952
8446964
8446965
8446970
8446971
8446972
8446973
8446974
8447041
8447042
8447066
8447067
8447079
8447080
8447131
8447132
8447141
8447156
8447220
8447221
8447222
8447234
8447235
8447243
8447244
8447310
8447312
8447315
8447316
8447324
8447333
8447334
8447400
8447401
8447402
8447426
8447427
8447491
8447492
8447493
8447494
8447495
8447497
8447498
8447499
8447500
8447505
8447506
8447507
8447516
8447690
8447691
8447692
8447696
8447697
8451666
8451667
8451838
8451847
8451935
8451936
8451937
8451938
8452017
8452205
8452290
8452291
8452292
8452293
8452294
8452295
8452377
8452378
8452379
8452380
8452381
8452382
8452385
8452467
8452468
8452471
8452472
8452473
8452474
8452477
8452557
8452560
8452562
8452563
8452564
8452565
8452566
8452647
8452650
8452651
8452655
8452656
8452657
8452658
8452726
8452742
8452743
8452744
8452745
8452746
8452747
8452750
8452828
8452829
8452835
8452911
8452918
8452928
8452930
8453001
8453015
8453091
8453105
8453181
8453195
8453271
8453361
8453451
8453541
8453555
8453631
8453650
8453721
8453730
8453731
8453732
8453733
8453734
8453735
8453809
8453810
8453817
8453820
8453821
8453822
8453823
8453910
8453911
8453912
8453913
8453914
8453915
8453920
8453997
8454000
8454001
8454002
8454003
8454004
8454005
8454010
8454087
8454088
8454091
8454092
8454093
8454094
8454095
8454100
8454177
8454180
8454181
8454182
8454183
8454184
8454185
8454190
8454267
8454270
8454271
8454280
8454357
8454359
8454456
8454473
8454477
8454534
8454535
8454536
8454537
8454538
8454539
8454540
8454541
8454542
8454545
8454546
8484120
8484121
8484122
8484124
8484132
8484133
8484134
8484135
8484140
8484153
8484240
8484330
8484332
8484349
8484416
8484417
8484418
8484419
8484420
8484422
8484493
8484494
8484506
8484507
8484508
8484509
8484510
8484511
8484512
8484583
8484597
8484598
8484599
8484600
8484601
8484602
8484673
8484688
8484689
8484690
8484691
8484692
8484763
8484778
8484779
8484780
8484781
8484782
8484783
8484853
8484869
8484870
8484871
8484872
8484873
8484874
8484943
8484959
8484960
8484962
8484964
8485033
8485036
8485038
8485039
8485040
8485043
8485047
8485049
8485050
8485051
8485061
8485062
8485063
8485064
8485065
8485066
8485123
8485138
8485139
8485140
8485141
8485142
8485213
8485226
8485227
8485228
8485229
8485230
8485231
8485232
8485249
8485303
8485316
8485317
8485318
8485319
8485320
8485321
8485322
8485323
8485324
8485339
8485385
8485387
8485388
8485389
8485390
8485391
8485392
8485393
8485394
8485406
8485407
8485408
8485409
8485410
8485411
8485412
8485414
8485428
8485429
8485433
8485437
8485475
8485499
8485500
8485501
8485502
8485518
8485574
8485589
8485590
8485591
8485592
8485593
8485594
8485608
8485609
8485664
8485673
8485674
8485675
8485676
8485680
8485681
8485682
8485684
8485699
8485754
8485756
8485757
8485758
8485759
8485760
8485761
8485762
8485763
8485764
8485765
8485766
8485770
8485771
8485773
8485774
8485789
8485859
8485860
8485861
8485863
8485864
8485879
8485949
8485954
8485969
8486026
8486027
8486028
8486029
8486030
8486031
8486032
8486036
8486037
8486038
8486039
8486043
8486044
8486059
8486116
8486117
8486118
8486119
8486120
8486121
8486122
8486127
8486128
8486129
8486133
8486134
8486149
8486216
8486217
8486218
8486219
8486224
8486239
8486312
8486313
8486314
8486329
8486386
8486387
8486388
8486389
8486390
8486391
8486392
8486393
8486399
8486402
8486404
8486419
8486476
8486479
8486480
8486481
8486482
8486483
8486484
8486485
8486489
8486490
8486491
8486492
8486493
8486494
8486509
8486572
8486580
8486581
8486583
8486599
8486662
8486669
8486670
8486671
8486674
8486689
8486759
8486760
8486761
8486779
8486842
8486846
8486847
8486848
8486849
8486850
8486854
8486869
8486938
8486939
8486940
8486941
8486959
8487016
8487017
8487018
8487028
8487029
8487030
8487031
8487032
8487033
8487106
8487107
8487108
8487109
8487110
8487111
8487112
8487113
8487114
8487115
8487116
8487119
8487120
8487121
8487122
8487123
8487124
8487196
8487206
8487207
8487208
8487209
8487210
8487211
8487212
8487296
8487297
8487298
8487299
8487300
8487301
8487302
8487303
8487304
8487318
8487388
8487389
8487390
8487391
8487392
8487393
8487394
8487408
8487478
8487479
8487480
8487481
8487482
8487484
8487502
8487503
8487506
8487507
8487566
8487567
8487568
8487569
8487570
8487571
8487572
8487573
8487574
8487656
8487657
8487658
8487659
8487660
8487661
8487662
8487664
8487746
8487747
8487748
8487749
8487754
8487834
8487835
8487836
8487837
8487838
8487839
8487843
8487844
8487929
8487934
8488019
8488023
8488024
8488109
8488204
8488282
8488293
8488294
8488309
8488353
8488356
8488357
8488358
8488359
8488360
8488362
8488363
8488365
8488366
8488383
8488384
8488399
8488444
8488445
8488453
8488454
8488455
8488456
8488457
8488458
8488459
8488460
8488461
8488462
8488463
8488474
8488476
8488477
8488489
8488549
8488562
8488580
8488620
8488621
8488622
8488634
8488645
8488646
8488647
8488648
8488649
8488650
8488651
8488652
8488664
8488665
8488672
8488725
8488747
8488754
8488904
8488916
8488917
8488918
8488919
8488920
8488921
8488994
8488995
8488996
8488997
8488998
8488999
8489000
8489001
8489002
8489003
8489004
8489071
8489074
8489075
8489076
8489096
8489097
8489112
8489167
8489274
8489281
8489291
8489342
8489343
8489344
8489345
8489346
8489366
8489367
8489381
8489432
8489433
8489434
8489435
8489454
8489471
8489526
8489527
8489547
8489561
8489562
8489617
8489707
8489731
8489816
8489817
8489832
8489887
8489913
8489915
8489971
8489972
8489973
8489974
8489975
8489976
8489977
8489997
8490062
8490063
8490064
8490065
8490151
8490157
8490176
8490177
8490191
8490192
8490247
8490282
8490462
8490517
8490541
8490601
8490602
8490603
8490604
8490605
8490642
8490692
8490693
8490695
8490696
8490732
8490782
8490783
8490806
8490807
8490821
8490822
8490872
8490873
8490874
8490875
8490876
8490877
8490962
8490967
8491052
8491053
8491054
8491055
8491092
8491141
8491142
8491177
8491182
8491271
8491272
8491436
8491507
8491511
8491541
8491592
8491596
8491624
8491625
8491626
8491627
8491631
8491686
8491691
8491706
8491707
8491721
8491887
8491901
8491902
8491957
8491977
8492051
8492054
8492059
8492067
8492132
8492133
8492134
8492135
8492136
8492137
8492141
8492142
8492144
8492145
8492146
8492147
8492148
8492149
8492150
8492151
8492152
8492153
8492154
8492157
8492158
8492159
8492160
8492221
8492226
8492227
8492233
8492234
8492242
8492243
8492247
8492251
8492273
8492277
8492278
8492311
8492312
8492316
8492317
8492332
8492333
8492346
8492354
8492362
8492411
8492412
8492426
8492428
8492429
8492432
8492492
8492501
8492502
8492505
8492516
8492517
8492519
8492521
8492524
8492583
8492584
8492585
8492586
8492592
8492593
8492594
8492595
8492607
8492609
8492610
8492620
8492677
8492681
8492682
8492684
8492696
8492697
8492710
8492767
8492772
8492787
8492857
8492861
8492863
8492865
8492876
8492879
8492880
8492947
8492951
8492952
8492966
8492967
8492970
8492972
8492973
8493037
8493041
8493042
8493043
8493044
8493045
8493057
8493127
8493131
8493132
8493146
8493147
8493217
8493222
8493224
8493250
8493307
8493311
8493312
8493332
8493333
8493334
8493335
8493339
8493340
8493397
8493401
8493402
8493405
8493406
8493407
8493408
8493409
8493410
8493411
8493412
8493413
8493417
8493429
8493482
8493487
8493491
8493492
8493493
8493494
8493495
8493504
8493507
8493519
8493520
8493577
8493581
8493582
8493584
8493594
8493596
8493597
8493609
8493667
8493672
8493674
8493684
8493687
8493700
8493757
8493761
8493762
8493764
8493765
8493776
8493777
8493790
8493847
8493852
8493854
8493855
8493867
8493872
8493873
8493932
8493933
8493934
8493935
8493936
8493937
8493941
8493942
8493945
8493969
8493970
8494022
8494023
8494024
8494025
8494026
8494027
8494031
8494032
8494034
8494035
8494047
8494112
8494117
8494121
8494124
8494125
8494126
8494127
8494129
8494130
8494131
8494132
8494133
8494134
8494135
8494137
8494150
8494207
8494211
8494212
8494214
8494227
8494239
8494297
8494302
8494304
8494305
8494317
8494321
8494322
8494323
8494324
8494325
8494330
8494387
8494391
8494392
8494394
8494407
8494420
8494472
8494473
8494474
8494475
8494476
8494477
8494482
8494484
8494567
8494571
8494572
8494574
8494576
8494577
8494587
8494600
8494651
8494661
8494662
8494664
8494668
8494669
8494670
8494671
8494672
8494674
8494675
8494677
8494747
8494749
8494752
8494755
8494758
8494759
8494760
8494761
8494762
8494763
8494764
8494765
8494767
8494780
8494837
8494838
8494839
8494841
8494842
8494844
8494845
8494850
8494851
8494852
8494853
8494854
8494855
8494856
8494869
8494927
8494928
8494929
8494932
8494934
8494935
8494936
8494937
8494938
8494939
8494940
8494941
8494942
8494943
8494944
8494945
8494947
8494960
8495012
8495013
8495014
8495015
8495016
8495017
8495018
8495019
8495021
8495022
8495024
8495025
8495026
8495027
8495028
8495029
8495030
8495031
8495032
8495033
8495034
8495035
8495036
8495037
8495049
8495050
8495107
8495109
8495111
8495112
8495114
8495115
8495116
8495117
8495118
8495119
8495120
8495121
8495122
8495123
8495124
8495125
8495126
8495139
8495201
8495202
8495205
8495206
8495207
8495208
8495209
8495210
8495211
8495212
8495213
8495214
8495215
8495216
8495217
8495229
8495230
8495287
8495291
8495294
8495295
8495296
8495297
8495298
8495299
8495300
8495301
8495302
8495303
8495304
8495305
8495306
8495319
8495377
8495379
8495382
8495384
8495385
8495386
8495387
8495388
8495389
8495390
8495391
8495392
8495393
8495394
8495395
8495397
8495467
8495468
8495469
8495471
8495472
8495474
8495475
8495476
8495477
8495478
8495479
8495480
8495486
8495487
8495499
8495500
8495552
8495564
8495565
8495566
8495567
8495568
8495569
8495570
8495642
8495651
8495652
8495654
8495655
8495656
8495658
8495659
8495660
8495666
8495667
8495732
8495741
8495756
8495769
8495821
8495822
8495826
8495834
8495835
8495912
8495917
8495924
8496026
8496027
8496091
8496092
8496093
8496095
8496096
8496097
8496098
8496099
8496100
8496105
8496106
8496107
8496116
8496181
8496288
8496289
8496296
8496297
8500445
8500535
8500536
8500537
8500625
8500895
8501078
8501337
8501438
8501525
8501601
8501691
8501705
8501710
8501871
8501877
8501890
8501961
8501975
8501980
8502051
8502057
8502065
8502141
8502147
8502160
8502231
8502321
8502330
8502331
8502332
8502333
8502334
8502335
8502340
8502409
8502411
8502430
8502515
8502695
8502700
8502867
8502960
8503042
8503043
8503056
8503057
8503072
8503073
8503077
8503132
8503134
8503135
8503136
8503137
8503139
8503140
8503141
8503142
8503146
8503155
8503162
8503163
8503167
8503168
8532721
8532726
8532732
8532735
8532741
8532742
8532743
8532744
8532751
8532839
8532840
8532929
8532930
8532932
8533022
8533025
8533039
8533093
8533109
8533112
8533129
8533183
8533199
8533202
8533218
8533219
8533273
8533294
8533308
8533309
8533363
8533382
8533398
8533399
8533453
8533472
8533488
8533489
8533543
8533564
8533579
8533633
8533636
8533638
8533639
8533643
8533644
8533645
8533646
8533647
8533650
8533651
8533652
8533653
8533661
8533662
8533663
8533664
8533665
8533666
8533668
8533669
8533723
8533742
8533743
8533744
8533751
8533752
8533753
8533754
8533755
8533756
8533759
8533813
8533829
8533834
8533848
8533849
8533903
8533919
8533922
8533923
8533924
8533938
8533939
8533985
8533986
8533987
8533988
8533989
8533990
8533991
8533992
8533993
8534012
8534014
8534028
8534029
8534032
8534033
8534037
8534099
8534102
8534104
8534118
8534189
8534192
8534194
8534208
8534209
8534279
8534281
8534282
8534299
8534356
8534358
8534373
8534389
8534463
8534464
8534479
8534551
8534554
8534569
8534643
8534659
8534722
8534733
8534734
8534749
8534824
8534839
8534913
8534914
8535004
8535018
8535019
8535081
8535082
8535094
8535108
8535183
8535199
8535274
8535282
8535283
8535284
8535285
8535286
8535289
8535363
8535379
8535453
8535454
8535469
8535538
8535539
8535540
8535541
8535559
8535633
8535634
8535649
8535706
8535710
8535723
8535724
8535739
8535829
8535903
8535904
8535918
8535919
8535993
8535994
8536008
8536084
8536098
8536099
8536103
8536173
8536174
8536188
8536189
8536264
8536276
8536278
8536279
8536349
8536350
8536351
8536352
8536354
8536369
8536435
8536436
8536437
8536438
8536439
8536440
8536441
8536442
8536443
8536444
8536459
8536529
8536530
8536531
8536532
8536534
8536548
8536549
8536620
8536622
8536638
8536639
8536709
8536710
8536711
8536712
8536713
8536714
8536728
8536729
8536784
8536799
8536800
8536801
8536802
8536804
8536818
8536819
8536882
8536889
8536890
8536891
8536892
8536893
8536894
8536909
8536956
8536957
8536958
8536959
8536960
8536965
8536966
8536972
8536979
8536981
8536982
8536983
8536984
8536998
8536999
8537053
8537055
8537056
8537057
8537058
8537059
8537089
8537138
8537139
8537220
8537221
8537222
8537223
8537228
8537246
8537247
8537248
8537249
8537264
8537265
8537272
8537311
8537325
8537354
8537361
8537362
8537442
8537516
8537517
8537584
8537585
8537596
8537597
8537598
8537599
8537600
8537601
8537602
8537603
8537670
8537675
8537676
8537677
8537697
8537711
8537712
8537767
8537784
8537791
8537792
8537793
8537794
8537795
8537796
8537874
8537881
8537891
8537892
8537940
8537947
8537966
8537967
8537981
8538030
8538036
8538037
8538054
8538071
8538072
8538120
8538146
8538147
8538161
8538217
8538252
8538307
8538341
8538342
8538397
8538414
8538416
8538417
8538521
8538570
8538576
8538577
8538594
8538596
8538597
8538612
8538660
8538666
8538684
8538750
8538774
8538776
8538777
8538791
8538792
8538840
8538847
8538864
8538882
8538954
8538956
8538971
8539020
8539027
8539044
8539046
8539047
8539110
8539134
8539151
8539200
8539206
8539207
8539224
8539226
8539227
8539242
8539314
8539332
8539380
8539404
8539406
8539407
8539421
8539422
8539494
8539497
8539512
8539584
8539586
8539655
8539674
8539676
8539692
8539740
8539764
8539777
8539782
8539830
8539841
8539856
8539857
8539871
8539872
8539920
8539957
8540010
8540021
8540036
8540100
8540111
8540196
8540214
8540224
8540225
8540226
8540227
8540231
8540232
8540286
8540306
8540307
8540321
8540467
8540471
8540486
8540487
8540501
8540502
8540550
8540640
8540641
8540651
8540659
8540664
8540682
8540730
8540731
8540732
8540733
8540734
8540735
8540736
8540737
8540741
8540742
8540744
8540745
8540746
8540747
8540748
8540749
8540750
8540751
8540752
8540753
8540754
8540757
8540760
8540821
8540822
8540828
8540858
8540878
8540912
8540917
8540918
8540937
8540961
8541000
8541012
8541014
8541015
8541026
8541028
8541029
8541090
8541101
8541102
8541104
8541116
8541117
8541119
8541121
8541124
8541180
8541182
8541183
8541184
8541185
8541186
8541194
8541207
8541220
8541281
8541282
8541284
8541296
8541297
8541310
8541372
8541375
8541387
8541450
8541461
8541476
8541479
8541480
8541489
8541490
8541540
8541551
8541552
8541554
8541555
8541567
8541570
8541574
8541579
8541630
8541641
8541642
8541644
8541645
8541657
8541720
8541731
8541732
8541734
8541746
8541747
8541759
8541822
8541837
8541850
8541900
8541911
8541912
8541926
8541932
8541933
8541934
8541935
8541939
8541940
8541990
8542001
8542002
8542004
8542005
8542006
8542007
8542008
8542009
8542010
8542011
8542012
8542013
8542014
8542016
8542017
8542029
8542080
8542081
8542082
8542087
8542091
8542092
8542094
8542095
8542104
8542119
8542120
8542170
8542181
8542182
8542183
8542184
8542195
8542197
8542209
8542260
8542272
8542273
8542274
8542287
8542300
8542350
8542361
8542362
8542364
8542376
8542377
8542390
8542440
8542452
8542454
8542467
8542530
8542531
8542533
8542534
8542535
8542536
8542537
8542541
8542542
8542556
8542557
8542570
8542620
8542621
8542626
8542631
8542632
8542633
8542634
8542640
8542641
8542642
8542643
8542644
8542710
8542711
8542721
8542723
8542724
8542725
8542726
8542729
8542730
8542731
8542732
8542733
8542734
8542735
8542749
8542750
8542800
8542811
8542812
8542813
8542814
8542827
8542839
8542890
8542902
8542904
8542905
8542917
8542923
8542924
8542925
8542930
8542980
8542991
8542992
8542994
8543007
8543020
8543070
8543071
8543072
8543073
8543074
8543075
8543076
8543077
8543082
8543097
8543160
8543161
8543171
8543172
8543173
8543174
8543175
8543176
8543177
8543187
8543199
8543200
8543250
8543261
8543262
8543263
8543269
8543270
8543289
8543340
8543352
8543367
8543380
8543430
8543441
8543442
8543444
8543445
8543456
8543469
8543520
8543532
8543533
8543534
8543535
8543547
8543560
8543610
8543611
8543612
8543613
8543614
8543615
8543616
8543617
8543618
8543619
8543621
8543622
8543624
8543625
8543636
8543637
8543649
8543650
8543700
8543701
8543711
8543712
8543715
8543720
8543726
8543739
8543790
8543801
8543802
8543804
8543805
8543806
8543807
8543808
8543809
8543810
8543816
8543817
8543880
8543891
8543892
8543894
8543906
8543919
8543970
8543982
8543984
8543985
8543997
8544060
8544071
8544072
8544075
8544086
8544087
8544150
8544151
8544164
8544165
8544240
8544241
8544242
8544251
8544252
8544254
8544267
8544331
8544332
8544341
8544421
8544441
8544442
8544512
8544518
8544524
8544530
8544531
8544537
8544612
8544627
8544690
8544691
8544692
8544716
8544780
8544888
8544889
8544890
8544891
8544892
8544896
8544897
8545076
8545077
8545166
8549135
8549136
8549137
8549307
8549308
8549315
8549397
8549398
8549487
8549757
8549768
8549847
8549937
8550027
8550038
8550118
8550125
8550126
8550127
8550128
8550215
8550291
8550310
8550381
8550471
8550477
8550478
8550485
8550561
8550567
8550580
8550651
8550657
8550658
8550665
8550741
8550747
8550760
8550831
8550845
8550850
8550921
8550927
8550940
8551009
8551010
8551011
8551017
8551018
8551019
8551025
8551107
8551108
8551120
8551197
8551198
8551205
8551287
8551470
8551471
8551472
8551473
8551474
8551475
8551642
8551660
8551664
8551671
8551677
8551731
8551732
8551735
8551737
8551740
8551747
8551748
8551754
8551755
8551761
8551762
8581333
8581335
8581337
8581338
8581339
8581341
8581344
8581345
8581346
8581347
8581439
8581529
8581530
8581622
8581693
8581694
8581712
8581713
8581728
8581729
8581783
8581802
8581804
8581818
8581819
8581873
8581874
8581892
8581908
8581909
8581963
8581982
8581998
8581999
8582053
8582088
8582089
8582143
8582179
8582233
8582234
8582236
8582238
8582239
8582243
8582245
8582246
8582248
8582249
8582250
8582251
8582252
8582268
8582269
8582323
8582339
8582351
8582352
8582353
8582354
8582355
8582356
8582358
8582359
8582413
8582429
8582448
8582449
8582503
8582504
8582523
8582524
8582538
8582539
8582585
8582586
8582587
8582588
8582589
8582590
8582591
8582592
8582614
8582628
8582629
8582630
8582631
8582632
8582633
8582636
8582637
8582675
8582703
8582704
8582718
8582719
8582793
8582794
8582808
8582809
8582881
8582882
8582884
8582899
8582973
8582974
8582989
8583061
8583063
8583064
8583079
8583151
8583154
8583169
8583243
8583244
8583259
8583322
8583333
8583334
8583349
8583424
8583439
8583513
8583514
8583529
8583604
8583618
8583619
8583679
8583680
8583694
8583708
8583709
8583783
8583784
8583799
8583874
8583889
8583963
8583979
8584043
8584053
8584054
8584069
8584138
8584140
8584141
8584144
8584159
8584233
8584234
8584249
8584306
8584307
8584323
8584324
8584339
8584414
8584426
8584429
8584503
8584504
8584518
8584519
8584593
8584594
8584608
8584684
8584698
8584699
8584773
8584774
8584788
8584789
8584864
8584878
8584879
8584949
8584950
8584951
8584952
8584954
8584968
8584969
8585037
8585038
8585039
8585042
8585043
8585044
8585056
8585058
8585059
8585129
8585132
8585134
8585148
8585149
8585222
8585224
8585238
8585239
8585312
8585313
8585314
8585328
8585329
8585384
8585399
8585404
8585418
8585419
8585489
8585492
8585493
8585494
8585508
8585509
8585556
8585557
8585558
8585559
8585560
8585565
8585580
8585581
8585582
8585583
8585584
8585598
8585599
8585649
8585650
8585666
8585667
8585674
8585738
8585762
8585820
8585821
8585822
8585823
8585864
8585865
8585870
8585871
8585912
8585941
8585960
8586031
8586041
8586116
8586117
8586131
8586199
8586202
8586204
8586211
8586277
8586297
8586312
8586392
8586457
8586491
8586492
8586547
8586564
8586567
8586581
8586582
8586636
8586637
8586654
8586671
8586672
8586744
8586747
8586761
8586817
8586834
8586907
8586924
8586941
8586942
8586997
8587016
8587017
8587032
8587087
8587121
8587176
8587177
8587197
8587211
8587376
8587377
8587391
8587392
8587447
8587482
8587537
8587646
8587647
8587662
8587716
8587736
8587806
8587826
8587827
8587841
8587842
8587932
8587987
8588006
8588007
8588021
8588097
8588112
8588186
8588256
8588257
8588276
8588277
8588382
8588441
8588456
8588457
8588467
8588472
8588527
8588636
8588647
8588726
8588727
8588796
8588825
8588826
8588827
8588831
8588891
8588914
8588921
8589071
8589086
8589087
8589094
8589095
8589096
8589150
8589161
8589176
8589177
8589181
8589182
8589183
8589185
8589186
8589251
8589252
8589254
8589259
8589260
8589261
8589262
8589263
8589268
8589269
8589272
8589273
8589274
8589275
8589276
8589332
8589333
8589334
8589335
8589336
8589337
8589341
8589342
8589344
8589345
8589346
8589347
8589348
8589349
8589351
8589352
8589354
8589356
8589357
8589358
8589359
8589363
8589364
8589420
8589421
8589429
8589430
8589471
8589518
8589537
8589559
8589560
8589611
8589612
8589613
8589614
8589634
8589702
8589703
8589704
8589716
8589717
8589718
8589719
8589723
8589782
8589783
8589784
8589785
8589786
8589793
8589794
8589807
8589820
8589881
8589882
8589896
8589897
8589910
8589972
8589973
8589987
8590061
8590063
8590064
8590076
8590090
8590151
8590152
8590153
8590154
8590155
8590166
8590167
8590241
8590242
8590243
8590244
8590245
8590257
8590270
8590331
8590332
8590346
8590347
8590359
8590422
8590424
8590425
8590437
8590450
8590511
8590512
8590513
8590526
8590534
8590539
8590540
8590601
8590602
8590603
8590604
8590605
8590606
8590607
8590608
8590609
8590610
8590611
8590612
8590613
8590614
8590616
8590617
8590629
8590680
8590681
8590682
8590683
8590684
8590685
8590686
8590687
8590691
8590692
8590693
8590694
8590719
8590720
8590770
8590781
8590782
8590783
8590794
8590795
8590809
8590872
8590873
8590874
8590887
8590900
8590961
8590962
8590964
8590976
8590977
8590989
8590990
8591054
8591067
8591080
8591132
8591141
8591144
8591156
8591157
8591169
8591170
8591222
8591223
8591224
8591225
8591226
8591231
8591232
8591233
8591234
8591240
8591241
8591242
8591243
8591244
8591247
8591321
8591325
8591326
8591329
8591330
8591332
8591333
8591334
8591336
8591349
8591350
8591411
8591412
8591413
8591414
8591426
8591427
8591502
8591504
8591522
8591523
8591524
8591525
8591591
8591592
8591594
8591606
8591619
8591620
8591672
8591673
8591674
8591675
8591676
8591677
8591682
8591684
8591697
8591710
8591771
8591772
8591775
8591776
8591786
8591799
8591800
8591850
8591851
8591861
8591862
8591863
8591870
8591876
8591889
8591952
8591954
8591967
8591980
8592041
8592042
8592043
8592044
8592056
8592069
8592132
8592134
8592135
8592147
8592160
8592212
8592213
8592214
8592215
8592216
8592217
8592218
8592221
8592222
8592224
8592225
8592236
8592237
8592250
8592311
8592312
8592326
8592339
8592401
8592402
8592403
8592404
8592407
8592408
8592409
8592410
8592411
8592412
8592415
8592416
8592417
8592430
8592491
8592492
8592493
8592494
8592506
8592519
8592582
8592584
8592597
8592671
8592672
8592686
8592687
8592699
8592700
8592763
8592764
8592765
8592842
8592851
8592852
8592853
8592854
8592855
8592866
8592867
8592941
8593021
8593034
8593035
8593039
8593040
8593041
8593112
8593119
8593120
8593129
8593130
8593200
8593201
8593202
8593212
8593228
8593291
8593292
8593293
8593294
8593295
8593296
8593297
8593301
8593305
8593397
8593488
8593490
8593491
8593492
8593496
8593497
8593676
8593677
8593766
8593856
8593857
8597735
8597736
8597737
8597738
8597817
8597907
8597915
8597997
8598005
8598081
8598087
8598171
8598261
8598278
8598357
8598447
8598537
8598548
8598550
8598627
8598725
8598726
8598727
8598728
8598730
8598815
8598905
8598987
8598995
8599077
8599167
8599175
8599257
8599355
8599527
8599610
8599611
8599617
8599699
8599700
8599701
8599707
8599708
8599789
8599790
8599791
8599797
8599805
8599810
8599879
8599880
8599881
8599900
8599969
8599970
8599971
8599985
8599990
8600070
8600071
8600072
8600073
8600074
8600240
8600259
8600260
8600342
8600348
8600349
8629930
8629935
8629937
8629938
8629939
8629940
8629942
8629943
8629945
8629950
8629954
8629956
8630039
8630129
8630583
8630674
8630843
8630844
8630845
8630846
8630849
8630850
8630852
8630942
8630944
8630951
8630952
8630953
8630954
8630955
8630956
8631032
8631122
8631123
8631124
8631185
8631186
8631193
8631209
8631212
8631229
8631233
8631303
8631304
8631318
8631408
8631409
8631481
8631499
8631589
8631661
8631663
8631664
8631679
8631751
8631769
8631843
8631859
8631934
8631949
8632024
8632039
8632113
8632129
8632204
8632218
8632219
8632280
8632308
8632309
8632372
8632383
8632384
8632399
8632474
8632489
8632563
8632564
8632579
8632643
8632653
8632654
8632669
8632740
8632744
8632759
8632833
8632834
8632849
8632906
8632908
8632922
8632923
8632924
8632936
8632939
8633012
8633014
8633029
8633102
8633103
8633104
8633118
8633119
8633193
8633194
8633208
8633284
8633299
8633300
8633373
8633374
8633464
8633550
8633551
8633552
8633554
8633643
8633644
8633656
8633734
8633824
8633913
8633914
8634002
8634004
8634093
8634094
8634156
8634158
8634159
8634183
8634184
8634274
8634337
8634338
8634362
8634445
8634448
8634449
8634450
8634451
8634464
8634465
8634541
8634613
8634614
8634627
8634642
8634704
8634787
8634795
8634796
8634797
8634798
8634800
8634801
8634802
8634804
8634877
8634894
8634901
8634911
8634912
8634984
8634991
8635057
8635074
8635081
8635091
8635092
8635147
8635164
8635181
8635236
8635237
8635254
8635271
8635272
8635344
8635346
8635347
8635361
8635417
8635507
8635541
8635597
8635616
8635617
8635621
8635631
8635687
8635721
8635722
8635776
8635777
8635797
8635811
8635957
8635976
8635977
8635991
8635992
8636082
8636137
8636156
8636246
8636247
8636317
8636336
8636426
8636427
8636441
8636497
8636532
8636587
8636606
8636607
8636621
8636622
8636697
8636712
8636767
8636801
8636856
8636857
8636877
8636891
8637037
8637056
8637057
8637072
8637236
8637326
8637327
8637396
8637431
8637491
8637521
8637671
8637673
8637686
8637687
8637757
8637762
8637763
8637764
8637776
8637777
8637781
8637841
8637851
8637852
8637853
8637854
8637859
8637882
8637932
8637933
8637934
8637935
8637936
8637941
8637942
8637943
8637944
8637945
8637946
8637947
8637948
8637949
8637950
8637951
8637952
8637953
8637954
8637956
8637957
8637958
8637963
8637964
8637966
8638021
8638030
8638031
8638033
8638047
8638070
8638119
8638125
8638137
8638159
8638201
8638211
8638212
8638226
8638228
8638291
8638301
8638302
8638305
8638317
8638381
8638382
8638384
8638385
8638387
8638393
8638394
8638420
8638477
8638481
8638482
8638483
8638484
8638496
8638497
8638510
8638567
8638572
8638587
8638657
8638661
8638676
8638690
8638747
8638751
8638752
8638766
8638767
8638837
8638841
8638842
8638843
8638844
8638845
8638856
8638857
8638870
8638927
8638931
8638932
8638934
8638946
8638947
8639017
8639022
8639023
8639037
8639050
8639107
8639111
8639112
8639113
8639126
8639127
8639139
8639140
8639197
8639201
8639202
8639203
8639204
8639205
8639206
8639207
8639208
8639209
8639210
8639211
8639212
8639213
8639214
8639217
8639229
8639281
8639282
8639284
8639287
8639291
8639292
8639293
8639294
8639295
8639306
8639319
8639320
8639377
8639381
8639382
8639394
8639395
8639467
8639472
8639474
8639476
8639477
8639480
8639500
8639557
8639561
8639562
8639576
8639577
8639589
8639590
8639647
8639652
8639667
8639680
8639731
8639737
8639741
8639742
8639744
8639756
8639757
8639769
8639770
8639821
8639823
8639824
8639825
8639826
8639827
8639831
8639832
8639833
8639834
8639840
8639841
8639842
8639843
8639844
8639845
8639846
8639847
8639859
8639917
8639921
8639924
8639932
8639933
8639934
8639936
8639937
8639949
8639950
8640007
8640011
8640012
8640014
8640026
8640027
8640097
8640102
8640104
8640117
8640125
8640187
8640191
8640192
8640194
8640206
8640207
8640220
8640271
8640272
8640274
8640275
8640277
8640282
8640297
8640310
8640361
8640371
8640372
8640374
8640386
8640387
8640399
8640400
8640461
8640462
8640464
8640476
8640477
8640489
8640549
8640552
8640555
8640567
8640580
8640641
8640642
8640669
8640732
8640734
8640735
8640747
8640760
8640811
8640812
8640813
8640814
8640815
8640816
8640817
8640818
8640821
8640822
8640824
8640825
8640836
8640837
8640850
8640901
8640911
8640912
8640914
8640926
8640939
8641001
8641002
8641004
8641011
8641016
8641017
8641029
8641030
8641089
8641091
8641092
8641106
8641179
8641182
8641184
8641197
8641269
8641271
8641272
8641273
8641286
8641287
8641364
8641365
8641441
8641442
8641451
8641452
8641466
8641467
8641531
8641541
8641621
8641622
8641630
8641631
8641638
8641639
8641640
8641647
8641712
8641720
8641721
8641728
8641729
8641737
8641800
8641801
8641802
8641812
8641826
8641827
8641828
8641891
8641892
8641893
8641904
8641905
8641906
8641907
8641916
8642088
8642090
8642091
8642096
8642097
8642099
8642276
8642277
8642546
8646771
8646861
8646968
8647047
8647137
8647148
8647238
8647325
8647326
8647415
8647505
8647595
8647685
8647865
8648135
8648140
8648211
8648230
8648301
8648315
8648391
8648481
8648495
8648571
8648670
8648675
8648769
8648770
8648860
8648861
8648864
8648868
8648869
8648877
8648934
8648935
8648937
8648938
8648939
8648940
8648941
8648942
8648950
8648951
8648954
8648955
8648959
8648960
8648967
8648968
8678543
8678544
8678545
8678546
8678547
8678550
8678551
8678552
8678839
8678913
8678929
8679003
8679004
8679109
8679183
8679199
8679273
8679274
8679289
8679448
8679449
8679453
8679543
8679544
8679551
8679552
8679553
8679554
8679555
8679556
8679634
8679649
8679723
8679724
8679739
8679785
8679786
8679829
8679833
8679903
8679918
8679993
8680008
8680009
8680084
8680099
8680174
8680189
8680264
8680279
8680369
8680459
8680534
8680549
8680639
8680713
8680729
8680804
8680818
8680819
8680894
8680908
8680909
8680972
8680983
8680984
8680999
8681074
8681089
8681163
8681164
8681243
8681253
8681254
8681269
8681340
8681341
8681344
8681359
8681430
8681431
8681433
8681434
8681449
8681507
8681523
8681524
8681536
8681539
8681614
8681629
8681703
8681704
8681718
8681719
8681793
8681884
8681899
8681901
8681973
8681974
8681989
8682064
8682150
8682151
8682152
8682153
8682154
8682169
8682243
8682244
8682259
8682329
8682334
8682423
8682424
8682513
8682514
8682604
8682693
8682694
8682784
8682874
8683045
8683047
8683049
8683050
8683064
8683068
8683069
8683141
8683158
8683226
8683227
8683230
8683231
8683242
8683304
8683385
8683386
8683395
8683396
8683397
8683398
8683402
8683403
8683422
8683511
8683584
8683591
8683691
8683692
8683747
8683781
8683836
8683837
8683871
8683872
8683946
8683961
8684052
8684107
8684141
8684197
8684217
8684231
8684287
8684316
8684321
8684376
8684377
8684397
8684406
8684411
8684502
8684557
8684576
8684591
8684592
8684647
8684682
8684737
8684771
8684827
8684847
8684861
8684862
8684936
8684951
8685026
8685027
8685041
8685042
8685097
8685206
8685207
8685221
8685222
8685312
8685386
8685401
8685456
8685476
8685477
8685491
8685492
8685656
8685657
8685672
8685821
8685906
8685907
8685911
8685927
8685941
8686001
8686016
8686031
8686091
8686121
8686271
8686287
8686302
8686377
8686454
8686459
8686468
8686482
8686532
8686533
8686534
8686535
8686541
8686542
8686545
8686546
8686547
8686548
8686549
8686550
8686551
8686552
8686553
8686557
8686558
8686563
8686564
8686565
8686566
8686631
8686647
8686662
8686667
8686752
8686801
8686811
8686815
8686829
8686892
8686901
8686902
8686904
8686905
8686917
8686982
8686983
8686984
8686985
8686993
8686994
8687020
8687081
8687082
8687084
8687096
8687097
8687110
8687172
8687187
8687261
8687263
8687264
8687276
8687290
8687351
8687352
8687366
8687367
8687441
8687442
8687443
8687444
8687445
8687457
8687469
8687470
8687531
8687532
8687546
8687547
8687559
8687622
8687623
8687650
8687711
8687712
8687713
8687727
8687739
8687740
8687801
8687802
8687803
8687804
8687805
8687806
8687807
8687808
8687809
8687810
8687811
8687812
8687813
8687814
8687817
8687882
8687884
8687891
8687892
8687893
8687894
8687895
8687907
8687919
8687920
8687981
8687982
8687992
8687994
8687995
8687997
8688072
8688074
8688076
8688077
8688078
8688079
8688080
8688087
8688100
8688161
8688162
8688164
8688176
8688177
8688189
8688190
8688252
8688267
8688280
8688341
8688342
8688344
8688356
8688357
8688369
8688370
8688422
8688423
8688424
8688425
8688426
8688431
8688432
8688434
8688440
8688441
8688442
8688443
8688444
8688445
8688447
8688459
8688521
8688524
8688532
8688533
8688534
8688537
8688549
8688550
8688611
8688612
8688614
8688627
8688702
8688704
8688717
8688730
8688791
8688792
8688794
8688807
8688819
8688820
8688872
8688875
8688877
8688882
8688897
8688910
8688962
8688963
8688964
8688965
8688971
8688972
8688974
8688987
8688999
8689000
8689061
8689062
8689064
8689077
8689089
8689149
8689152
8689155
8689167
8689180
8689239
8689241
8689242
8689256
8689269
8689329
8689332
8689347
8689360
8689412
8689413
8689414
8689415
8689416
8689417
8689418
8689421
8689422
8689436
8689437
8689449
8689450
8689502
8689504
8689506
8689507
8689511
8689512
8689513
8689526
8689599
8689601
8689602
8689603
8689605
8689612
8689613
8689617
8689691
8689779
8689782
8689869
8689871
8689872
8689886
8689887
8689965
8690051
8690052
8690067
8690141
8690221
8690222
8690230
8690231
8690232
8690237
8690238
8690247
8690248
8690312
8690321
8690322
8690327
8690337
8690412
8690426
8690427
8690491
8690492
8690493
8690494
8690496
8690504
8690505
8690506
8690507
8690516
8690581
8690607
8690609
8690681
8690682
8690688
8690690
8690691
8690692
8690697
8690699
8690876
8690877
8691056
8691057
8691146
8695568
8695838
8695840
8695925
8696015
8696020
8696105
8696195
8696200
8696285
8696290
8696465
8696470
8696645
8696811
8696825
8696901
8696915
8696991
8697081
8697185
8697270
8697369
8697370
8697460
8697461
8697462
8697464
8697534
8697535
8697536
8697537
8697538
8697539
8697551
8697554
8697555
8697558
8697567
8727143
8727144
8727146
8727147
8727150
8727151
8727169
8727170
8727529
8727604
8727619
8727709
8727799
8727873
8727874
8727889
8727979
8728049
8728053
8728069
8728143
8728144
8728151
8728152
8728153
8728154
8728155
8728156
8728159
8728249
8728319
8728323
8728324
8728339
8728409
8728429
8728431
8728433
8728499
8728518
8728520
8728593
8728594
8728609
8728699
8728789
8728864
8728879
8728969
8729059
8729134
8729149
8729239
8729313
8729329
8729404
8729418
8729419
8729508
8729509
8729584
8729599
8729674
8729689
8729763
8729764
8729779
8729843
8729853
8729854
8729869
8729939
8729944
8729959
8730029
8730030
8730033
8730034
8730049
8730121
8730123
8730124
8730136
8730139
8730214
8730226
8730229
8730303
8730304
8730318
8730319
8730393
8730394
8730484
8730499
8730500
8730501
8730573
8730574
8730589
8730664
8730679
8730751
8730752
8730754
8730769
8730843
8730844
8730856
8730934
8731023
8731024
8731113
8731114
8731204
8731293
8731294
8731383
8731384
8731565
8731649
8731650
8731651
8731754
8731827
8731830
8731831
8731842
8731904
8731919
8731920
8731994
8731995
8731996
8731997
8731998
8731999
8732000
8732001
8732002
8732003
8732101
8732111
8732112
8732191
8732291
8732292
8732371
8732381
8732436
8732471
8732472
8732741
8732831
8732921
8732996
8733011
8733176
8733177
8733191
8733192
8733282
8733371
8733446
8733461
8733551
8733626
8733627
8733641
8733787
8733806
8733807
8733821
8733912
8734001
8734076
8734077
8734091
8734092
8734182
8734256
8734257
8734271
8734272
8734362
8734421
8734452
8734511
8734526
8734631
8734632
8734691
8734721
8734871
8734887
8734977
8735041
8735051
8735059
8735068
8735131
8735142
8735144
8735145
8735146
8735147
8735148
8735149
8735150
8735151
8735152
8735153
8735154
8735156
8735157
8735164
8735165
8735166
8735233
8735247
8735340
8735400
8735401
8735402
8735411
8735415
8735426
8735491
8735501
8735502
8735505
8735516
8735517
8735580
8735581
8735582
8735583
8735584
8735585
8735586
8735594
8735604
8735620
8735670
8735672
8735681
8735682
8735684
8735696
8735697
8735710
8735772
8735787
8735861
8735876
8735890
8735951
8735952
8735954
8735966
8735967
8736042
8736044
8736045
8736056
8736057
8736069
8736070
8736131
8736132
8736146
8736159
8736222
8736250
8736311
8736312
8736326
8736339
8736340
8736401
8736402
8736405
8736406
8736407
8736408
8736409
8736410
8736411
8736412
8736413
8736414
8736416
8736417
8736481
8736482
8736483
8736484
8736487
8736491
8736492
8736495
8736520
8736581
8736582
8736583
8736584
8736597
8736673
8736674
8736687
8736761
8736762
8736776
8736777
8736789
8736790
8736852
8736854
8736867
8736880
8736941
8736942
8736944
8736956
8736957
8736969
8736970
8737022
8737023
8737024
8737025
8737026
8737031
8737032
8737033
8737034
8737046
8737047
8737059
8737121
8737123
8737124
8737136
8737149
8737150
8737211
8737212
8737213
8737214
8737226
8737227
8737239
8737302
8737303
8737304
8737305
8737391
8737392
8737394
8737406
8737407
8737420
8737471
8737472
8737473
8737474
8737475
8737476
8737477
8737482
8737483
8737510
8737561
8737562
8737564
8737565
8737571
8737572
8737573
8737574
8737586
8737599
8737600
8737650
8737661
8737662
8737676
8737677
8737689
8737752
8737755
8737767
8737780
8737841
8737842
8737844
8737856
8737869
8737929
8737932
8737947
8737960
8738011
8738021
8738022
8738037
8738101
8738103
8738104
8738105
8738106
8738107
8738111
8738112
8738126
8738201
8738202
8738203
8738205
8738217
8738291
8738293
8738382
8738471
8738472
8738641
8738642
8738651
8738652
8738731
8738741
8738821
8738822
8738832
8738834
8738835
8738837
8738922
8738924
8738927
8738937
8739000
8739001
8739002
8739011
8739012
8739027
8739028
8739029
8739090
8739091
8739092
8739103
8739104
8739105
8739106
8739107
8739180
8739181
8739207
8739281
8739282
8739288
8739296
8739297
8739566
8739926
8739927
8744615
8744705
8744795
8744890
8745070
8745160
8745340
8745411
8745425
8745430
8745501
8745515
8745591
8745610
8745681
8745695
8745785
8745870
8745873
8745957
8745969
8745970
8746047
8746050
8746062
8746066
8746067
8746077
8746134
8746135
8746136
8746137
8746138
8746139
8746141
8746152
8746156
8746157
8746167
8775743
8775744
8775745
8775746
8775747
8775750
8775751
8775771
8776129
8776204
8776219
8776309
8776399
8776474
8776489
8776649
8776668
8776669
8776744
8776758
8776759
8776849
8776924
8776939
8776989
8776990
8776991
8776992
8777014
8777029
8777033
8777194
8777209
8777299
8777389
8777464
8777479
8777554
8777569
8777659
8777734
8777749
8777824
8777839
8777913
8777929
8778019
8778094
8778106
8778172
8778183
8778184
8778199
8778274
8778289
8778364
8778379
8778442
8778443
8778469
8778559
8778633
8778649
8778723
8778739
8778814
8778829
8778903
8778904
8778919
8778993
8779084
8779099
8779173
8779174
8779189
8779264
8779279
8779354
8779443
8779456
8779534
8779623
8779624
8779713
8779804
8779893
8779894
8779984
8780165
8780249
8780250
8780251
8780252
8780253
8780254
8780255
8780256
8780257
8780319
8780334
8780335
8780336
8780337
8780338
8780342
8780343
8780344
8780345
8780346
8780347
8780348
8780426
8780427
8780430
8780431
8780441
8780516
8780518
8780519
8780520
8780531
8780711
8780712
8780791
8780802
8780891
8780966
8781072
8781161
8781236
8781251
8781326
8781341
8781416
8781431
8781506
8781521
8781596
8781611
8781701
8781776
8781791
8781881
8781956
8781971
8781972
8782046
8782061
8782062
8782136
8782151
8782226
8782227
8782241
8782316
8782331
8782406
8782407
8782421
8782496
8782511
8782512
8782586
8782601
8782602
8782676
8782677
8782691
8782692
8782766
8782781
8782782
8782857
8782871
8782872
8782946
8782947
8782962
8783036
8783051
8783111
8783126
8783127
8783201
8783216
8783231
8783291
8783306
8783396
8783397
8783471
8783486
8783502
8783550
8783552
8783561
8783577
8783642
8783651
8783666
8783667
8783668
8783741
8783742
8783749
8783750
8783751
8783752
8783753
8783754
8783756
8783757
8783823
8783824
8783825
8783826
8783827
8783828
8783829
8783830
8783831
8783832
8783844
8783845
8783846
8783847
8783861
8783874
8783910
8783911
8783912
8783913
8783914
8783915
8783916
8783917
8783918
8783919
8783920
8783921
8783922
8783923
8783925
8783926
8783927
8783934
8783935
8783936
8783937
8783938
8783939
8784000
8784001
8784002
8784011
8784012
8784015
8784026
8784027
8784029
8784092
8784101
8784102
8784103
8784104
8784105
8784116
8784117
8784119
8784182
8784191
8784192
8784194
8784206
8784207
8784272
8784281
8784282
8784296
8784297
8784309
8784310
8784371
8784372
8784373
8784386
8784387
8784399
8784400
8784461
8784462
8784463
8784476
8784477
8784489
8784490
8784551
8784552
8784553
8784554
8784566
8784567
8784579
8784580
8784641
8784642
8784644
8784645
8784656
8784657
8784669
8784670
8784731
8784732
8784733
8784746
8784759
8784821
8784822
8784823
8784836
8784849
8784911
8784912
8784913
8784926
8784939
8784940
8785001
8785002
8785003
8785004
8785005
8785006
8785007
8785008
8785009
8785010
8785011
8785012
8785013
8785014
8785016
8785017
8785029
8785030
8785082
8785091
8785092
8785093
8785106
8785107
8785119
8785120
8785181
8785182
8785183
8785196
8785197
8785271
8785272
8785274
8785286
8785287
8785361
8785362
8785364
8785376
8785377
8785451
8785452
8785453
8785454
8785466
8785479
8785480
8785541
8785542
8785544
8785556
8785569
8785570
8785631
8785632
8785633
8785634
8785646
8785647
8785659
8785660
8785721
8785722
8785736
8785737
8785749
8785750
8785811
8785812
8785813
8785814
8785826
8785827
8785901
8785902
8785904
8785905
8785916
8785917
8785991
8785992
8785994
8786006
8786007
8786019
8786020
8786072
8786076
8786081
8786082
8786083
8786096
8786097
8786109
8786110
8786162
8786165
8786171
8786172
8786186
8786187
8786199
8786200
8786261
8786262
8786264
8786265
8786276
8786277
8786289
8786290
8786351
8786352
8786354
8786355
8786366
8786367
8786379
8786380
8786441
8786442
8786444
8786456
8786469
8786531
8786532
8786546
8786547
8786560
8786612
8786621
8786622
8786636
8786637
8786702
8786711
8786712
8786714
8786726
8786801
8786802
8786804
8786817
8786891
8786892
8786893
8786981
8786982
8787071
8787072
8787161
8787162
8787251
8787252
8787332
8787341
8787342
8787420
8787421
8787422
8787423
8787424
8787425
8787426
8787427
8787428
8787429
8787430
8787431
8787432
8787444
8787445
8787510
8787511
8787512
8787513
8787514
8787515
8787516
8787517
8787518
8787519
8787520
8787521
8787522
8787524
8787525
8787529
8787530
8787533
8787534
8787535
8787536
8787537
8787600
8787601
8787602
8787611
8787612
8787626
8787627
8787628
8787629
8787630
8787692
8787693
8787694
8787695
8787696
8787697
8787698
8787699
8787700
8787701
8787703
8787705
8787707
8787716
8787717
8787791
8787792
8787806
8787807
8787882
8787971
8787987
8788076
8788077
8788166
8788256
8788257
8788437
8788527
8794030
8794115
8794210
8794470
8794479
8794557
8794560
8794570
8794642
8794644
8794645
8794647
8794648
8794649
8794650
8794651
8794656
8794657
8794658
8794659
8794660
8794663
8794665
8794666
8794667
8794668
8794669
8794670
8794671
8794673
8794674
8794675
8794677
8794733
8794734
8794736
8794737
8794738
8794739
8794741
8794742
8794743
8794744
8794745
8794746
8794747
8794748
8794749
8794750
8794751
8794752
8794753
8794754
8794755
8794757
8794758
8794759
8794760
8794761
8794762
8794764
8794765
8794766
8794768
8794769
8824343
8824344
8824345
8824346
8824347
8824551
8824639
8824640
8824729
8825073
8825074
8825088
8825163
8825164
8825178
8825249
8825253
8825268
8825343
8825344
8825358
8825433
8825434
8825523
8825524
8825613
8825614
8825629
8825630
8825631
8825632
8825703
8825704
8825793
8825794
8825809
8825883
8825884
8825899
8825973
8825974
8825989
8826063
8826064
8826079
8826153
8826154
8826169
8826243
8826244
8826259
8826333
8826334
8826349
8826423
8826424
8826439
8826513
8826514
8826529
8826603
8826604
8826619
8826693
8826694
8826783
8826784
8826799
8826873
8826874
8826889
8826963
8826964
8826979
8827042
8827043
8827054
8827069
8827159
8827249
8827339
8827429
8827519
8827683
8827684
8827773
8827774
8827863
8827864
8827953
8827954
8828043
8828044
8828133
8828134
8828223
8828224
8828313
8828314
8828403
8828404
8828493
8828494
8828584
8828668
8828671
8828673
8828674
8828675
8828687
8828758
8828761
8828762
8828763
8828764
8828765
8828766
8828850
8828851
8828949
8829762
8830121
8830211
8830301
8830391
8830392
8830481
8830571
8830661
8830662
8830751
8830841
8830916
8830931
8831186
8831276
8831381
8831471
8831651
8831801
8831921
8831981
8832060
8832062
8832086
8832242
8832266
8832268
8832356
8832444
8832445
8832446
8832514
8832515
8832519
8832536
8832615
8832626
8832628
8832629
8832692
8832719
8832782
8832793
8832802
8832806
8832809
8832872
8832883
8832973
8833063
8833076
8833166
8833243
8833333
8833423
8833513
8833603
8833604
8833605
8833606
8833607
8833608
8833609
8833610
8833611
8833612
8833613
8833682
8833693
8833706
8833873
8833874
8833964
8834054
8834143
8834144
8834233
8834234
8834336
8834413
8834414
8834426
8834504
8834516
8834672
8834683
8834684
8834696
8834762
8834786
8834799
8834876
8834889
8834966
8834979
8835043
8835044
8835212
8835302
8835403
8835404
8835494
8835584
8835853
8835854
8836030
8836031
8836200
8836201
8836202
8836226
8836290
8836292
8836293
8836294
8836295
8836296
8836297
8836298
8836299
8836300
8836303
8836307
8836316
8836406
8836766
8843157
8843335
8843336
8843338
8843340
8872947
8872969
8872970
8872971
8872972
8877273
8877364
8881228
8881229
8881305
8881393
8881395
8881397
8881398
8881399
8881483
8881494
8881495
8881573
8881584
8881585
8881663
8881664
8881674
8881764
8881843
8881854
8881933
8881944
8882023
8882034
8882113
8882124
8882203
8882205
8882206
8882207
8882208
8882209
8882210
8882211
8882212
8882213
8882214
8882293
8883553
8884005
8884184
8884273
8884274
8884892
8884893
8884894
8884895
8884896
8884897
8884898
8884899
8884900
8921569
8921570
8921571
8921572
8932873
8932874
8970170
8970171
8970172
8970173
9018770
9018771
9018772
9018773
10428125
10428126
10428127
10428128
10428129
10428130
10428131
10428132
10428133
10428134
10428135
10476720
10476721
10476740
10476741
10525320
10525321
10525325
10525342
10525343
10525344
10573920
10573921
10573922
10573923
10573924
10573925
10573926
10573927
10573928
10573929
10573930
10573931
10573932
10573933
10573934
10573935
10573936
10573937
10573938
10573939
10573940
10573941
10573942
10573943
10573944
10573945
10573946
10573947
10574039
10574129
10622520
10622521
10622522
10622541
10622542
10622543
10622544
10622545
10622546
10622547
10622548
10622549
10622639
10671120
10671121
10671122
10671123
10671149
10671239
10675444
10675532
10675533
10675534
10675622
10675623
10675624
10675641
10675642
10675643
10675652
10675654
10675655
10675802
10719720
10719839
10724040
10724041
10724042
10724043
10724044
10724133
10724137
10724138
10724139
10724140
10724147
10724148
10724149
10724150
10724152
10724153
10724154
10724156
10724157
10724158
10724159
10724160
10724161
10724162
10724163
10724164
10724166
10724167
10724170
10724223
10724224
10724225
10724226
10724227
10724228
10724229
10724230
10724231
10724232
10724233
10724234
10724235
10724236
10724237
10724239
10724240
10724241
10724242
10724243
10724244
10724253
10724254
10724255
10724256
10724259
10724312
10724313
10724314
10724401
10724402
10724406
10724407
10724408
10724409
10724410
10724426
10724432
10724435
10724492
10724516
10724786
10768320
10768321
10768328
10768330
10768349
10768439
10768529
10768530
10772640
10772641
10772642
10772643
10772644
10772733
10772734
10772735
10772736
10772737
10772738
10772739
10772740
10772741
10772742
10772743
10772744
10772745
10772746
10772747
10772751
10772752
10772755
10772756
10772758
10772759
10772760
10772761
10772762
10772763
10772764
10772766
10772768
10772769
10772770
10772771
10772833
10772836
10772837
10772838
10772839
10772842
10772843
10772857
10772860
10772921
10772922
10772923
10772924
10772925
10772926
10772927
10772928
10772929
10772930
10772931
10772932
10772933
10772937
10772938
10772939
10772940
10772949
10773001
10773002
10773003
10773004
10773026
10773030
10773031
10773032
10773034
10773035
10773091
10773101
10773116
10773117
10773120
10773180
10773190
10773191
10773206
10773207
10773210
10773280
10773281
10773296
10773297
10773370
10773371
10773387
10773461
10773476
10773566
10773567
10773731
10773821
10773911
10774001
10816920
10816921
10816922
10816923
10816924
10816925
10816926
10816927
10816928
10816929
10816930
10816931
10816932
10816933
10816934
10816949
10817039
10817129
10817130
10821240
10821241
10821242
10821243
10821342
10821343
10821345
10821346
10821347
10821348
10821354
10821355
10821357
10821358
10821360
10821361
10821432
10821433
10821436
10821437
10821511
10821521
10821522
10821523
10821524
10821525
10821526
10821527
10821528
10821529
10821530
10821531
10821533
10821536
10821537
10821538
10821539
10821540
10821550
10821601
10821602
10821603
10821604
10821605
10821626
10821628
10821629
10821630
10821631
10821633
10821634
10821635
10821639
10821717
10821720
10821806
10821807
10821880
10822060
10822240
10822421
10865520
10865521
10865522
10865523
10865524
10865525
10865526
10865527
10865528
10865529
10865530
10865531
10865532
10865533
10865534
10865535
10865536
10865537
10865538
10865539
10865540
10865541
10865542
10865543
10865544
10865545
10865546
10865554
10865556
10865639
10869840
10869841
10869945
10869947
10869948
10869949
10869954
10869955
10869956
10869957
10869959
10869960
10869961
10869971
10870031
10870032
10870034
10870037
10870038
10870047
10870111
10870121
10870122
10870123
10870124
10870125
10870126
10870127
10870128
10870129
10870130
10870131
10870132
10870133
10870137
10870139
10870140
10870150
10870201
10870203
10870204
10870205
10870206
10870207
10870208
10870209
10870210
10870226
10870229
10870230
10870231
10870232
10870233
10870235
10870291
10870407
10870570
10870587
10870660
10870841
10914120
10914121
10914122
10914123
10914124
10914125
10914126
10914127
10914128
10914129
10914130
10914131
10914132
10914133
10914134
10914135
10914136
10914137
10914138
10914139
10914140
10914141
10914142
10914143
10914144
10914145
10914146
10914147
10914148
10914149
10914153
10914154
10914155
10914156
10914239
10918440
10918441
10918442
10918443
10918550
10918554
10918555
10918556
10918558
10918560
10918561
10918569
10918570
10918630
10918634
10918638
10918639
10918640
10918647
10918651
10918660
10918721
10918722
10918723
10918724
10918725
10918726
10918727
10918728
10918729
10918730
10918731
10918732
10918733
10918737
10918740
10918749
10918750
10918801
10918802
10918803
10918804
10918805
10918806
10918807
10918808
10918809
10918810
10918831
10918834
10918839
10918930
10919015
10919019
10919080
10919260
10919276
10919366
10919367
10919636
10919637
10919801
10920071
10962720
10962721
10962722
10962723
10962724
10962725
10962726
10962727
10962728
10962729
10962730
10962731
10962732
10962733
10962734
10962735
10962736
10962737
10962738
10962739
10962740
10962741
10962742
10962743
10962744
10962745
10962746
10962747
10962748
10962749
10962753
10962754
10962755
10962839
10967040
10967041
10967042
10967138
10967139
10967144
10967145
10967157
10967161
10967162
10967169
10967228
10967229
10967234
10967241
10967251
10967323
10967324
10967325
10967326
10967327
10967328
10967329
10967330
10967331
10967332
10967333
10967337
10967350
10967401
10967402
10967403
10967404
10967405
10967406
10967407
10967408
10967409
10967410
10967434
10967491
10967500
10967530
10967590
10967620
10967680
10967787
10967876
10967950
10968130
10968237
10968401
10968491
11011320
11011331
11011332
11011333
11011334
11011335
11011336
11011337
11011338
11011339
11011340
11011341
11011342
11011343
11011344
11011349
11011354
11011439
11015640
11015641
11015642
11015643
11015737
11015738
11015744
11015745
11015754
11015755
11015756
11015757
11015759
11015760
11015761
11015762
11015768
11015827
11015828
11015842
11015911
11015922
11015923
11015924
11015925
11015926
11015927
11015928
11015929
11015930
11015931
11015932
11015933
11015949
11015950
11016002
11016003
11016004
11016034
11016035
11016130
11016207
11016220
11016386
11016387
11016460
11016476
11016640
11016656
11016820
11016837
11017000
11017271
11030246
11030247
11030248
11030249
11030250
11030251
11030252
11059920
11059921
11059922
11059923
11059924
11059926
11059927
11059954
11060039
11060129
11060130
11064240
11064241
11064242
11064243
11064336
11064337
11064344
11064345
11064354
11064355
11064356
11064357
11064358
11064359
11064360
11064361
11064366
11064367
11064426
11064427
11064443
11064456
11064511
11064522
11064523
11064524
11064525
11064526
11064527
11064528
11064529
11064530
11064531
11064532
11064533
11064549
11064550
11064602
11064603
11064604
11064605
11064606
11064607
11064608
11064609
11064610
11064634
11064635
11064639
11064807
11064820
11064910
11064986
11064987
11065076
11065166
11065167
11065330
11065436
11065437
11065600
11065706
11078579
11078580
11078582
11078753
11078766
11078767
11078843
11078844
11078845
11078846
11078847
11078848
11078849
11078850
11078851
11078852
11078856
11078857
11108549
11108639
11108729
11108730
11112840
11112841
11112842
11112843
11112935
11112936
11112944
11112945
11112955
11112956
11112957
11112958
11112959
11112960
11112961
11112965
11112966
11113025
11113026
11113034
11113122
11113123
11113124
11113125
11113126
11113127
11113128
11113129
11113130
11113131
11113132
11113133
11113150
11113204
11113205
11113206
11113207
11113208
11113209
11113231
11113232
11113330
11113407
11113420
11113470
11113500
11113510
11113560
11113587
11113589
11113590
11113600
11113650
11113651
11113676
11113689
11113766
11113767
11113856
11113920
11114010
11114020
11114036
11114037
11114039
11114040
11114100
11114101
11114216
11114217
11127172
11127173
11127174
11127178
11127179
11127180
11127181
11127182
11127183
11127184
11127268
11127269
11127270
11127353
11127366
11127443
11127444
11127445
11127446
11127447
11127448
11127449
11127450
11127451
11127452
11127454
11127455
11127456
11157239
11157329
11157330
11161440
11161441
11161442
11161443
11161534
11161535
11161536
11161537
11161538
11161539
11161540
11161541
11161542
11161543
11161544
11161545
11161546
11161547
11161548
11161549
11161550
11161551
11161552
11161553
11161554
11161555
11161556
11161557
11161558
11161559
11161560
11161561
11161562
11161564
11161565
11161567
11161625
11161655
11161723
11161724
11161725
11161726
11161727
11161728
11161736
11161738
11161739
11161740
11161800
11161801
11161802
11161807
11161808
11161809
11161810
11161812
11161813
11161816
11161817
11161818
11161828
11161831
11161832
11161833
11161835
11161839
11161890
11161891
11161893
11161894
11161895
11161896
11161897
11161898
11161899
11161900
11161902
11161903
11161904
11161905
11161916
11161918
11161929
11161980
11161981
11161982
11161987
11161988
11161989
11161990
11161992
11162006
11162007
11162008
11162010
11162019
11162020
11162070
11162071
11162072
11162077
11162078
11162079
11162082
11162087
11162098
11162160
11162161
11162162
11162163
11162164
11162172
11162174
11162175
11162176
11162177
11162178
11162187
11162188
11162189
11162190
11162199
11162200
11162250
11162251
11162252
11162253
11162254
11162255
11162256
11162257
11162258
11162259
11162260
11162262
11162263
11162264
11162265
11162266
11162267
11162268
11162271
11162278
11162289
11162340
11162341
11162342
11162345
11162346
11162347
11162348
11162349
11162350
11162352
11162353
11162354
11162358
11162359
11162360
11162361
11162362
11162363
11162366
11162367
11162368
11162430
11162431
11162432
11162435
11162436
11162437
11162438
11162439
11162440
11162442
11162443
11162444
11162448
11162449
11162452
11162453
11162456
11162458
11162460
11162520
11162521
11162522
11162526
11162527
11162529
11162530
11162532
11162533
11162537
11162538
11162539
11162540
11162541
11162542
11162543
11162546
11162548
11162550
11162610
11162611
11162612
11162613
11162614
11162615
11162616
11162617
11162618
11162619
11162620
11162622
11162623
11162624
11162625
11162626
11162627
11162628
11162629
11162630
11162631
11162632
11162633
11162636
11162637
11162638
11162640
11162700
11162701
11162705
11162706
11162707
11162708
11162709
11162710
11162712
11162713
11162714
11162715
11162716
11162717
11162718
11162719
11162720
11162722
11162723
11162728
11162790
11162791
11162794
11162797
11162817
11162818
11162881
11162883
11162888
11162890
11162975
11162976
11162977
11162978
11162979
11162980
11175513
11175514
11175594
11175603
11175771
11175772
11175773
11175774
11175778
11175780
11175781
11175782
11175783
11175784
11175791
11175858
11175859
11175860
11175861
11175862
11175863
11175864
11175868
11175869
11175870
11176035
11176036
11176037
11176038
11176039
11176040
11176041
11176042
11176043
11176044
11176045
11176046
11176047
11176048
11176049
11176050
11176051
11176052
11176054
11176055
11176057
11176058
11176060
11176061
11176062
11176063
11176064
11176065
11176067
11176215
11176216
11176304
11205839
11210040
11210041
11210042
11210043
11210044
11210134
11210135
11210136
11210137
11210140
11210141
11210142
11210143
11210144
11210145
11210146
11210147
11210148
11210149
11210150
11210151
11210152
11210153
11210154
11210155
11210156
11210157
11210158
11210159
11210160
11210161
11210162
11210163
11210164
11210165
11210166
11210167
11210168
11210169
11210170
11210224
11210225
11210226
11210227
11210228
11210229
11210230
11210231
11210237
11210238
11210244
11210245
11210246
11210247
11210249
11210250
11210251
11210252
11210253
11210254
11210255
11210256
11210257
11210259
11210321
11210322
11210328
11210329
11210330
11210331
11210332
11210338
11210339
11210340
11210350
11210411
11210412
11210420
11210421
11210422
11210423
11210427
11210428
11210429
11210430
11210431
11210432
11210433
11210434
11210435
11210439
11210501
11210508
11210517
11210518
11210520
11210521
11210522
11210523
11210525
11210529
11210530
11210591
11210592
11210598
11210606
11210607
11210608
11210610
11210612
11210613
11210614
11210615
11210619
11210620
11210681
11210682
11210692
11210693
11210696
11210697
11210698
11210700
11210702
11210703
11210704
11210705
11210710
11210771
11210779
11210780
11210781
11210782
11210783
11210786
11210787
11210788
11210790
11210791
11210792
11210793
11210794
11210795
11210799
11210800
11210876
11210877
11210878
11210879
11210880
11210881
11210882
11210883
11210885
11210890
11210951
11210952
11210966
11210967
11210968
11210969
11210970
11210971
11210972
11210973
11210974
11210975
11210979
11211041
11211042
11211056
11211057
11211058
11211060
11211061
11211062
11211063
11211064
11211131
11211132
11211146
11211147
11211150
11211151
11211152
11211153
11211154
11211155
11211237
11211240
11211241
11211242
11211243
11211244
11211245
11211311
11211312
11211313
11211314
11211315
11211316
11211317
11211318
11211319
11211320
11211321
11211322
11211323
11211327
11211330
11211331
11211332
11211333
11211401
11211402
11211403
11211404
11211405
11211406
11211407
11211408
11211410
11211411
11211413
11211417
11211419
11211420
11211421
11211491
11211493
11211494
11211497
11211498
11211499
11211500
11211501
11211502
11211503
11211506
11211507
11211508
11211586
11211587
11211588
11211589
11211590
11211591
11211592
11211593
11211671
11211672
11211673
11211674
11211675
11211676
11211677
11211678
11211679
11211680
11211681
11211682
11223929
11223930
11224016
11224017
11224018
11224019
11224020
11224021
11224022
11224102
11224103
11224104
11224106
11224107
11224108
11224109
11224110
11224111
11224112
11224190
11224191
11224192
11224193
11224194
11224196
11224197
11224198
11224199
11224200
11224201
11224202
11224203
11224204
11224211
11224212
11224277
11224278
11224279
11224280
11224281
11224282
11224283
11224284
11224286
11224287
11224288
11224289
11224290
11224291
11224292
11224293
11224294
11224301
11224302
11224366
11224367
11224368
11224369
11224370
11224371
11224372
11224373
11224374
11224377
11224378
11224379
11224380
11224381
11224382
11224391
11224392
11224456
11224457
11224458
11224459
11224460
11224461
11224466
11224467
11224468
11224469
11224470
11224471
11224472
11224481
11224482
11224544
11224545
11224546
11224547
11224548
11224549
11224551
11224552
11224553
11224554
11224555
11224556
11224557
11224558
11224559
11224560
11224561
11224562
11224563
11224564
11224565
11224566
11224567
11224568
11224569
11224570
11224571
11224573
11224574
11224575
11224576
11224577
11224578
11224633
11224634
11224635
11224636
11224637
11224638
11224640
11224641
11224642
11224643
11224644
11224645
11224646
11224647
11224648
11224649
11224650
11224651
11224652
11224653
11224654
11224655
11224656
11224657
11224658
11224659
11224660
11224661
11224664
11224665
11224666
11224667
11224668
11224669
11224722
11224723
11224724
11224812
11224813
11224814
11224815
11224901
11224902
11224903
11224904
11258640
11258641
11258642
11258643
11258644
11258730
11258733
11258734
11258748
11258749
11258750
11258751
11258763
11258764
11258765
11258766
11258820
11258821
11258822
11258823
11258824
11258860
11258910
11258911
11273150
11273151
11273152
11273153
11273156
11273157
11273162
11273163
11273164
11273165
11273166
11273171
11273178
11273179
11273180
11273410
11273411
11273412
11273413
11273501
11273502
11599290
11599380
11599381
11599470
11599471
11599560
11647890
11647980
11647981
11647982
11647983
11648072
11648073
11648074
11696490
11696580
11696581
11696582
11696583
11696670
11696671
11696672
11696673
11696674
11696760
11745090
11745180
11745270
11746170
11746440
11794680
11794770
11794860
11795040
11843370
11843550
11843640
11890440
11890441
11890442
11890532
11890533
11890534
11890535
11890536
11890620
11890622
11890623
11892060
11892150
11892240
11892330
11939040
11939041
11939042
11939131
11939132
11939133
11939134
11939135
11939136
11939220
11939221
11939222
11940750
11940840
11940841
11940842
11940843
11987640
11987641
11987731
11987732
11987820
11987821
11987822
11987910
11989260
11989261
11989262
11989263
11989264
11989350
11989351
11989352
11989534
12037683
12037770
12037771
12037772
12037773
12037774
12037860
12037861
12037862
12037863
12037864
12038224
12085920
12086280
12086281
12086282
12086283
12086370
12086371
12086372
12086373
12086374
12086913
12086914
12133620
12133710
12133800
12133890
12134340
12134341
12134430
12134521
12134880
12134881
12134970
12134971
12134972
12134973
12134974
12182220
12182310
12182311
12182312
12182313
12182314
12182400
12182490
12182940
12182941
12183031
12183121
12183211
12183570
12183571
12183572
12183573
12183574
12183575
12183660
12183661
12183662
12183663
12183664
12230820
12230821
12230910
12230911
12230912
12230913
12230914
12231002
12231090
12231540
12231541
12231630
12231631
12231720
12231721
12232172
12232173
12232260
12232261
12232262
12232263
12232264
12232350
12232351
12232352
12232354
12279420
12279510
12279511
12279600
12279601
12279690
12280230
12280590
12280591
12280680
12280681
12280950
12280951
12280952
12280953
12280954
12281040
12281041
12281224
12281314
12329190
12329191
12329281
12329371
12329552
12329553
12329640
12329641
12329642
12329643
12329644
12377430
12377520
12377610
12377700
12377701
12377790
12377791
12377881
12377971
12378241
12378242
12378330
12378331
12426030
12426120
12426210
12426300
12426301
12426391
12426481
12426571
12474720
12474900
12474901
12474990
12474991
12475081
12517920
12517921
12523590
12523591
12523680
12523681
12524130
12566520
12566521
12566522
12566523
12566524
12566525
12566526
12566527
12566528
12566529
12566530
12566531
12566532
12566533
12566534
12566535
12566536
12566537
12572550
12572640
12572731
12572821
12615120
12615121
12615122
12615123
12615124
12615125
12615126
12615127
12615128
12615129
12615130
12615131
12615132
12615133
12615134
12615135
12615136
12615137
12621330
12621331
12621420
12621421
12621422
12621423
12663720
12663721
12663722
12663723
12663724
12663725
12663726
12663727
12663728
12663729
12663730
12663731
12663732
12663733
12663734
12663735
12663736
12663737
12663738
12668490
12668580
12668670
12668760
12669841
12669930
12669931
12669932
12670020
12670023
12712320
12712321
12712322
12712323
12712324
12712325
12712326
12712327
12712328
12712329
12712330
12712331
12712332
12712333
12712334
12712335
12712336
12712337
12712338
12717090
12717180
12717181
12717270
12717271
12717272
12717273
12717274
12717360
12718441
12718530
12718531
12718532
12718623
12718713
12760920
12760921
12760922
12760923
12760924
12760925
12760926
12760927
12760928
12760929
12760930
12760931
12760932
12760933
12760934
12760935
12760936
12760937
12760938
12760939
12765240
12765241
12765690
12765780
12765781
12765872
12765873
12765874
12767220
12767223
12767313
12809520
12809521
12809522
12809523
12809524
12809525
12809526
12809527
12809528
12809529
12809530
12809531
12809532
12809533
12809534
12809535
12809536
12809537
12809538
12809539
12809540
12813840
12813841
12813842
12813843
12813844
12813933
12813934
12813935
12813936
12814020
12814290
12814380
12814381
12814470
12814471
12814560
12858120
12858121
12858122
12858123
12858124
12858125
12858126
12858127
12858128
12858129
12858130
12858131
12858132
12858133
12858134
12858135
12858136
12858137
12858138
12858139
12858140
12862350
12862351
12862440
12862441
12862442
12862443
12862444
12862445
12862446
12862534
12862535
12862536
12862620
12906720
12906721
12906722
12906723
12906724
12906725
12906726
12906727
12906728
12906729
12906730
12906731
12906732
12906733
12906734
12906735
12906736
12906737
12906738
12906739
12906740
12906741
12910950
12910951
12911041
12911042
12911043
12911044
12911045
12911046
12911130
12911131
12911132
12911133
12911134
12911135
12955320
12955321
12955322
12955323
12955324
12955325
12955326
12955327
12955328
12955329
12955330
12955331
12955332
12955333
12955334
12955335
12955336
12955337
12955338
12955339
12955340
12955341
12955342
12959730
12959731
13003920
13003921
13003922
13003923
13003924
13003925
13003926
13003927
13003928
13003929
13003930
13003931
13003932
13003933
13003934
13003935
13003936
13003937
13003938
13003939
13003940
13003941
13003942
13052520
13052521
13052522
13052523
13052524
13052525
13052526
13052527
13052528
13052529
13052530
13052531
13052532
13052533
13052534
13052535
13052536
13052537
13052538
13052539
13052540
13052541
13052542
13052543
13052610
13052611
13052612
13052613
13052614
13052615
13052616
13052617
13052618
13052619
13052620
13052621
13052622
13052623
13052624
13052625
13052626
13052627
13052628
13052629
13052630
13052631
13052632
13052633
13052701
13052702
13052703
13052704
13052705
13052714
13052715
13052716
13052717
13052793
13052794
13052805
13052806
13052807
13052883
13052884
13052895
13052896
13052897
13052973
13052974
13052985
13052986
13052987
13053063
13053064
13053075
13053076
13053077
13053153
13053154
13053165
13053166
13053167
13053243
13053244
13053255
13053256
13053257
13053333
13053334
13053345
13053346
13053347
13053423
13053424
13053435
13053436
13053437
13053513
13053514
13053525
13053526
13053527
13053603
13053604
13053615
13053616
13053617
13053693
13053694
13053705
13053706
13053707
13053783
13053784
13053795
13053796
13053797
13053873
13053874
13053885
13053886
13053887
13053963
13053964
13053975
13053976
13053977
13054053
13054054
13054065
13054066
13054067
13054143
13054144
13054155
13054156
13054157
13054233
13054234
13054245
13054246
13054247
13054323
13054324
13054335
13054336
13054337
13054413
13054414
13054425
13054426
13054427
13054503
13054504
13054515
13054516
13054517
13054593
13054594
13054605
13054606
13054607
13054683
13054684
13054695
13054696
13054697
13054773
13054774
13054785
13054786
13054787
13054863
13054864
13054875
13054876
13054877
13054953
13054954
13054965
13054966
13054967
13055043
13055044
13055055
13055056
13055057
13055133
13055134
13055145
13055146
13055147
13055223
13055224
13055235
13055236
13055237
13055313
13055314
13055325
13055326
13055327
13055403
13055404
13055415
13055416
13055417
13055493
13055494
13055506
13055507
13055583
13055584
13055595
13055596
13055597
13055673
13055674
13055685
13055686
13055687
13055763
13055764
13055765
13055775
13055776
13055777
13055788
13055789
13055853
13055854
13055855
13055866
13055867
13055878
13055879
13055943
13055944
13055945
13055955
13055956
13055957
13055968
13055969
13055970
13056033
13056034
13056045
13056046
13056047
13056058
13056059
13056060
13056123
13056124
13056125
13056135
13056136
13056149
13056150
13056213
13056214
13056215
13056226
13056227
13056239
13056303
13056304
13056305
13056315
13056316
13056317
13056329
13056330
13056393
13056394
13056395
13056405
13056406
13056407
13056418
13056419
13056483
13056484
13056485
13056495
13056496
13056497
13056509
13056510
13056573
13056574
13056575
13056585
13056586
13056587
13056598
13056599
13056660
13056661
13056662
13056663
13056664
13056665
13056666
13056667
13056668
13056669
13056670
13056671
13056672
13056673
13056674
13056675
13056676
13056677
13056678
13056679
13056680
13056681
13056682
13056683
13056684
13056685
13056686
13056687
13056688
13056689
13056690
13056750
13056751
13056752
13056753
13056754
13056755
13056756
13056757
13056758
13056759
13056760
13056761
13056762
13056763
13056764
13056765
13056766
13056767
13056768
13056769
13056770
13056771
13056772
13056773
13056774
13056775
13056776
13056777
13056778
13056779
13056840
13056841
13056843
13056844
13056849
13056850
13056851
13056852
13056858
13056859
13056860
13056861
13056866
13058210
13058211
13058212
13058213
13058214
13058299
13058300
13058301
13058389
13058392
13058393
13058479
13058480
13058482
13058569
13058570
13058571
13058572
13058659
13058662
13101120
13101121
13101122
13101123
13101124
13101125
13101126
13101127
13101128
13101129
13101130
13101131
13101132
13101133
13101134
13101135
13101136
13101137
13101138
13101139
13101140
13101141
13101142
13101143
13101210
13101223
13101226
13101300
13101301
13101305
13101306
13101307
13101308
13101309
13101310
13101311
13101312
13101313
13101314
13101315
13101317
13101318
13101319
13101320
13101321
13101322
13101323
13101395
13101396
13101397
13101398
13101399
13101400
13101401
13101402
13101403
13101404
13101405
13101407
13101408
13101409
13101410
13101411
13101412
13101413
13101485
13101486
13101487
13101488
13101489
13101490
13101491
13101492
13101493
13101494
13101495
13101497
13101498
13101499
13101500
13101501
13101502
13101503
13101575
13101576
13101577
13101578
13101579
13101580
13101581
13101582
13101583
13101584
13101585
13101587
13101588
13101589
13101590
13101591
13101592
13101593
13101665
13101666
13101667
13101668
13101669
13101670
13101671
13101672
13101673
13101674
13101675
13101677
13101678
13101679
13101680
13101681
13101682
13101683
13101755
13101756
13101757
13101758
13101759
13101760
13101761
13101762
13101763
13101764
13101765
13101767
13101768
13101769
13101770
13101771
13101772
13101773
13101845
13101846
13101847
13101848
13101849
13101850
13101851
13101852
13101853
13101854
13101855
13101857
13101858
13101859
13101860
13101861
13101862
13101863
13101935
13101936
13101937
13101938
13101939
13101940
13101941
13101942
13101943
13101944
13101945
13101947
13101948
13101949
13101950
13101951
13101952
13101953
13102025
13102026
13102027
13102028
13102029
13102030
13102031
13102032
13102033
13102034
13102035
13102037
13102038
13102039
13102040
13102041
13102042
13102043
13102115
13102116
13102117
13102118
13102119
13102120
13102121
13102122
13102123
13102124
13102125
13102127
13102128
13102129
13102130
13102131
13102132
13102133
13102205
13102206
13102207
13102208
13102209
13102210
13102211
13102212
13102213
13102214
13102215
13102217
13102218
13102219
13102220
13102221
13102222
13102223
13102295
13102296
13102297
13102298
13102299
13102300
13102301
13102302
13102303
13102304
13102305
13102307
13102308
13102309
13102310
13102311
13102312
13102313
13102385
13102386
13102387
13102388
13102389
13102390
13102391
13102392
13102393
13102394
13102395
13102397
13102398
13102399
13102400
13102401
13102402
13102403
13102475
13102476
13102477
13102478
13102479
13102480
13102481
13102482
13102483
13102484
13102485
13102487
13102488
13102489
13102490
13102491
13102492
13102493
13102565
13102566
13102567
13102568
13102569
13102570
13102571
13102572
13102573
13102574
13102575
13102577
13102578
13102579
13102580
13102581
13102582
13102583
13102655
13102656
13102657
13102658
13102659
13102660
13102661
13102662
13102663
13102664
13102665
13102667
13102668
13102669
13102670
13102671
13102672
13102673
13102745
13102746
13102747
13102748
13102749
13102750
13102751
13102752
13102753
13102754
13102755
13102757
13102758
13102759
13102760
13102761
13102762
13102763
13102835
13102836
13102837
13102838
13102839
13102840
13102841
13102842
13102843
13102844
13102845
13102847
13102848
13102849
13102850
13102851
13102852
13102853
13102925
13102926
13102927
13102928
13102929
13102930
13102931
13102932
13102933
13102934
13102935
13102937
13102938
13102939
13102940
13102941
13102942
13102943
13102944
13103015
13103016
13103017
13103018
13103019
13103020
13103021
13103022
13103023
13103024
13103025
13103027
13103028
13103029
13103030
13103031
13103032
13103033
13103034
13103105
13103106
13103107
13103108
13103109
13103110
13103111
13103112
13103113
13103114
13103115
13103117
13103118
13103119
13103120
13103121
13103122
13103123
13103124
13103195
13103196
13103197
13103198
13103199
13103200
13103201
13103202
13103203
13103204
13103205
13103207
13103208
13103209
13103210
13103211
13103212
13103213
13103214
13103284
13103285
13103286
13103287
13103288
13103289
13103290
13103291
13103292
13103293
13103294
13103295
13103297
13103298
13103299
13103300
13103301
13103302
13103303
13103304
13103375
13103376
13103377
13103378
13103379
13103380
13103381
13103382
13103383
13103384
13103385
13103387
13103388
13103389
13103390
13103391
13103392
13103393
13103394
13103465
13103466
13103467
13103468
13103469
13103470
13103471
13103472
13103473
13103474
13103475
13103477
13103478
13103479
13103480
13103481
13103482
13103483
13103484
13103555
13103556
13103557
13103558
13103559
13103560
13103561
13103562
13103563
13103564
13103565
13103568
13103569
13103570
13103571
13103572
13103573
13103574
13103645
13103646
13103647
13103648
13103649
13103650
13103651
13103652
13103653
13103654
13103655
13103657
13103658
13103659
13103660
13103661
13103662
13103663
13103664
13103735
13103736
13103737
13103738
13103739
13103740
13103741
13103742
13103743
13103744
13103745
13103747
13103748
13103749
13103750
13103751
13103752
13103753
13103754
13103825
13103826
13103827
13103828
13103829
13103830
13103831
13103832
13103833
13103834
13103835
13103837
13103838
13103839
13103840
13103841
13103842
13103843
13103844
13103845
13103915
13103916
13103917
13103918
13103919
13103920
13103921
13103922
13103923
13103924
13103925
13103927
13103928
13103929
13103930
13103931
13103932
13103933
13103934
13103935
13104005
13104006
13104007
13104008
13104009
13104010
13104011
13104012
13104013
13104014
13104015
13104018
13104019
13104020
13104021
13104022
13104023
13104024
13104025
13104026
13104095
13104096
13104097
13104098
13104099
13104100
13104101
13104102
13104103
13104104
13104105
13104107
13104108
13104109
13104110
13104111
13104112
13104113
13104114
13104115
13104116
13104185
13104186
13104187
13104188
13104189
13104190
13104191
13104192
13104193
13104194
13104197
13104198
13104199
13104200
13104201
13104202
13104203
13104204
13104205
13104206
13104275
13104276
13104277
13104278
13104279
13104280
13104281
13104282
13104283
13104287
13104288
13104289
13104290
13104291
13104292
13104293
13104294
13104295
13104296
13104298
13104365
13104366
13104367
13104368
13104369
13104370
13104371
13104372
13104373
13104377
13104378
13104379
13104380
13104381
13104382
13104384
13104385
13104386
13104388
13104389
13104455
13104456
13104457
13104458
13104459
13104460
13104461
13104462
13104463
13104464
13104467
13104468
13104469
13104470
13104471
13104472
13104473
13104474
13104475
13104476
13104478
13104545
13104546
13104547
13104548
13104549
13104550
13104551
13104552
13104553
13104557
13104558
13104559
13104560
13104561
13104562
13104563
13104564
13104565
13104566
13104568
13104569
13104635
13104636
13104637
13104638
13104639
13104640
13104641
13104642
13104643
13104644
13104646
13104648
13104649
13104650
13104651
13104652
13104653
13104654
13104655
13104656
13104658
13104659
13104726
13104727
13104728
13104729
13104730
13104731
13104732
13104733
13104734
13104738
13104739
13104740
13104741
13104742
13104743
13104744
13104745
13104746
13104815
13104816
13104817
13104818
13104819
13104820
13104821
13104822
13104823
13104824
13104825
13104828
13104831
13104832
13104834
13104835
13104836
13104839
13104841
13104842
13104905
13104906
13104907
13104908
13104909
13104910
13104911
13104912
13104913
13104915
13104916
13104917
13104918
13104919
13104920
13104921
13104922
13104923
13104924
13104925
13104926
13104929
13104931
13104932
13104995
13104996
13104997
13104998
13104999
13105000
13105001
13105002
13105003
13105005
13105008
13105009
13105010
13105011
13105012
13105013
13105015
13105018
13105021
13105022
13105085
13105086
13105087
13105088
13105089
13105090
13105091
13105092
13105093
13105096
13105097
13105098
13105099
13105100
13105101
13105102
13105103
13105104
13105105
13105106
13105109
13105175
13105176
13105177
13105178
13105179
13105180
13105181
13105182
13105183
13105186
13105188
13105189
13105190
13105191
13105192
13105193
13105194
13105195
13105196
13105198
13105262
13105263
13105265
13105266
13105267
13105268
13105269
13105270
13105271
13105272
13105273
13105274
13105277
13105278
13105279
13105280
13105281
13105282
13105283
13105284
13105285
13105286
13105287
13105288
13105350
13105352
13105364
13105365
13105366
13105377
13105378
13105380
13105440
13105445
13105446
13105448
13105449
13105450
13105451
13105452
13105453
13105470
13105544
13105545
13105620
13105621
13105622
13105710
13105713
13105730
13105732
13105733
13105800
13105801
13105804
13105912
13105913
13105999
13106000
13106001
13106002
13106003
13106085
13106086
13106087
13106088
13106089
13106090
13106091
13106092
13106093
13106174
13106175
13106179
13106180
13106181
13106184
13106265
13106266
13106267
13106271
13106274
13106279
13106280
13106357
13106358
13106359
13106360
13106362
13106363
13106448
13106449
13106450
13106453
13106454
13106534
13106535
13106536
13106537
13106540
13106541
13106542
13106543
13106544
13106629
13106630
13106631
13106632
13106704
13106705
13106706
13106707
13106708
13106709
13106713
13106714
13106719
13106721
13106723
13106724
13106803
13106804
13106809
13106810
13106811
13106812
13106813
13106814
13106899
13106909
13106910
13107079
13107259
13107439
13119854
13119855
13119856
13119857
13119858
13119859
13119860
13119930
13119931
13119932
13119933
13119934
13120021
13120022
13120023
13120024
13120110
13120111
13120112
13120113
13120114
13120115
13120128
13120130
13120200
13120201
13120202
13120203
13120204
13120290
13120291
13120292
13120293
13120294
13149720
13149721
13149722
13149724
13149725
13149726
13149727
13149728
13149729
13149730
13149731
13149732
13149733
13149734
13149735
13149736
13149737
13149738
13149739
13149740
13149741
13149743
13149744
13149822
13149995
13150006
13150085
13150096
13150175
13150265
13150276
13150355
13150367
13150445
13150456
13150457
13150535
13150546
13150547
13150625
13150637
13150715
13150726
13150727
13150810
13150811
13150812
13150816
13150817
13150895
13150903
13150904
13150907
13150985
13150987
13150988
13150996
13150997
13151075
13151086
13151087
13151088
13151165
13151177
13151178
13151255
13151266
13151268
13151345
13151357
13151358
13151435
13151446
13151448
13151525
13151536
13151538
13151615
13151627
13151628
13151705
13151716
13151717
13151718
13151795
13151806
13151885
13151897
13151986
13151987
13152065
13152076
13152078
13152155
13152167
13152168
13152245
13152256
13152257
13152258
13152335
13152348
13152425
13152438
13152515
13152526
13152528
13152605
13152617
13152618
13152695
13152706
13152707
13152708
13152785
13152796
13152875
13152887
13152977
13152988
13152989
13153066
13153078
13153157
13153169
13153235
13153247
13153258
13153259
13153325
13153348
13153427
13153439
13153505
13153516
13153528
13153529
13153685
13153696
13153697
13153708
13153709
13153775
13153786
13153798
13153860
13153950
13153952
13153964
13153966
13154070
13154144
13154145
13154146
13154147
13154220
13154221
13154222
13154223
13154236
13154245
13154246
13154247
13154248
13154249
13154250
13154251
13154427
13154511
13154516
13154517
13154519
13154520
13154521
13154522
13154523
13154595
13154596
13154597
13154598
13154599
13154606
13154607
13154608
13154609
13154610
13154611
13154612
13154613
13154681
13154682
13154684
13154689
13154696
13154697
13154698
13154699
13154700
13154701
13154702
13154703
13154762
13154763
13154764
13154765
13154766
13154767
13154768
13154769
13154771
13154772
13154773
13154774
13154779
13154786
13154787
13154788
13154789
13154790
13154791
13154850
13154851
13154852
13154853
13154854
13154855
13154856
13154857
13154858
13154859
13154864
13154877
13154878
13154879
13154880
13154881
13154940
13154941
13154942
13154943
13154944
13154945
13154946
13154947
13154948
13154949
13154951
13154952
13154953
13154954
13154966
13154967
13154969
13155030
13155031
13155032
13155034
13155038
13155039
13155041
13155042
13155043
13155044
13155049
13155056
13155057
13155059
13155060
13155061
13155120
13155121
13155122
13155123
13155124
13155125
13155128
13155129
13155132
13155133
13155134
13155135
13155136
13155137
13155138
13155139
13155147
13155148
13155149
13155150
13155210
13155211
13155212
13155213
13155214
13155215
13155216
13155217
13155219
13155221
13155224
13155225
13155226
13155227
13155228
13155229
13155236
13155237
13155240
13155241
13155300
13155301
13155302
13155303
13155304
13155305
13155306
13155307
13155308
13155309
13155310
13155311
13155312
13155313
13155314
13155315
13155316
13155317
13155318
13155319
13155326
13155329
13155331
13155390
13155391
13155392
13155393
13155394
13155395
13155396
13155397
13155398
13155399
13155400
13155401
13155402
13155404
13155405
13155406
13155407
13155408
13155409
13155416
13155419
13155421
13155480
13155481
13155482
13155484
13155485
13155487
13155489
13155490
13155494
13155495
13155496
13155497
13155498
13155499
13155507
13155509
13155511
13155570
13155571
13155572
13155573
13155574
13155575
13155576
13155577
13155578
13155579
13155580
13155581
13155582
13155584
13155585
13155586
13155587
13155588
13155589
13155597
13155660
13155661
13155662
13155663
13155664
13155665
13155666
13155667
13155669
13155670
13155671
13155672
13155673
13155674
13155677
13155678
13155679
13155687
13155689
13155750
13155751
13155752
13155754
13155755
13155756
13155757
13155758
13155759
13155761
13155763
13155764
13155765
13155766
13155767
13155769
13155777
13155840
13155844
13155845
13155846
13155847
13155848
13155849
13155851
13155852
13155853
13155854
13155855
13155856
13155858
13155859
13155930
13155932
13155933
13155936
13155937
13155938
13155939
13155942
13155949
13156020
13156022
13156023
13156034
13156117
13156118
13165119
13165120
13165148
13165329
13165408
13165409
13165419
13165494
13165509
13165586
13165599
13165676
13165689
13165766
13165779
13165856
13165869
13165959
13166036
13166049
13166126
13166127
13166139
13166216
13166229
13166304
13166306
13166319
13166396
13166397
13166409
13166484
13166486
13166489
13166499
13166574
13166576
13166589
13166664
13166666
13166667
13166679
13166754
13166756
13166769
13166844
13166846
13166847
13166859
13166934
13166949
13167024
13167039
13167114
13167117
13167129
13167130
13167204
13167219
13167220
13167297
13167310
13167400
13167477
13167489
13167490
13167567
13167579
13167580
13167657
13167669
13167670
13167744
13167747
13167759
13167760
13167837
13167849
13167850
13167924
13167927
13167939
13167940
13168014
13168016
13168017
13168029
13168030
13168106
13168119
13168120
13168196
13168209
13168210
13168299
13168300
13168389
13168442
13168452
13168453
13168454
13168455
13168456
13168457
13168458
13168459
13168460
13168461
13168462
13168464
13168470
13168530
13168531
13168532
13168533
13168534
13168542
13168557
13168558
13168559
13168560
13168569
13168570
13168621
13168622
13168623
13168624
13168625
13168626
13168627
13168628
13168629
13168630
13168631
13168632
13168633
13168634
13168635
13168636
13168637
13168638
13168639
13168640
13168641
13168642
13168643
13168644
13168645
13168646
13168647
13168650
13168651
13168652
13168653
13168654
13168659
13168660
13168661
13168666
13168668
13168670
13168671
13168672
13168673
13168674
13168675
13168677
13168678
13168679
13168710
13168711
13168712
13168713
13168714
13168715
13168716
13168717
13168718
13168719
13168720
13168721
13168722
13168723
13168724
13168725
13168726
13168727
13168728
13168729
13168730
13168731
13168732
13168733
13168734
13168735
13168737
13168738
13168739
13168740
13168741
13168742
13168743
13168744
13168745
13168746
13168747
13168748
13168749
13168750
13168751
13168752
13168753
13168754
13168755
13168756
13168757
13168759
13168760
13168761
13168762
13168763
13168764
13168765
13168766
13168767
13168768
13168769
13168800
13168801
13168802
13168803
13168804
13168890
13168891
13168892
13168893
13168894
13198321
13198324
13198335
13198336
13198338
13198412
13198421
13198422
13198424
13198425
13198595
13198606
13198696
13198876
13198967
13199056
13199057
13199146
13199147
13199237
13199326
13199327
13199407
13199408
13199409
13199410
13199411
13199412
13199416
13199417
13199496
13199503
13199507
13199508
13199509
13199510
13199511
13199512
13199513
13199514
13199515
13199585
13199596
13199597
13199686
13199687
13199777
13199866
13199957
13200046
13200047
13200136
13200227
13200316
13200317
13200406
13200485
13200497
13200586
13200587
13200665
13200676
13200767
13200856
13200857
13201036
13201037
13201126
13201217
13201306
13201307
13201396
13201475
13201487
13201576
13201577
13201666
13201745
13201757
13201769
13201846
13201847
13201859
13202015
13202027
13202105
13202116
13202195
13202296
13202297
13202375
13202386
13202552
13202745
13202746
13202820
13202821
13202822
13202836
13202850
13202851
13203191
13203194
13203363
13203364
13203365
13203366
13203367
13203368
13203369
13203373
13203374
13203551
13203630
13203631
13203900
13203990
13204080
13204081
13213719
13213720
13213916
13213930
13214006
13214008
13214009
13214094
13214097
13214098
13214109
13214110
13214184
13214187
13214188
13214199
13214200
13214274
13214276
13214277
13214278
13214289
13214366
13214368
13214379
13214380
13214454
13214456
13214458
13214469
13214470
13214544
13214546
13214547
13214548
13214559
13214560
13214616
13214634
13214637
13214638
13214649
13214650
13214724
13214726
13214727
13214728
13214739
13214814
13214816
13214817
13214830
13214906
13214908
13214919
13214920
13214994
13214996
13214997
13215010
13215084
13215086
13215087
13215099
13215100
13215174
13215176
13215177
13215189
13215190
13215264
13215266
13215267
13215270
13215279
13215280
13215336
13215354
13215356
13215357
13215369
13215370
13215444
13215446
13215447
13215459
13215460
13215534
13215537
13215549
13215550
13215624
13215626
13215627
13215639
13215640
13215714
13215717
13215724
13215725
13215729
13215730
13215804
13215806
13215807
13215820
13215881
13215896
13215897
13215910
13215971
13215986
13216000
13216061
13216074
13216076
13216077
13216089
13216090
13216164
13216166
13216179
13216180
13216256
13216257
13216262
13216269
13216270
13216344
13216346
13216347
13216352
13216359
13216360
13216437
13216441
13216442
13216450
13216527
13216539
13216540
13216614
13216617
13216629
13216630
13216704
13216706
13216707
13216719
13216720
13216796
13216797
13216809
13216810
13216886
13216899
13216900
13216956
13216977
13216989
13216990
13217042
13217043
13217044
13217045
13217046
13217051
13217052
13217053
13217054
13217055
13217056
13217057
13217058
13217059
13217060
13217061
13217062
13217063
13217064
13217066
13217070
13217080
13217130
13217131
13217132
13217141
13217142
13217156
13217157
13217169
13217170
13217221
13217222
13217223
13217224
13217225
13217226
13217227
13217228
13217229
13217230
13217231
13217232
13217233
13217234
13217235
13217236
13217237
13217238
13217239
13217240
13217241
13217242
13217244
13217245
13217248
13217250
13217251
13217252
13217253
13217254
13217259
13217260
13217261
13217266
13217267
13217268
13217269
13217274
13217275
13217276
13217277
13217310
13217311
13217312
13217313
13217314
13217315
13217316
13217317
13217318
13217319
13217320
13217321
13217322
13217323
13217324
13217325
13217326
13217327
13217328
13217329
13217330
13217331
13217332
13217334
13217335
13217336
13217337
13217338
13217339
13217340
13217341
13217342
13217343
13217344
13217345
13217346
13217347
13217348
13217349
13217350
13217351
13217353
13217355
13217356
13217357
13217358
13217359
13217364
13217365
13217366
13217367
13217400
13217401
13217402
13217403
13246920
13246922
13246925
13246926
13246927
13246928
13246929
13246930
13246931
13246932
13246938
13246939
13246940
13246941
13246942
13246943
13246944
13246945
13247012
13247021
13247024
13247025
13247028
13247029
13247117
13247195
13247206
13247285
13247296
13247297
13247375
13247387
13247465
13247476
13247555
13247567
13247645
13247656
13247657
13247735
13247746
13247747
13247825
13247837
13247915
13247926
13247927
13248006
13248007
13248008
13248009
13248010
13248011
13248012
13248013
13248016
13248017
13248095
13248103
13248104
13248107
13248193
13248196
13248197
13248275
13248286
13248287
13248365
13248376
13248377
13248455
13248466
13248545
13248557
13248635
13248646
13248647
13248725
13248736
13248815
13248827
13248905
13248916
13248917
13248995
13249006
13249085
13249097
13249186
13249187
13249276
13249355
13249367
13249445
13249456
13249457
13249535
13249625
13249636
13249637
13249715
13249726
13249805
13249895
13249906
13249907
13249985
13249996
13250075
13250177
13250266
13250357
13250446
13250447
13250525
13250536
13250615
13250627
13250705
13250716
13250896
13250897
13250975
13250986
13251151
13251420
13251421
13251422
13251706
13252059
13252331
13252419
13252420
13252511
13252601
13252691
13252781
13262256
13262316
13262345
13262496
13262514
13262516
13262517
13262529
13262530
13262586
13262676
13262694
13262696
13262709
13262710
13262766
13262856
13262874
13262876
13262877
13262889
13262946
13262964
13262966
13262967
13262979
13262980
13263036
13263054
13263069
13263126
13263146
13263147
13263159
13263160
13263216
13263234
13263237
13263306
13263324
13263326
13263335
13263396
13263414
13263416
13263417
13263430
13263486
13263504
13263508
13263509
13263576
13263594
13263596
13263597
13263598
13263599
13263610
13263666
13263684
13263687
13263756
13263774
13263776
13263777
13263778
13263789
13263790
13263846
13263864
13263868
13263936
13263954
13263956
13263957
13263958
13263969
13264026
13264044
13264046
13264047
13264048
13264059
13264060
13264116
13264134
13264137
13264138
13264139
13264206
13264224
13264226
13264227
13264228
13264229
13264239
13264240
13264314
13264317
13264318
13264320
13264321
13264322
13264323
13264324
13264325
13264386
13264404
13264406
13264407
13264408
13264411
13264412
13264419
13264420
13264476
13264494
13264497
13264501
13264502
13264510
13264566
13264584
13264587
13264589
13264591
13264593
13264656
13264676
13264677
13264679
13264683
13264690
13264746
13264764
13264767
13264768
13264769
13264771
13264772
13264773
13264836
13264856
13264857
13264858
13264859
13264860
13264862
13264869
13264870
13264926
13264952
13265016
13265034
13265036
13265037
13265041
13265042
13265106
13265126
13265127
13265139
13265140
13265190
13265196
13265217
13265218
13265219
13265229
13265286
13265304
13265307
13265308
13265319
13265320
13265376
13265397
13265410
13265466
13265499
13265500
13265550
13265551
13265577
13265590
13265640
13265641
13265642
13265643
13265644
13265645
13265646
13265652
13265653
13265654
13265655
13265656
13265657
13265658
13265659
13265660
13265661
13265662
13265663
13265664
13265667
13265669
13265670
13265730
13265731
13265732
13265741
13265742
13265757
13265759
13265760
13265770
13265825
13265832
13265835
13265843
13265844
13265848
13265874
13265877
13265911
13265915
13265924
13265925
13265933
13265934
13265935
13265936
13265937
13265938
13265939
13265940
13265941
13265942
13265945
13265946
13265955
13265964
13265967
13266000
13266001
13266002
13266003
13295520
13295523
13295612
13295717
13295795
13295806
13295896
13295897
13295987
13296076
13296166
13296167
13296256
13296257
13296346
13296347
13296437
13296526
13296527
13296606
13296607
13296608
13296609
13296610
13296611
13296612
13296613
13296614
13296616
13296617
13296703
13296707
13296716
13296793
13296796
13296797
13296875
13296886
13296887
13296976
13296977
13297066
13297157
13297246
13297247
13297336
13297427
13297516
13297517
13297606
13297685
13297697
13297786
13297787
13297876
13297955
13297967
13298056
13298057
13298236
13298237
13298326
13298506
13298507
13298596
13298675
13298776
13298777
13299136
13299316
13299485
13299496
13299575
13299752
13300020
13300021
13300022
13300306
13300308
13300309
13300396
13300397
13300398
13300399
13301019
13301020
13301021
13301111
13301291
13301381
13301831
13310827
13310916
13310917
13310947
13311026
13311039
13311096
13311113
13311114
13311116
13311117
13311186
13311204
13311207
13311276
13311294
13311296
13311297
13311309
13311310
13311366
13311384
13311456
13311476
13311477
13311489
13311546
13311566
13311567
13311579
13311580
13311636
13311654
13311657
13311669
13311726
13311744
13311746
13311747
13311759
13311760
13311816
13311837
13311906
13311924
13311926
13311935
13311996
13312016
13312017
13312030
13312086
13312104
13312106
13312107
13312176
13312194
13312196
13312197
13312210
13312266
13312284
13312290
13312356
13312374
13312376
13312377
13312389
13312390
13312446
13312464
13312536
13312554
13312556
13312569
13312626
13312643
13312644
13312646
13312647
13312659
13312660
13312716
13312733
13312734
13312749
13312806
13312823
13312824
13312826
13312827
13312839
13312840
13312896
13312913
13312914
13312917
13312921
13312922
13312923
13312924
13312925
13312986
13313004
13313006
13313007
13313019
13313020
13313076
13313094
13313097
13313103
13313110
13313166
13313184
13313186
13313187
13313256
13313274
13313276
13313277
13313283
13313290
13313346
13313363
13313364
13313367
13313370
13313371
13313372
13313373
13313436
13313454
13313456
13313457
13313460
13313462
13313469
13313470
13313526
13313543
13313544
13313616
13313633
13313634
13313637
13313641
13313642
13313649
13313706
13313723
13313724
13313726
13313727
13313740
13313796
13313813
13313814
13313817
13313829
13313886
13313904
13313907
13313919
13313920
13313976
13313994
13313997
13314010
13314066
13314084
13314099
13314100
13314151
13314156
13314177
13314189
13314190
13314241
13314242
13314243
13314244
13314245
13314246
13314252
13314253
13314254
13314255
13314256
13314257
13314258
13314259
13314260
13314261
13314262
13314263
13314264
13314267
13314270
13314271
13314272
13314331
13314332
13314341
13314342
13314357
13314359
13314360
13314370
13314426
13314432
13314435
13314442
13314443
13314448
13314452
13314472
13314473
13314511
13314516
13314517
13314524
13314525
13314532
13314533
13314534
13314535
13314536
13314537
13314538
13314539
13314540
13314541
13314542
13314555
13314562
13314563
13314600
13314601
13314602
13314603
13344120
13344121
13344122
13344123
13344124
13344125
13344126
13344127
13344128
13344129
13344130
13344131
13344132
13344133
13344134
13344135
13344136
13344137
13344139
13344140
13344141
13344142
13344143
13344144
13344145
13344146
13344147
13344212
13344317
13344395
13344406
13344485
13344496
13344497
13344575
13344587
13344665
13344676
13344755
13344767
13344845
13344856
13344857
13344935
13344939
13344940
13344941
13344942
13344943
13344946
13344947
13345025
13345026
13345027
13345028
13345029
13345030
13345031
13345032
13345033
13345037
13345115
13345116
13345117
13345118
13345119
13345120
13345121
13345122
13345123
13345124
13345126
13345127
13345206
13345207
13345208
13345209
13345210
13345211
13345212
13345213
13345214
13345216
13345217
13345295
13345296
13345303
13345304
13345307
13345309
13345310
13345311
13345312
13345313
13345314
13345315
13345316
13345386
13345387
13345388
13345389
13345390
13345391
13345392
13345393
13345396
13345397
13345475
13345486
13345487
13345565
13345576
13345577
13345655
13345666
13345745
13345757
13345835
13345846
13345847
13345925
13345936
13346015
13346027
13346105
13346116
13346117
13346195
13346206
13346285
13346297
13346386
13346387
13346476
13346567
13346645
13346656
13346657
13346735
13346825
13346836
13346837
13346915
13346926
13347005
13347095
13347106
13347107
13347185
13347196
13347275
13347376
13347377
13347466
13347646
13347916
13348352
13348620
13348621
13348622
13348997
13348998
13348999
13359427
13359428
13359517
13359518
13359555
13359696
13359716
13359717
13359729
13359730
13359786
13359807
13359809
13359815
13359876
13359894
13359896
13359897
13359905
13359910
13359966
13359984
13359995
13360056
13360074
13360076
13360146
13360164
13360166
13360167
13360179
13360180
13360236
13360254
13360259
13360260
13360269
13360326
13360344
13360347
13360350
13360359
13360360
13360416
13360433
13360434
13360506
13360523
13360524
13360526
13360527
13360535
13360596
13360613
13360614
13360616
13360617
13360630
13360686
13360704
13360776
13360794
13360796
13360797
13360810
13360866
13360884
13360890
13360956
13360973
13360974
13360976
13360977
13360980
13360981
13360982
13360989
13360990
13361046
13361063
13361064
13361067
13361068
13361136
13361153
13361154
13361156
13361157
13361169
13361226
13361243
13361244
13361246
13361247
13361259
13361260
13361316
13361336
13361349
13361426
13361427
13361429
13361439
13361440
13361513
13361514
13361517
13361522
13361523
13361524
13361525
13361586
13361603
13361607
13361613
13361619
13361620
13361676
13361694
13361700
13361703
13361710
13361766
13361784
13361787
13361856
13361873
13361874
13361876
13361877
13361889
13361890
13361946
13361963
13361967
13361970
13361971
13361972
13361973
13362036
13362053
13362056
13362057
13362060
13362061
13362062
13362069
13362070
13362126
13362143
13362150
13362151
13362152
13362216
13362237
13362241
13362242
13362306
13362327
13362339
13362340
13362396
13362403
13362404
13362405
13362406
13362407
13362408
13362416
13362486
13362493
13362494
13362495
13362496
13362497
13362498
13362506
13362507
13362508
13362509
13362519
13362520
13362576
13362583
13362584
13362585
13362586
13362587
13362588
13362589
13362590
13362591
13362592
13362598
13362610
13362666
13362673
13362674
13362675
13362676
13362677
13362678
13362679
13362680
13362681
13362682
13362683
13362684
13362687
13362700
13362751
13362756
13362763
13362765
13362766
13362767
13362768
13362769
13362770
13362771
13362772
13362777
13362790
13362841
13362842
13362843
13362844
13362845
13362846
13362852
13362853
13362854
13362855
13362856
13362857
13362858
13362859
13362860
13362861
13362862
13362867
13362870
13362871
13362872
13362931
13362932
13362941
13362942
13362957
13362959
13362969
13362970
13363028
13363032
13363034
13363048
13363060
13363064
13363071
13363072
13363077
13363111
13363124
13363125
13363131
13363132
13363142
13363154
13363161
13363162
13363167
13363200
13363201
13363202
13363203
13392720
13392721
13392722
13392723
13392724
13392725
13392726
13392727
13392728
13392729
13392730
13392731
13392732
13392733
13392734
13392735
13392736
13392737
13392740
13392741
13392742
13392743
13392744
13392745
13392746
13392747
13392812
13392917
13393006
13393096
13393097
13393187
13393276
13393367
13393456
13393457
13393546
13393547
13393637
13393726
13393727
13393816
13393817
13393895
13393907
13393914
13393915
13393916
13393996
13393997
13394086
13394087
13394176
13394177
13394266
13394357
13394435
13394446
13394447
13394525
13394536
13394615
13394627
13394705
13394716
13394717
13394795
13394806
13394885
13394897
13394986
13394987
13395076
13395167
13395256
13395257
13395436
13395437
13395526
13395706
13395707
13395785
13395796
13395875
13395976
13395977
13396066
13396246
13396336
13396516
13397220
13397221
13397599
13397689
13407937
13407938
13407939
13407940
13407970
13408029
13408058
13408118
13408119
13408296
13408316
13408317
13408329
13408330
13408386
13408409
13408476
13408496
13408497
13408510
13408566
13408656
13408674
13408676
13408746
13408764
13408766
13408767
13408770
13408779
13408780
13408836
13408854
13408860
13408926
13408944
13408946
13408947
13408949
13408960
13409016
13409050
13409106
13409126
13409127
13409196
13409216
13409217
13409229
13409230
13409286
13409376
13409396
13409397
13409409
13409410
13409466
13409489
13409556
13409574
13409577
13409580
13409581
13409582
13409583
13409584
13409585
13409589
13409590
13409646
13409664
13409667
13409670
13409736
13409758
13409769
13409826
13409846
13409847
13409859
13409860
13409916
13409936
13409940
13409949
13410006
13410024
13410026
13410027
13410029
13410030
13410039
13410040
13410096
13410114
13410122
13410123
13410124
13410125
13410186
13410207
13410213
13410219
13410220
13410276
13410297
13410298
13410303
13410310
13410366
13410384
13410387
13410399
13410456
13410474
13410476
13410477
13410478
13410479
13410480
13410483
13410489
13410490
13410546
13410564
13410567
13410570
13410571
13410572
13410636
13410656
13410657
13410660
13410670
13410726
13410747
13410816
13410836
13410837
13410842
13410849
13410906
13410926
13410927
13410939
13410940
13410996
13411020
13411021
13411029
13411086
13411104
13411106
13411107
13411108
13411109
13411110
13411119
13411120
13411176
13411198
13411210
13411266
13411287
13411356
13411377
13411390
13411441
13411442
13411443
13411444
13411445
13411446
13411452
13411453
13411454
13411455
13411456
13411457
13411458
13411459
13411460
13411461
13411462
13411463
13411464
13411467
13411470
13411471
13411472
13411530
13411531
13411532
13411541
13411542
13411557
13411559
13411560
13411561
13411562
13411570
13411628
13411629
13411632
13411640
13411659
13411671
13411677
13411711
13411718
13411719
13411724
13411725
13411730
13411742
13411748
13411749
13411760
13411767
13411800
13411801
13411802
13441320
13441321
13441322
13441336
13441337
13441338
13441341
13441342
13441412
13441517
13441606
13441696
13441697
13441787
13441876
13441967
13442056
13442057
13442146
13442147
13442237
13442326
13442327
13442416
13442417
13442495
13442503
13442507
13442515
13442593
13442596
13442597
13442687
13442776
13442777
13442866
13442957
13443046
13443047
13443125
13443136
13443215
13443227
13443305
13443316
13443317
13443395
13443406
13443485
13443497
13443586
13443587
13443676
13443767
13443856
13443857
13444036
13444037
13444126
13444306
13444307
13444396
13444475
13444576
13444577
13444666
13444846
13444936
13445296
13445386
13445820
13445821
13456536
13456537
13456538
13456539
13456540
13456570
13456629
13456660
13456719
13456720
13456721
13456738
13456754
13456755
13456759
13456896
13456914
13456916
13456917
13456918
13456919
13456930
13456986
13457004
13457008
13457076
13457094
13457097
13457098
13457110
13457166
13457184
13457188
13457200
13457256
13457274
13457276
13457277
13457278
13457346
13457364
13457366
13457367
13457368
13457379
13457380
13457436
13457454
13457458
13457459
13457461
13457462
13457464
13457526
13457546
13457547
13457548
13457560
13457616
13457638
13457645
13457650
13457706
13457726
13457727
13457728
13457796
13457814
13457816
13457817
13457818
13457819
13457829
13457830
13457886
13457908
13457909
13457976
13457996
13457997
13458009
13458010
13458066
13458088
13458089
13458090
13458091
13458092
13458093
13458156
13458176
13458177
13458178
13458180
13458181
13458183
13458184
13458185
13458189
13458190
13458246
13458267
13458268
13458270
13458271
13458272
13458273
13458274
13458275
13458336
13458358
13458360
13458361
13458362
13458363
13458364
13458365
13458369
13458426
13458446
13458447
13458448
13458449
13458450
13458451
13458452
13458453
13458454
13458455
13458459
13458460
13458516
13458536
13458538
13458540
13458542
13458543
13458544
13458545
13458549
13458626
13458627
13458628
13458629
13458630
13458631
13458632
13458633
13458634
13458635
13458639
13458640
13458696
13458718
13458724
13458725
13458786
13458806
13458807
13458808
13458810
13458813
13458819
13458820
13458876
13458897
13458898
13458899
13458900
13458903
13458910
13458966
13458987
13458988
13458989
13458990
13458993
13458999
13459056
13459074
13459076
13459077
13459078
13459079
13459083
13459089
13459090
13459146
13459164
13459167
13459168
13459169
13459170
13459171
13459172
13459173
13459236
13459254
13459257
13459260
13459270
13459326
13459344
13459347
13459348
13459350
13459416
13459434
13459436
13459437
13459442
13459449
13459506
13459524
13459526
13459527
13459529
13459532
13459539
13459540
13459590
13459596
13459614
13459616
13459620
13459621
13459686
13459704
13459706
13459707
13459710
13459720
13459776
13459810
13459866
13459887
13459900
13459951
13459956
13459977
13459990
13460040
13460041
13460042
13460043
13460044
13460045
13460046
13460052
13460053
13460054
13460055
13460056
13460057
13460058
13460059
13460060
13460061
13460062
13460063
13460064
13460067
13460068
13460069
13460079
13460130
13460131
13460132
13460141
13460142
13460157
13460158
13460159
13460160
13460161
13460162
13460163
13460170
13460230
13460232
13460234
13460239
13460247
13460259
13460260
13460320
13460321
13460324
13460325
13460328
13460329
13460330
13460334
13460335
13460336
13460337
13460338
13460339
13460340
13460341
13460349
13460350
13460355
13460360
13460367
13460400
13460401
13460402
13460403
13489920
13489921
13489922
13489936
13489937
13489938
13490012
13490117
13490296
13490297
13490387
13490476
13490567
13490657
13490746
13490747
13490837
13490926
13490927
13491016
13491017
13491095
13491103
13491104
13491107
13491193
13491196
13491197
13491287
13491376
13491377
13491466
13491557
13491646
13491647
13491736
13491827
13491916
13491917
13491995
13492006
13492085
13492097
13492186
13492187
13492367
13492456
13492457
13492636
13492637
13492726
13492906
13492907
13493075
13493176
13493177
13493446
13493716
13493896
13493986
13494420
13494421
13505135
13505136
13505137
13505138
13505139
13505140
13505146
13505148
13505149
13505231
13505268
13505351
13505355
13505359
13505439
13505496
13505514
13505516
13505517
13505586
13505604
13505676
13505694
13505696
13505697
13505710
13505766
13505784
13505787
13505800
13505856
13505874
13505876
13505946
13505964
13505966
13505967
13505970
13505979
13505980
13506036
13506054
13506060
13506061
13506062
13506063
13506064
13506065
13506126
13506146
13506147
13506160
13506216
13506250
13506306
13506326
13506327
13506396
13506416
13506417
13506429
13506430
13506486
13506506
13506576
13506596
13506597
13506609
13506610
13506666
13506690
13506691
13506692
13506693
13506756
13506776
13506777
13506783
13506784
13506785
13506789
13506790
13506846
13506936
13506956
13506969
13507026
13507046
13507047
13507059
13507060
13507116
13507139
13507140
13507149
13507226
13507227
13507229
13507230
13507239
13507240
13507296
13507320
13507321
13507386
13507406
13507407
13507410
13507411
13507413
13507419
13507420
13507476
13507500
13507501
13507502
13507503
13507510
13507566
13507587
13507590
13507591
13507593
13507599
13507676
13507677
13507680
13507681
13507683
13507689
13507690
13507746
13507764
13507767
13507770
13507771
13507772
13507773
13507835
13507836
13507854
13507857
13507859
13507860
13507869
13507870
13507926
13507944
13507947
13507950
13508016
13508034
13508037
13508040
13508049
13508106
13508124
13508126
13508127
13508140
13508196
13508216
13508220
13508221
13508286
13508304
13508306
13508307
13508320
13508376
13508466
13508484
13508487
13508551
13508556
13508577
13508590
13508641
13508642
13508643
13508644
13508645
13508646
13508652
13508653
13508654
13508655
13508656
13508657
13508658
13508659
13508660
13508661
13508662
13508663
13508664
13508667
13508741
13508742
13508757
13508769
13508770
13508830
13508831
13508832
13508838
13508847
13508860
13508861
13508920
13508921
13508922
13508924
13508925
13508927
13508928
13508929
13508934
13508935
13508936
13508937
13508938
13508939
13508940
13508941
13508942
13508950
13508951
13508952
13508954
13508955
13509000
13509001
13509002
13509003
13538520
13538521
13538536
13538537
13538538
13538717
13538806
13538896
13538897
13538987
13539076
13539167
13539257
13539346
13539347
13539437
13539526
13539527
13539616
13539617
13539695
13539696
13539703
13539707
13539793
13539796
13539797
13539887
13539976
13539977
13540066
13540157
13540246
13540247
13540336
13540427
13540516
13540517
13540697
13540786
13540787
13540967
13541056
13541057
13541236
13541237
13541326
13541506
13541507
13541596
13541776
13541777
13542316
13542496
13543020
13543021
13553864
13553952
13553953
13553956
13553957
13554096
13554116
13554117
13554118
13554130
13554186
13554208
13554209
13554210
13554276
13554296
13554297
13554298
13554300
13554309
13554310
13554366
13554388
13554390
13554400
13554456
13554476
13554546
13554566
13554567
13554568
13554579
13554580
13554636
13554660
13554661
13554662
13554663
13554664
13554665
13554726
13554746
13554747
13554748
13554749
13554750
13554760
13554816
13554838
13554840
13554845
13554850
13554906
13554926
13554927
13554928
13554930
13554932
13554933
13554934
13554935
13554939
13554996
13555016
13555017
13555018
13555020
13555023
13555024
13555025
13555030
13555086
13555106
13555108
13555110
13555111
13555112
13555113
13555114
13555115
13555176
13555196
13555197
13555198
13555200
13555201
13555202
13555203
13555204
13555205
13555209
13555210
13555266
13555288
13555289
13555290
13555291
13555292
13555293
13555294
13555295
13555356
13555376
13555377
13555378
13555383
13555384
13555385
13555389
13555390
13555446
13555468
13555470
13555536
13555557
13555558
13555569
13555626
13555646
13555647
13555648
13555659
13555660
13555716
13555738
13555739
13555749
13555806
13555826
13555827
13555828
13555829
13555830
13555839
13555840
13555896
13555918
13555920
13555986
13556006
13556007
13556008
13556010
13556019
13556020
13556076
13556093
13556094
13556098
13556110
13556166
13556187
13556188
13556199
13556256
13556277
13556278
13556289
13556290
13556346
13556367
13556368
13556435
13556436
13556454
13556456
13556457
13556458
13556470
13556544
13556616
13556634
13556637
13556640
13556641
13556706
13556726
13556727
13556730
13556731
13556740
13556796
13556812
13556816
13556820
13556821
13556822
13556886
13556904
13556906
13556907
13556908
13556909
13556910
13556911
13556912
13556913
13556920
13556976
13556994
13557000
13557001
13557002
13557003
13557066
13557082
13557083
13557084
13557087
13557100
13557156
13557177
13557180
13557181
13557182
13557183
13557190
13557241
13557242
13557243
13557244
13557245
13557246
13557252
13557253
13557254
13557255
13557256
13557257
13557258
13557259
13557260
13557261
13557262
13557263
13557264
13557267
13557270
13557271
13557272
13557273
13557331
13557341
13557342
13557357
13557358
13557359
13557360
13557361
13557362
13557363
13557370
13557432
13557434
13557447
13557522
13557523
13557524
13557525
13557526
13557527
13557535
13557536
13557537
13557538
13557539
13557540
13557541
13557600
13557601
13557602
13557603
13587120
13587121
13587136
13587137
13587138
13587210
13587317
13587496
13587497
13587587
13587676
13587767
13587857
13587947
13588037
13588126
13588127
13588217
13588295
13588296
13588297
13588298
13588299
13588300
13588301
13588302
13588303
13588307
13588312
13588313
13588314
13588315
13588386
13588387
13588388
13588389
13588390
13588391
13588392
13588393
13588396
13588397
13588487
13588577
13588666
13588757
13588847
13589027
13589117
13589297
13589387
13589567
13589656
13589657
13589836
13589837
13590106
13590107
13590377
13590646
13590916
13591096
13591260
13591350
13591440
13591620
13591621
13602242
13602258
13602262
13602267
13602330
13602331
13602332
13602333
13602334
13602335
13602336
13602337
13602338
13602339
13602340
13602342
13602343
13602344
13602345
13602346
13602347
13602348
13602349
13602369
13602511
13602512
13602513
13602514
13602515
13602516
13602517
13602518
13602519
13602520
13602521
13602523
13602524
13602525
13602526
13602527
13602528
13602529
13602530
13602531
13602532
13602533
13602534
13602535
13602536
13602537
13602538
13602539
13602542
13602548
13602549
13602551
13602553
13602554
13602555
13602557
13602558
13602559
13602561
13602562
13602563
13602612
13602626
13602627
13602696
13602713
13602714
13602716
13602717
13602718
13602729
13602780
13602781
13602786
13602802
13602806
13602807
13602808
13602809
13602810
13602811
13602812
13602813
13602814
13602815
13602870
13602892
13602893
13602894
13602896
13602897
13602898
13602900
13602901
13602902
13602904
13602905
13602909
13602960
13602966
13602982
13602983
13602984
13602986
13602987
13602988
13602990
13602991
13602992
13602993
13602994
13602995
13602999
13603056
13603072
13603073
13603074
13603077
13603080
13603081
13603082
13603083
13603084
13603085
13603089
13603146
13603162
13603163
13603164
13603166
13603167
13603168
13603170
13603171
13603172
13603173
13603174
13603175
13603179
13603230
13603231
13603236
13603252
13603256
13603257
13603258
13603260
13603261
13603262
13603263
13603264
13603265
13603269
13603320
13603326
13603342
13603343
13603344
13603346
13603347
13603348
13603349
13603350
13603359
13603410
13603416
13603432
13603433
13603434
13603436
13603437
13603438
13603440
13603506
13603522
13603523
13603524
13603526
13603528
13603530
13603539
13603596
13603612
13603616
13603617
13603618
13603629
13603686
13603702
13603703
13603706
13603707
13603708
13603719
13603776
13603792
13603793
13603794
13603796
13603797
13603798
13603799
13603809
13603860
13603861
13603866
13603882
13603883
13603884
13603886
13603887
13603888
13603889
13603890
13603899
13603950
13603956
13603972
13603973
13603974
13603976
13603977
13603978
13603989
13604040
13604046
13604062
13604063
13604064
13604066
13604067
13604070
13604079
13604136
13604152
13604153
13604154
13604156
13604157
13604158
13604160
13604169
13604242
13604243
13604244
13604246
13604247
13604248
13604250
13604259
13604310
13604316
13604332
13604333
13604334
13604336
13604337
13604338
13604349
13604400
13604406
13604422
13604426
13604427
13604428
13604429
13604430
13604439
13604490
13604496
13604503
13604504
13604505
13604506
13604507
13604512
13604513
13604516
13604517
13604518
13604520
13604529
13604586
13604602
13604603
13604606
13604607
13604608
13604610
13604619
13604692
13604693
13604696
13604697
13604698
13604700
13604709
13604766
13604782
13604783
13604784
13604786
13604787
13604788
13604799
13604856
13604872
13604873
13604874
13604876
13604877
13604878
13604879
13604880
13604889
13604940
13604946
13604952
13604953
13604954
13604955
13604956
13604957
13604958
13604962
13604967
13605030
13605032
13605033
13605034
13605035
13605036
13605052
13605056
13605057
13605120
13605126
13605142
13605210
13605216
13605233
13605234
13605236
13605237
13605249
13605306
13605326
13605327
13605330
13605390
13605396
13605407
13605408
13605409
13605410
13605411
13605412
13605413
13605416
13605429
13605480
13605486
13605497
13605498
13605502
13605503
13605506
13605507
13605519
13605570
13605576
13605588
13605592
13605596
13605597
13605609
13605660
13605666
13605682
13605683
13605686
13605687
13605688
13605699
13605750
13605756
13605772
13605773
13605774
13605776
13605777
13605789
13605790
13605842
13605843
13605844
13605845
13605846
13605852
13605853
13605854
13605855
13605856
13605857
13605858
13605859
13605860
13605861
13605862
13605863
13605864
13605867
13605879
13605930
13605931
13605957
13605959
13605969
13606032
13606033
13606047
13606059
13606113
13606114
13606115
13606116
13606117
13606118
13606119
13606120
13606121
13606122
13606123
13606124
13606125
13606126
13606127
13606128
13606129
13606130
13606131
13606132
13606133
13606134
13606135
13606136
13606137
13606138
13606139
13606140
13606141
13606142
13606143
13606144
13606145
13606146
13606147
13606148
13606149
13606150
13606151
13606152
13606153
13606154
13606155
13606156
13606157
13606158
13606159
13606160
13606162
13606164
13606166
13606169
13606200
13606201
13606202
13606203
13606290
13606291
13606292
13606293
13606294
13635720
13635721
13635736
13635737
13635738
13635810
13635811
13635827
13635900
13635901
13635916
13635917
13636096
13636097
13636186
13636187
13636276
13636366
13636367
13636457
13636546
13636547
13636637
13636727
13636816
13636817
13636905
13636906
13636907
13636995
13636996
13636997
13637085
13637086
13637087
13637176
13637177
13637266
13637356
13637357
13637446
13637447
13637626
13637627
13637716
13637717
13637896
13637986
13637987
13638166
13638167
13638256
13638436
13638706
13638976
13639860
13639950
13640040
13640220
13650669
13650670
13650672
13650750
13650751
13650752
13650755
13650756
13650757
13650758
13650759
13650760
13650761
13650762
13650763
13650764
13650765
13650769
13650770
13650840
13650841
13650842
13650843
13650844
13650845
13650846
13650847
13650848
13650849
13650850
13650851
13650852
13650853
13650854
13650855
13650856
13650857
13650858
13650859
13650860
13650861
13650879
13650930
13650931
13650932
13650933
13650934
13650937
13650938
13650939
13650940
13650942
13650943
13650944
13650945
13650946
13650947
13650948
13650949
13650950
13650951
13650956
13650969
13651020
13651021
13651022
13651023
13651024
13651025
13651026
13651027
13651028
13651031
13651044
13651045
13651046
13651047
13651056
13651057
13651058
13651059
13651061
13651064
13651066
13651067
13651110
13651111
13651112
13651113
13651114
13651115
13651116
13651117
13651118
13651119
13651120
13651121
13651122
13651123
13651124
13651125
13651126
13651128
13651129
13651130
13651131
13651137
13651148
13651149
13651150
13651151
13651154
13651155
13651156
13651158
13651159
13651160
13651162
13651163
13651164
13651200
13651211
13651212
13651226
13651227
13651290
13651291
13651292
13651293
13651294
13651295
13651296
13651301
13651302
13651303
13651304
13651305
13651306
13651307
13651308
13651309
13651310
13651311
13651312
13651316
13651317
13651318
13651319
13651320
13651380
13651381
13651382
13651383
13651384
13651385
13651386
13651391
13651392
13651393
13651394
13651395
13651396
13651397
13651398
13651399
13651400
13651401
13651402
13651406
13651407
13651408
13651409
13651410
13651470
13651472
13651473
13651474
13651475
13651476
13651481
13651482
13651483
13651484
13651485
13651486
13651487
13651509
13651560
13651562
13651563
13651564
13651565
13651566
13651580
13651586
13651587
13651588
13651590
13651599
13651600
13651650
13651651
13651652
13651653
13651654
13651655
13651656
13651661
13651662
13651663
13651664
13651665
13651666
13651667
13651668
13651669
13651670
13651671
13651672
13651676
13651677
13651678
13651680
13651689
13651690
13651740
13651741
13651742
13651743
13651744
13651745
13651746
13651753
13651754
13651755
13651756
13651779
13651780
13651830
13651831
13651832
13651833
13651834
13651835
13651841
13651843
13651844
13651845
13651846
13651847
13651848
13651849
13651850
13651851
13651852
13651856
13651857
13651858
13651859
13651860
13651869
13651870
13651920
13651922
13651923
13651924
13651925
13651926
13651931
13651932
13651933
13651934
13651935
13651936
13651937
13651938
13651939
13651940
13651941
13651942
13651946
13651948
13651949
13651950
13651959
13651960
13652010
13652012
13652013
13652014
13652015
13652016
13652023
13652024
13652025
13652040
13652050
13652100
13652102
13652103
13652104
13652105
13652106
13652111
13652112
13652113
13652114
13652115
13652116
13652117
13652118
13652119
13652120
13652121
13652122
13652126
13652127
13652128
13652130
13652139
13652140
13652190
13652191
13652192
13652193
13652194
13652195
13652196
13652201
13652202
13652203
13652204
13652205
13652206
13652207
13652208
13652209
13652210
13652211
13652212
13652213
13652214
13652216
13652217
13652218
13652219
13652220
13652230
13652280
13652281
13652282
13652283
13652284
13652285
13652286
13652291
13652292
13652293
13652294
13652295
13652296
13652297
13652298
13652299
13652300
13652301
13652302
13652303
13652304
13652306
13652307
13652308
13652309
13652310
13652319
13652320
13652370
13652371
13652372
13652373
13652374
13652375
13652376
13652381
13652382
13652383
13652384
13652385
13652386
13652387
13652388
13652389
13652390
13652391
13652392
13652393
13652394
13652396
13652397
13652398
13652399
13652400
13652409
13652410
13652460
13652461
13652462
13652463
13652464
13652465
13652466
13652471
13652472
13652473
13652474
13652475
13652476
13652477
13652478
13652479
13652480
13652481
13652482
13652486
13652487
13652488
13652489
13652490
13652499
13652500
13652550
13652551
13652552
13652553
13652554
13652555
13652556
13652561
13652562
13652563
13652564
13652565
13652566
13652567
13652568
13652569
13652570
13652571
13652572
13652576
13652577
13652589
13652590
13652640
13652641
13652642
13652643
13652644
13652645
13652646
13652651
13652652
13652653
13652654
13652655
13652656
13652657
13652658
13652659
13652660
13652661
13652662
13652666
13652667
13652670
13652679
13652680
13652730
13652731
13652732
13652733
13652734
13652735
13652744
13652751
13652752
13652757
13652758
13652760
13652769
13652770
13652820
13652821
13652822
13652823
13652832
13652834
13652835
13652839
13652841
13652842
13652846
13652847
13652849
13652850
13652859
13652860
13652910
13652911
13652912
13652913
13652914
13652915
13652916
13652921
13652922
13652923
13652924
13652925
13652926
13652927
13652928
13652929
13652930
13652931
13652932
13652937
13652938
13652939
13652940
13652949
13652950
13653000
13653001
13653002
13653003
13653004
13653005
13653006
13653011
13653012
13653013
13653014
13653015
13653016
13653017
13653018
13653019
13653020
13653021
13653022
13653028
13653029
13653030
13653039
13653040
13653090
13653091
13653092
13653093
13653094
13653095
13653096
13653101
13653102
13653103
13653104
13653105
13653106
13653107
13653108
13653109
13653110
13653111
13653120
13653129
13653130
13653180
13653181
13653182
13653183
13653184
13653185
13653186
13653191
13653192
13653193
13653194
13653195
13653196
13653198
13653199
13653207
13653219
13653220
13653270
13653271
13653272
13653273
13653274
13653275
13653276
13653281
13653282
13653283
13653296
13653297
13653298
13653309
13653310
13653360
13653361
13653362
13653363
13653364
13653365
13653366
13653386
13653387
13653388
13653389
13653390
13653399
13653400
13653450
13653451
13653452
13653453
13653454
13653455
13653456
13653472
13653476
13653477
13653478
13653479
13653480
13653540
13653541
13653542
13653543
13653544
13653545
13653546
13653551
13653557
13653560
13653561
13653562
13653566
13653567
13653568
13653569
13653570
13653630
13653632
13653633
13653634
13653635
13653636
13653641
13653647
13653648
13653649
13653650
13653651
13653652
13653656
13653657
13653658
13653659
13653660
13653720
13653722
13653723
13653724
13653725
13653726
13653731
13653733
13653734
13653735
13653736
13653737
13653738
13653739
13653740
13653741
13653742
13653746
13653747
13653748
13653750
13653810
13653812
13653813
13653821
13653822
13653823
13653824
13653825
13653826
13653827
13653828
13653829
13653830
13653831
13653832
13653836
13653837
13653838
13653840
13653900
13653901
13653902
13653911
13653912
13653913
13653914
13653916
13653917
13653918
13653919
13653920
13653921
13653922
13653927
13653928
13653939
13653940
13653990
13653991
13653992
13653993
13653994
13653995
13653996
13654001
13654002
13654003
13654004
13654005
13654006
13654008
13654009
13654010
13654011
13654012
13654017
13654018
13654019
13654020
13654029
13654030
13654080
13654082
13654083
13654084
13654085
13654086
13654091
13654092
13654093
13654094
13654095
13654096
13654097
13654098
13654099
13654100
13654101
13654102
13654106
13654107
13654109
13654110
13654170
13654172
13654173
13654174
13654175
13654176
13654181
13654182
13654183
13654184
13654185
13654186
13654187
13654188
13654189
13654190
13654191
13654192
13654196
13654197
13654198
13654200
13654260
13654262
13654264
13654265
13654266
13654271
13654272
13654273
13654274
13654275
13654276
13654277
13654278
13654279
13654280
13654281
13654286
13654287
13654299
13654300
13654350
13654351
13654352
13654354
13654355
13654356
13654361
13654362
13654363
13654364
13654365
13654366
13654367
13654368
13654369
13654370
13654371
13654376
13654389
13654390
13654440
13654441
13654442
13654443
13654444
13654445
13654446
13654451
13654452
13654453
13654454
13654455
13654456
13654457
13654458
13654459
13654460
13654461
13654467
13654468
13654469
13654470
13654530
13654531
13654532
13654534
13654541
13654542
13654557
13654558
13654559
13654560
13654624
13654625
13654626
13654627
13654628
13654629
13654630
13654631
13654632
13654633
13654634
13654635
13654636
13654637
13654638
13654639
13654640
13654641
13654642
13654643
13654644
13654645
13654646
13654647
13654648
13654655
13654656
13654657
13654658
13654659
13654660
13654661
13654668
13654669
13654670
13654671
13654675
13654677
13654679
13654714
13654715
13654716
13654717
13654718
13654719
13654720
13654721
13654722
13654723
13654724
13654725
13654726
13654727
13654728
13654729
13654730
13654731
13654732
13654733
13654734
13654736
13654737
13654738
13654739
13654740
13654741
13654742
13654743
13654744
13654745
13654746
13654747
13654748
13654749
13654750
13654751
13654752
13654753
13654754
13654755
13654756
13654757
13654758
13654759
13654760
13654769
13654800
13654801
13654802
13654803
13654804
13654890
13654891
13654892
13654893
13654894
13684336
13684337
13684338
13699728
13699729
13699730
13699731
13699759
13699891
13699892
13699981
13699982
13700071
13700072
13700161
13700162
13700251
13700431
13700432
13700611
13700612
13700701
13700702
13700791
13700792
13700881
13700882
13701362
13701451
13701452
13702051
13702141
13702231
13702321
13702322
13702411
13702412
13702501
13702502
13702591
13702592
13702951
13703041
13703220
13703221
13703222
13703223
13703224
13703240
13703241
13703242
13703243
13703271
13703310
13703311
13703312
13703313
13703314
13703400
13703401
13703402
13703403
13703404
13732920
13732937
13781537
13781538
13830137
13878720
14525968
14526058
14526059
14574568
14574658
14574659
14623078
14623168
14623170
14623258
14623259
14671768
14671858
14671859
15497563
15497564
15497653
15497758
15501330
15501331
15501332
15501333
15501334
15501420
15501421
15501422
15501423
15501424
15501510
15501511
15501512
15501513
15501514
15501542
15501543
15501544
15501545
15501614
15501615
15545987
15546075
15546076
15546078
15546161
15546167
15546168
15546255
15546256
15546257
15546258
15546259
15546260
15546268
15546341
15546342
15546343
15546344
15546420
15546421
15546425
15546426
15546434
15546435
15546436
15546441
15546443
15546445
15546446
15546448
15546451
15546510
15546511
15546514
15546515
15546516
15546517
15546518
15546519
15546520
15546521
15546522
15546523
15546524
15546525
15546526
15546527
15546528
15546531
15546534
15546535
15546536
15546537
15546538
15546540
15546600
15546601
15546602
15546627
15546690
15546691
15546719
15546722
15546724
15546780
15546781
15546791
15546795
15546806
15546807
15546808
15546810
15546813
15546870
15546871
15546881
15546882
15546884
15546885
15546886
15546896
15546898
15546899
15546900
15546903
15546960
15546961
15546962
15546971
15546972
15546974
15546975
15546976
15546989
15546991
15546992
15547050
15547051
15547052
15547053
15547061
15547062
15547064
15547065
15547066
15547076
15547077
15547080
15547081
15547140
15547141
15547142
15547151
15547152
15547153
15547154
15547155
15547166
15547167
15547169
15547170
15547230
15547231
15547232
15547241
15547242
15547243
15547244
15547246
15547256
15547257
15547259
15547260
15547261
15547262
15547320
15547321
15547346
15547349
15547350
15547351
15547352
15547410
15547411
15547412
15547421
15547422
15547424
15547425
15547426
15547436
15547441
15547442
15547468
15547500
15547501
15547502
15547511
15547512
15547514
15547515
15547516
15547526
15547527
15547530
15547531
15547558
15547590
15547591
15547601
15547602
15547603
15547604
15547605
15547606
15547616
15547619
15547620
15547622
15547648
15547680
15547681
15547682
15547691
15547692
15547693
15547694
15547695
15547696
15547706
15547709
15547711
15547712
15547738
15547770
15547771
15547781
15547784
15547796
15547797
15547801
15547860
15547861
15547864
15547867
15547871
15547872
15547874
15547875
15547876
15547889
15547890
15547891
15547894
15547901
15547918
15547950
15547951
15547952
15547953
15547954
15547962
15547964
15547965
15547977
15547980
15547981
15547982
15548008
15548040
15548041
15548043
15548044
15548046
15548068
15548070
15548072
15548081
15548130
15548131
15548134
15548135
15548136
15548141
15548142
15548144
15548145
15548146
15548147
15548148
15548149
15548150
15548151
15548157
15548158
15548162
15548171
15548220
15548221
15548222
15548223
15548224
15548225
15548226
15548227
15548231
15548232
15548234
15548235
15548236
15548237
15548238
15548239
15548240
15548241
15548250
15548252
15548254
15548278
15548310
15548311
15548312
15548322
15548323
15548324
15548329
15548330
15548331
15548336
15548337
15548342
15548351
15548368
15548400
15548401
15548411
15548412
15548413
15548415
15548416
15548420
15548421
15548427
15548428
15548429
15548434
15548441
15548458
15548490
15548491
15548501
15548502
15548503
15548504
15548505
15548506
15548507
15548508
15548509
15548510
15548511
15548517
15548519
15548520
15548521
15548531
15548548
15548580
15548581
15548582
15548583
15548591
15548592
15548593
15548594
15548595
15548596
15548601
15548607
15548609
15548610
15548611
15548612
15548613
15548638
15548670
15548671
15548672
15548681
15548682
15548683
15548684
15548685
15548686
15548696
15548697
15548703
15548704
15548711
15548728
15548760
15548761
15548762
15548765
15548766
15548771
15548772
15548773
15548774
15548775
15548776
15548788
15548789
15548790
15548793
15548801
15548818
15548850
15548851
15548852
15548865
15548866
15548878
15548880
15548881
15548882
15548891
15548908
15548940
15548941
15548942
15548955
15548956
15548966
15548967
15548968
15548970
15548972
15548973
15548981
15549030
15549031
15549032
15549041
15549042
15549044
15549045
15549046
15549058
15549059
15549060
15549062
15549063
15549064
15549071
15549120
15549121
15549131
15549132
15549134
15549135
15549136
15549148
15549150
15549151
15549152
15549154
15549161
15549210
15549211
15549212
15549221
15549222
15549224
15549225
15549226
15549236
15549237
15549238
15549240
15549242
15549244
15549251
15549300
15549301
15549302
15549311
15549312
15549314
15549315
15549316
15549326
15549327
15549329
15549330
15549331
15549332
15549333
15549334
15549390
15549391
15549392
15549394
15549395
15549401
15549402
15549404
15549405
15549406
15549416
15549417
15549419
15549420
15549421
15549422
15549423
15549424
15549480
15549481
15549482
15549484
15549485
15549491
15549492
15549495
15549496
15549506
15549507
15549509
15549510
15549511
15549512
15549513
15549514
15549521
15549570
15549571
15549572
15549575
15549581
15549582
15549584
15549585
15549586
15549597
15549599
15549600
15549601
15549602
15549603
15549604
15549611
15549660
15549661
15549662
15549665
15549671
15549672
15549674
15549675
15549676
15549686
15549687
15549689
15549690
15549691
15549692
15549693
15549694
15549750
15549751
15549761
15549762
15549764
15549765
15549766
15549776
15549777
15549780
15549781
15549782
15549783
15549784
15549840
15549841
15549851
15549852
15549854
15549855
15549856
15549866
15549867
15549870
15549871
15549872
15549873
15549874
15549881
15549930
15549931
15549932
15549933
15549934
15549941
15549942
15549944
15549945
15549946
15549956
15549957
15549959
15549960
15549961
15549962
15549963
15549964
15550024
15550025
15550026
15550027
15550028
15550029
15550030
15550031
15550032
15550033
15550034
15550035
15550036
15550037
15550041
15550042
15550043
15550044
15550045
15550046
15550047
15550048
15550049
15550050
15550051
15550052
15550053
15550057
15550059
15550110
15550111
15550112
15550113
15550114
15550115
15550116
15550117
15550118
15550119
15550120
15550121
15550122
15550123
15550124
15550125
15550126
15550127
15550128
15550129
15550130
15550131
15550132
15550133
15550134
15550135
15550136
15550137
15550138
15550139
15550140
15550141
15550142
15550143
15550144
15550145
15550146
15550147
15550148
15550149
15550150
15550151
15550152
15550155
15550156
15550157
15550200
15550201
15550202
15550203
15550204
15550209
15550210
15550211
15550212
15550213
15550214
15550215
15550299
15550300
15550301
15550302
15550303
15550304
15594667
15594668
15594750
15594751
15594752
15594753
15594755
15594756
15594757
15594840
15594841
15594842
15594843
15594844
15594845
15594846
15594847
15594848
15594855
15594856
15594857
15594858
15594866
15595110
15595111
15595113
15595114
15595115
15595116
15595117
15595118
15595119
15595120
15595121
15595123
15595124
15595125
15595126
15595127
15595130
15595131
15595133
15595134
15595135
15595136
15595138
15595140
15595141
15595202
15595212
15595226
15595290
15595291
15595292
15595302
15595303
15595304
15595380
15595382
15595392
15595406
15595409
15595470
15595472
15595473
15595482
15595483
15595484
15595496
15595498
15595499
15595511
15595562
15595563
15595573
15595574
15595588
15595589
15595652
15595653
15595663
15595664
15595666
15595676
15595678
15595679
15595684
15595740
15595741
15595742
15595752
15595756
15595766
15595767
15595768
15595769
15595830
15595832
15595833
15595834
15595843
15595844
15595856
15595857
15595858
15595859
15595871
15595920
15595933
15595934
15595948
15595949
15595954
15595961
15595962
15595979
15596010
15596012
15596013
15596014
15596023
15596024
15596038
15596039
15596068
15596069
15596102
15596113
15596114
15596126
15596129
15596141
15596158
15596190
15596191
15596193
15596194
15596195
15596196
15596203
15596216
15596218
15596219
15596220
15596221
15596222
15596248
15596249
15596282
15596283
15596284
15596285
15596286
15596287
15596293
15596294
15596308
15596314
15596321
15596338
15596370
15596371
15596372
15596373
15596374
15596375
15596376
15596377
15596396
15596411
15596412
15596429
15596460
15596462
15596463
15596464
15596465
15596466
15596486
15596488
15596489
15596494
15596518
15596550
15596576
15596579
15596584
15596591
15596592
15596608
15596640
15596642
15596643
15596645
15596646
15596653
15596654
15596656
15596666
15596672
15596681
15596698
15596699
15596732
15596737
15596743
15596746
15596750
15596751
15596756
15596761
15596764
15596788
15596820
15596821
15596822
15596823
15596824
15596825
15596826
15596827
15596841
15596861
15596862
15596878
15596879
15596910
15596912
15596913
15596914
15596915
15596916
15596917
15596936
15596944
15596951
15596968
15597000
15597002
15597003
15597004
15597005
15597006
15597007
15597021
15597026
15597041
15597042
15597058
15597059
15597090
15597092
15597094
15597095
15597096
15597097
15597103
15597116
15597118
15597119
15597148
15597149
15597182
15597196
15597198
15597199
15597200
15597201
15597206
15597208
15597209
15597221
15597238
15597272
15597286
15597296
15597311
15597312
15597328
15597329
15597360
15597361
15597362
15597363
15597364
15597365
15597366
15597367
15597373
15597374
15597376
15597386
15597418
15597450
15597451
15597452
15597453
15597454
15597455
15597456
15597457
15597463
15597464
15597476
15597491
15597492
15597508
15597540
15597542
15597543
15597544
15597545
15597546
15597547
15597552
15597553
15597554
15597556
15597566
15597568
15597569
15597570
15597571
15597630
15597632
15597643
15597644
15597646
15597671
15597672
15597720
15597722
15597731
15597733
15597734
15597736
15597746
15597754
15597810
15597812
15597814
15597815
15597822
15597836
15597837
15597838
15597839
15597851
15597902
15597903
15597904
15597905
15597906
15597907
15597912
15597914
15597916
15597926
15597927
15597928
15597929
15597941
15597942
15597990
15597992
15597993
15597994
15597995
15597996
15598002
15598004
15598006
15598016
15598017
15598018
15598019
15598080
15598082
15598083
15598084
15598085
15598086
15598087
15598091
15598092
15598093
15598094
15598096
15598106
15598107
15598108
15598109
15598112
15598113
15598122
15598170
15598172
15598173
15598174
15598175
15598176
15598177
15598182
15598183
15598184
15598186
15598197
15598198
15598199
15598262
15598263
15598264
15598265
15598266
15598271
15598272
15598273
15598274
15598286
15598287
15598288
15598289
15598352
15598353
15598354
15598355
15598356
15598361
15598362
15598363
15598364
15598366
15598376
15598377
15598378
15598379
15598391
15598392
15598442
15598451
15598452
15598453
15598454
15598456
15598466
15598467
15598468
15598469
15598481
15598541
15598542
15598543
15598544
15598545
15598546
15598556
15598558
15598559
15598560
15598561
15598562
15598563
15598564
15598571
15598572
15598644
15598646
15598662
15598663
15598668
15598669
15598710
15598711
15598712
15598713
15598714
15598715
15598716
15598717
15598718
15598719
15598720
15598721
15598722
15598723
15598724
15598725
15598726
15598727
15598728
15598729
15598730
15598731
15598732
15598733
15598734
15598735
15598736
15598737
15598738
15598739
15598740
15598741
15598742
15598743
15598744
15598745
15598746
15598747
15598749
15598750
15598751
15598755
15598814
15598815
15598899
15598900
15598901
15598902
15598903
15598904
15643441
15643442
15643445
15643446
15643447
15643448
15643449
15643458
15643459
15643649
15643711
15643739
15643826
15643890
15643891
15643980
15644014
15644097
15644111
15644163
15644252
15644276
15644340
15644341
15644366
15644367
15644374
15644430
15644432
15644523
15644546
15644547
15644554
15644561
15644562
15644579
15644610
15644612
15644613
15644644
15644702
15644726
15644734
15644817
15644824
15644832
15644848
15644849
15644887
15644906
15644914
15644970
15644971
15644983
15644984
15644997
15645012
15645029
15645060
15645073
15645074
15645157
15645164
15645177
15645191
15645192
15645247
15645253
15645274
15645299
15645350
15645351
15645356
15645371
15645388
15645420
15645421
15645427
15645447
15645461
15645462
15645479
15645510
15645544
15645551
15645626
15645627
15645641
15645642
15645658
15645659
15645696
15645697
15645749
15645787
15645796
15645797
15645798
15645799
15645800
15645814
15645821
15645838
15645886
15645911
15645912
15645928
15645929
15645967
15645976
15645986
15645994
15646001
15646018
15646050
15646051
15646057
15646066
15646077
15646084
15646091
15646092
15646140
15646142
15646143
15646144
15646145
15646146
15646147
15646156
15646174
15646230
15646232
15646246
15646257
15646264
15646271
15646272
15646320
15646322
15646323
15646336
15646412
15646413
15646414
15646423
15646424
15646436
15646451
15646506
15646507
15646513
15646514
15646516
15646526
15646527
15646534
15646541
15646542
15646590
15646591
15646602
15646603
15646604
15646606
15646616
15646618
15646619
15646680
15646696
15646706
15646707
15646714
15646722
15646770
15646786
15646804
15646876
15646894
15646952
15646953
15646954
15646955
15646956
15646966
15646977
15646984
15646992
15647044
15647045
15647053
15647054
15647056
15647066
15647142
15647143
15647144
15647145
15647146
15647156
15647158
15647159
15647160
15647161
15647162
15647163
15647171
15647172
15647232
15647237
15647262
15647310
15647311
15647312
15647313
15647324
15647325
15647326
15647327
15647334
15647335
15647336
15647337
15647338
15647339
15647340
15647341
15647351
15647352
15647353
15647354
15647355
15647358
15647410
15647414
15691951
15692041
15692042
15692043
15692046
15692047
15692048
15692049
15692055
15692056
15692057
15692058
15692059
15692144
15692145
15692157
15692311
15692327
15692401
15692517
15692696
15692697
15692711
15692853
15692891
15692966
15692967
15692974
15693071
15693121
15693123
15693124
15693146
15693147
15693154
15693161
15693179
15693213
15693334
15693341
15693397
15693448
15693449
15693514
15693521
15693577
15693597
15693612
15693629
15693776
15693777
15693791
15693792
15693899
15693964
15693988
15694027
15694046
15694047
15694061
15694062
15694078
15694079
15694117
15694207
15694241
15694242
15694258
15694259
15694296
15694297
15694306
15694308
15694309
15694324
15694349
15694396
15694406
15694414
15694421
15694477
15694486
15694511
15694512
15694528
15694529
15694567
15694576
15694586
15694594
15694601
15694618
15694666
15694676
15694677
15694684
15694692
15694741
15694742
15694743
15694744
15694745
15694746
15694756
15694774
15694846
15694857
15694864
15694872
15694923
15694936
15694947
15694954
15694962
15695026
15695044
15695106
15695116
15695127
15695142
15695206
15695231
15695296
15695307
15695314
15695321
15695386
15695397
15695404
15695412
15695476
15695486
15695553
15695554
15695555
15695556
15695566
15695576
15695577
15695592
15695644
15695645
15695652
15695654
15695656
15695741
15695742
15695758
15695759
15695760
15695761
15695762
15695772
15695831
15695834
15695838
15695861
15695862
15695868
15695910
15695911
15695912
15695913
15695924
15695927
15695928
15695934
15695935
15695936
15695937
15695938
15695939
15695940
15695941
15695951
15695955
15695958
15695959
15740641
15740642
15740643
15740644
15740645
15740646
15740647
15740654
15740829
15740840
15740920
15740921
15740929
15741116
15741117
15741296
15741297
15741311
15741363
15741387
15741453
15741476
15741574
15741633
15741746
15741747
15741754
15741761
15741762
15741779
15741926
15741997
15742017
15742032
15742048
15742049
15742106
15742114
15742177
15742196
15742197
15742211
15742212
15742229
15742376
15742377
15742384
15742391
15742392
15742408
15742447
15742467
15742499
15742537
15742571
15742588
15742654
15742662
15742678
15742679
15742717
15742827
15742841
15742842
15742859
15742897
15742906
15742907
15742908
15742909
15742910
15742987
15742996
15742997
15743021
15743038
15743077
15743086
15743112
15743129
15743176
15743186
15743194
15743201
15743218
15743266
15743276
15743277
15743284
15743291
15743292
15743343
15743344
15743345
15743346
15743347
15743356
15743382
15743446
15743456
15743457
15743472
15743536
15743547
15743562
15743610
15743626
15743636
15743644
15743700
15743705
15743706
15743716
15743726
15743727
15743742
15743790
15743806
15743896
15743907
15743921
15743922
15743986
15743997
15744076
15744101
15744153
15744155
15744156
15744166
15744177
15744191
15744192
15744244
15744245
15744254
15744256
15744341
15744342
15744343
15744357
15744358
15744359
15744360
15744361
15744362
15744364
15744372
15744439
15744440
15744447
15744460
15744462
15744510
15744511
15744512
15744513
15744524
15744525
15744528
15744529
15744530
15744534
15744535
15744536
15744537
15744540
15744541
15744550
15744554
15744555
15789243
15789244
15789248
15789249
15789258
15789429
15789440
15789441
15789626
15789896
15789897
15789987
15790053
15790054
15790143
15790173
15790346
15790347
15790354
15790361
15790379
15790534
15790616
15790617
15790632
15790648
15790649
15790687
15790706
15790707
15790714
15790777
15790786
15790797
15790811
15790812
15790829
15790876
15790887
15790894
15790976
15790977
15790991
15790992
15791008
15791059
15791067
15791072
15791073
15791099
15791146
15791157
15791164
15791171
15791188
15791227
15791232
15791235
15791236
15791237
15791238
15791249
15791250
15791262
15791278
15791279
15791317
15791322
15791325
15791326
15791328
15791336
15791340
15791341
15791351
15791368
15791407
15791412
15791416
15791427
15791441
15791442
15791459
15791496
15791502
15791504
15791505
15791506
15791507
15791508
15791509
15791510
15791511
15791522
15791523
15791549
15791587
15791592
15791595
15791596
15791606
15791607
15791638
15791677
15791682
15791686
15791697
15791712
15791729
15791767
15791772
15791775
15791776
15791801
15791818
15791862
15791864
15791865
15791866
15791876
15791877
15791891
15791892
15791943
15791945
15791946
15791947
15791952
15791956
15791982
15792045
15792046
15792056
15792057
15792071
15792072
15792135
15792136
15792147
15792162
15792210
15792225
15792226
15792236
15792305
15792306
15792315
15792326
15792342
15792390
15792406
15792416
15792496
15792506
15792507
15792521
15792522
15792586
15792597
15792612
15792671
15792672
15792676
15792686
15792687
15792751
15792753
15792754
15792755
15792756
15792762
15792766
15792777
15792792
15792841
15792852
15792867
15792881
15792942
15792957
15792962
15792964
15792971
15792972
15793028
15793029
15793034
15793040
15793041
15793051
15793058
15793062
15793110
15793111
15793112
15793113
15793118
15793119
15793120
15793124
15793125
15793130
15793131
15793137
15793142
15793148
15793149
15793155
15837846
15838117
15838131
15838226
15838317
15838414
15838504
15838511
15838677
15838745
15838767
15838857
15838946
15838947
15838954
15838961
15838979
15839037
15839044
15839126
15839127
15839141
15839197
15839208
15839209
15839210
15839211
15839217
15839232
15839248
15839287
15839298
15839299
15839300
15839301
15839307
15839321
15839388
15839396
15839397
15839404
15839412
15839429
15839487
15839494
15839557
15839566
15839577
15839591
15839592
15839608
15839656
15839657
15839658
15839659
15839660
15839667
15839699
15839746
15839756
15839757
15839760
15839764
15839788
15839836
15839847
15839849
15839850
15839862
15839878
15839879
15839926
15839937
15839939
15839968
15840016
15840027
15840031
15840041
15840042
15840059
15840097
15840106
15840121
15840122
15840123
15840149
15840187
15840196
15840206
15840207
15840212
15840213
15840221
15840277
15840286
15840296
15840297
15840301
15840302
15840303
15840329
15840367
15840376
15840386
15840391
15840392
15840393
15840401
15840457
15840466
15840481
15840482
15840483
15840491
15840492
15840543
15840544
15840545
15840546
15840547
15840555
15840569
15840570
15840571
15840573
15840582
15840646
15840656
15840657
15840660
15840661
15840663
15840671
15840672
15840736
15840747
15840749
15840750
15840762
15840826
15840836
15840839
15840841
15840851
15840904
15840905
15840906
15840907
15840916
15840927
15840930
15840931
15840941
15840942
15841006
15841016
15841021
15841022
15841023
15841106
15841107
15841108
15841111
15841112
15841113
15841122
15841186
15841197
15841200
15841201
15841202
15841203
15841212
15841272
15841273
15841276
15841287
15841288
15841289
15841290
15841291
15841292
15841293
15841352
15841354
15841355
15841356
15841362
15841363
15841364
15841365
15841366
15841377
15841378
15841379
15841380
15841381
15841382
15841383
15841392
15841441
15841452
15841453
15841454
15841455
15841456
15841467
15841468
15841469
15841470
15841471
15841472
15841473
15841542
15841544
15841545
15841546
15841557
15841559
15841564
15841572
15841627
15841628
15841641
15841657
15841658
15841662
15841710
15841711
15841712
15841713
15841717
15841718
15841724
15841725
15841731
15841737
15841738
15841742
15841747
15841748
15841755
15886627
15886712
15886916
15886917
15887074
15887096
15887097
15887104
15887111
15887187
15887284
15887367
15887374
15887546
15887547
15887554
15887561
15887579
15887644
15887726
15887817
15887832
15887906
15888012
15888028
15888029
15888157
15888176
15888177
15888184
15888191
15888192
15888208
15888246
15888256
15888258
15888259
15888260
15888267
15888299
15888346
15888356
15888364
15888388
15888436
15888446
15888447
15888462
15888478
15888479
15888526
15888568
15888616
15888642
15888659
15888706
15888787
15888806
15888821
15888877
15888886
15888896
15888897
15888912
15888929
15888967
15888976
15888986
15889001
15889018
15889057
15889066
15889076
15889077
15889091
15889092
15889145
15889146
15889147
15889156
15889182
15889246
15889256
15889257
15889271
15889272
15889336
15889347
15889362
15889426
15889436
15889439
15889451
15889504
15889505
15889506
15889507
15889516
15889526
15889527
15889528
15889541
15889542
15889606
15889616
15889618
15889691
15889696
15889706
15889707
15889722
15889786
15889797
15889876
15889886
15889951
15889956
15889957
15889966
15889992
15890041
15890044
15890045
15890052
15890053
15890054
15890056
15890142
15890172
15890226
15890227
15890232
15890234
15890242
15890247
15890251
15890256
15890257
15890262
15890310
15890311
15890312
15890313
15890316
15890317
15890324
15890325
15890338
15890341
15890342
15890346
15890347
15890355
15935312
15935524
15935673
15935674
15935697
15935711
15935876
15935966
15935967
15936064
15936147
15936154
15936161
15936179
15936326
15936334
15936358
15936416
15936417
15936432
15936596
15936597
15936612
15936777
15936791
15936792
15936808
15936856
15936857
15936858
15936859
15936860
15936874
15936899
15936946
15936956
15936971
15936988
15937036
15937046
15937047
15937062
15937079
15937126
15937144
15937168
15937216
15937226
15937227
15937242
15937259
15937306
15937349
15937396
15937421
15937486
15937512
15937529
15937576
15937586
15937601
15937666
15937676
15937677
15937692
15937708
15937746
15937756
15937846
15937871
15937872
15937936
15937962
15938026
15938036
15938051
15938104
15938105
15938116
15938126
15938127
15938141
15938142
15938194
15938195
15938196
15938197
15938206
15938231
15938232
15938284
15938296
15938307
15938321
15938322
15938375
15938376
15938386
15938412
15938466
15938476
15938501
15938550
15938551
15938552
15938556
15938566
15938576
15938577
15938591
15938592
15938640
15938641
15938652
15938653
15938654
15938655
15938656
15938757
15938762
15938763
15938772
15938825
15938826
15938832
15938847
15938849
15938850
15938855
15938856
15938862
15938910
15938911
15938912
15938913
15938915
15938916
15938924
15938925
15938939
15938940
15938942
15938945
15938946
15938955
15983824
15983914
15983917
15983918
15983921
15984296
15984297
15984311
15984387
15984567
15984746
15984747
15984779
15984844
15984869
15984926
15984958
15985016
15985017
15985049
15985106
15985196
15985197
15985204
15985212
15985229
15985376
15985377
15985392
15985456
15985457
15985458
15985459
15985460
15985461
15985467
15985546
15985564
15985571
15985636
15985661
15985662
15985679
15985726
15985736
15985816
15985826
15985827
15985842
15985858
15985859
15985906
15985949
15985996
15986006
15986021
15986038
15986097
15986129
15986176
15986186
15986201
15986266
15986276
15986277
15986308
15986309
15986356
15986446
15986456
15986457
15986471
15986472
15986536
15986547
15986626
15986636
15986651
15986716
15986726
15986727
15986742
15986806
15986896
15986921
15986922
15986986
15987012
15987076
15987086
15987101
15987166
15987191
15987192
15987240
15987241
15987252
15987253
15987254
15987255
15987256
15987281
15987357
15987359
15987360
15987361
15987362
15987363
15987371
15987372
15987422
15987424
15987444
15987445
15987449
15987451
15987452
15987453
15987454
15987456
15987457
15987458
15987459
15987460
15987461
15987463
15987464
15987465
15987466
15987469
15987471
15987510
15987511
15987512
15987513
15987514
15987536
15987538
15987539
15987540
15987541
15987542
15987543
15987544
15987545
15987546
15987547
15987548
15987549
15987550
15987551
15987552
15987553
15987554
15987555
15987556
15987557
15987558
15987560
16032517
16032518
16032519
16032520
16032521
16032530
16032611
16032701
16032716
16032717
16032791
16032806
16032807
16032814
16032881
16032896
16032971
16032986
16032987
16033061
16033076
16033084
16033091
16033151
16033166
16033167
16033241
16033256
16033257
16033264
16033331
16033346
16033347
16033378
16033421
16033436
16033437
16033444
16033451
16033511
16033526
16033534
16033558
16033601
16033616
16033617
16033648
16033649
16033691
16033706
16033707
16033738
16033781
16033797
16033811
16033812
16033828
16033829
16033871
16033886
16033887
16033901
16033918
16033961
16033976
16033977
16033991
16033992
16034051
16034056
16034057
16034058
16034059
16034060
16034061
16034066
16034067
16034082
16034098
16034099
16034141
16034146
16034157
16034171
16034188
16034231
16034236
16034246
16034247
16034261
16034262
16034279
16034326
16034336
16034337
16034351
16034416
16034426
16034427
16034442
16034458
16034506
16034516
16034517
16034531
16034548
16034549
16034596
16034621
16034638
16034686
16034696
16034697
16034711
16034712
16034728
16034776
16034786
16034787
16034801
16034818
16034866
16034876
16034877
16034891
16034892
16034908
16034909
16034956
16034966
16034967
16034981
16034982
16034998
16035046
16035056
16035057
16035071
16035072
16035088
16035136
16035146
16035147
16035161
16035162
16035178
16035226
16035236
16035237
16035251
16035252
16035311
16035316
16035326
16035327
16035341
16035342
16035401
16035406
16035416
16035417
16035431
16035432
16035491
16035496
16035506
16035507
16035521
16035522
16035581
16035586
16035596
16035597
16035611
16035612
16035676
16035686
16035701
16035752
16035766
16035777
16035791
16035792
16035840
16035841
16035852
16035854
16035855
16035866
16035867
16035869
16035881
16035882
16035941
16035942
16035956
16035957
16035960
16035961
16035962
16035963
16035971
16035972
16036022
16036023
16036024
16036025
16036031
16036032
16036034
16036039
16036040
16036042
16036043
16036045
16036046
16036047
16036049
16036051
16036052
16036053
16036054
16036055
16036056
16036057
16036058
16036059
16036060
16036061
16036062
16036063
16036064
16036065
16036066
16036067
16036068
16036069
16036070
16036071
16036072
16036110
16036111
16036112
16036113
16036114
16036115
16036116
16036117
16036118
16036119
16036120
16036121
16036122
16036125
16036128
16036131
16036132
16036133
16036134
16036135
16036137
16036138
16036139
16036140
16036141
16036143
16036144
16036145
16036147
16036148
16036149
16036150
16036151
16036152
16036153
16036154
16036157
16036158
16036159
16036160
16036161
16036200
16036201
16082162
16082342
16082343
16082522
16082792
16082882
16084440
16084441
16084442
16084443
16084444
16084530
16084531
16084532
16084534
16084622
16084640
16084641
16084642
16084643
16084652
16084653
16084654
16084655
16084656
16084670
16084671
16084672
16084710
16084711
16084800
16178767
16178768
16178769
16178770
16178771
16178792
16178804
16178805
16178806
16178807
16179035
16179036
16179040
16179041
16179062
16179066
16179069
16179070
16179073
16179074
16179131
16179152
16179159
16179163
16179164
16179165
16179166
16179167
16179168
16227365
16227366
16227367
16227455
16227456
16227457
16227458
16227459
16227460
16227461
16227546
16227547
16227548
16227549
16227550
16227724
16227731
16227751
16227752
16227753
16227754
16227756
16227757
16227758
16227759
16227760
16227761
16227762
16227763
16227764
16227765
16227766
16227767
16227768
16227769
16227770
16227839
16227929
16228019
16228109
16228199
16228469
16228649
16228739
16228919
16229009
16229010
16229099
16229100
16229190
16229280
16229370
16229460
16229461
16229550
16229551
16229639
16229640
16229641
16229729
16229819
16229820
16229909
16229910
16229999
16230000
16230089
16230090
16230179
16230180
16230270
16230360
16230449
16230539
16230540
16230629
16230630
16230719
16230720
16230809
16230810
16230899
16230900
16230989
16230990
16231079
16231080
16231169
16231170
16231259
16231260
16231350
16231440
16231529
16231530
16231619
16231620
16231709
16231710
16231799
16231800
16231889
16231890
16231979
16231980
16232069
16232070
16232159
16232160
16232249
16232250
16232340
16276329
16276331
16276351
16276353
16276356
16276357
16276358
16276359
16276360
16276361
16276362
16276363
16276364
16276365
16276366
16276367
16276368
16276369
16276370
16276619
16277430
16277520
16277610
16277700
16277790
16277880
16277970
16278060
16278960
16279320
16279500
16279770
16324924
16324925
16324926
16324929
16324931
16324945
16324950
16324952
16324955
16324956
16324957
16324958
16324959
16324960
16324961
16324962
16324964
16324965
16324966
16324967
16324968
16324969
16324970
16324971
16324975
16325014
16325015
16325016
16325017
16325018
16325019
16325021
16325035
16325036
16325037
16325039
16325040
16325041
16325042
16325044
16325046
16325047
16325048
16325049
16325050
16325052
16325054
16325055
16325056
16325057
16325058
16325059
16325060
16325066
16325105
16325106
16325107
16325108
16325111
16325125
16325126
16325127
16325128
16325129
16325130
16325131
16325132
16325133
16325134
16325137
16325138
16325139
16325140
16325141
16325142
16325143
16325144
16325145
16325146
16325147
16325148
16325149
16325150
16325154
16325156
16325157
16325158
16325194
16325195
16325196
16325197
16325198
16325199
16325200
16325201
16325215
16325217
16325218
16325219
16325220
16325221
16325222
16325224
16325230
16325231
16325233
16325234
16325235
16325236
16325237
16325238
16325239
16325240
16325242
16325243
16325244
16325251
16325284
16325285
16325286
16325287
16325288
16325289
16325290
16325291
16325302
16325303
16325304
16325306
16325307
16325308
16325309
16325310
16325311
16325312
16325313
16325314
16325315
16325316
16325317
16325318
16325322
16325323
16325325
16325326
16325327
16325328
16325329
16325330
16325335
16325336
16325337
16325340
16325341
16325374
16325375
16325376
16325377
16325378
16325379
16325380
16325381
16325388
16325389
16325390
16325391
16325392
16325393
16325394
16325395
16325396
16325397
16325399
16325400
16325401
16325405
16325406
16325407
16325409
16325411
16325413
16325415
16325416
16325417
16325418
16325419
16325422
16325423
16325424
16325427
16325428
16325432
16325464
16325465
16325466
16325467
16325468
16325469
16325470
16325471
16325473
16325474
16325475
16325476
16325477
16325478
16325479
16325480
16325481
16325482
16325483
16325484
16325485
16325486
16325488
16325489
16325490
16325491
16325494
16325495
16325496
16325498
16325499
16325501
16325502
16325504
16325505
16325506
16325507
16325508
16325509
16325514
16325516
16325517
16325519
16325520
16325521
16325522
16325554
16325555
16325556
16325557
16325558
16325559
16325560
16325561
16325564
16325565
16325566
16325567
16325568
16325569
16325570
16325571
16325572
16325573
16325574
16325575
16325578
16325579
16325580
16325581
16325583
16325584
16325585
16325586
16325587
16325588
16325589
16325590
16325591
16325593
16325594
16325595
16325596
16325597
16325598
16325600
16325602
16325605
16325606
16325608
16325611
16325612
16325644
16325645
16325646
16325647
16325649
16325650
16325651
16325654
16325655
16325656
16325657
16325658
16325659
16325660
16325661
16325662
16325663
16325664
16325665
16325666
16325668
16325669
16325670
16325671
16325672
16325674
16325675
16325676
16325677
16325678
16325679
16325680
16325681
16325682
16325683
16325684
16325685
16325686
16325687
16325690
16325691
16325692
16325693
16325694
16325696
16325697
16325700
16325701
16325702
16325734
16325735
16325736
16325737
16325738
16325739
16325740
16325741
16325745
16325746
16325747
16325748
16325749
16325750
16325751
16325752
16325753
16325754
16325755
16325758
16325759
16325760
16325761
16325764
16325775
16325776
16325777
16325778
16325779
16325781
16325783
16325785
16325787
16325788
16325789
16325790
16325791
16325792
16325824
16325825
16325831
16325835
16325836
16325837
16325838
16325839
16325840
16325841
16325842
16325843
16325844
16325845
16325846
16325848
16325849
16325850
16325852
16325853
16325854
16325855
16325856
16325857
16325858
16325859
16325860
16325861
16325862
16325863
16325864
16325865
16325866
16325867
16325868
16325869
16325870
16325871
16325872
16325873
16325874
16325875
16325877
16325880
16325882
16325914
16325915
16325916
16325917
16325918
16325919
16325920
16325921
16325924
16325925
16325928
16325929
16325930
16325931
16325932
16325933
16325934
16325936
16325938
16325939
16325940
16325941
16325942
16325944
16325945
16325946
16325947
16325948
16325949
16325950
16325951
16325952
16325955
16325956
16325957
16325959
16325962
16325963
16325964
16325967
16325968
16325969
16325970
16326003
16326004
16326005
16326006
16326007
16326008
16326011
16326012
16326013
16326014
16326015
16326019
16326020
16326022
16326026
16326027
16326028
16326029
16326030
16326031
16326032
16326033
16326035
16326036
16326040
16326041
16326042
16326043
16326044
16326045
16326046
16326047
16326049
16326050
16326052
16326054
16326055
16326056
16326058
16326059
16326061
16326062
16326093
16326095
16326096
16326097
16326098
16326099
16326100
16326102
16326103
16326104
16326105
16326106
16326107
16326108
16326109
16326110
16326111
16326112
16326113
16326114
16326115
16326116
16326118
16326119
16326120
16326121
16326122
16326123
16326124
16326125
16326126
16326127
16326128
16326129
16326130
16326131
16326132
16326133
16326134
16326135
16326137
16326138
16326139
16326140
16326142
16326143
16326144
16326145
16326146
16326147
16326148
16326150
16326151
16326152
16326183
16326184
16326185
16326186
16326187
16326188
16326189
16326190
16326191
16326192
16326193
16326194
16326196
16326197
16326198
16326199
16326200
16326201
16326202
16326203
16326204
16326205
16326206
16326207
16326208
16326209
16326210
16326211
16326213
16326214
16326215
16326216
16326217
16326218
16326219
16326220
16326222
16326225
16326226
16326229
16326230
16326231
16326232
16326234
16326238
16326274
16326276
16326277
16326278
16326279
16326280
16326281
16326282
16326283
16326284
16326285
16326286
16326287
16326288
16326289
16326290
16326291
16326292
16326293
16326294
16326295
16326296
16326297
16326298
16326299
16326300
16326301
16326302
16326304
16326315
16326316
16326364
16326365
16326366
16326367
16326368
16326369
16326370
16326371
16326373
16326374
16326375
16326376
16326377
16326378
16326379
16326380
16326381
16326382
16326383
16326384
16326385
16326386
16326387
16326388
16326389
16326390
16326391
16326392
16326393
16326394
16326398
16326399
16326400
16326401
16326403
16326404
16326405
16326406
16326412
16326455
16326457
16326458
16326459
16326460
16326461
16326463
16326464
16326465
16326466
16326467
16326468
16326469
16326470
16326471
16326472
16326473
16326474
16326475
16326476
16326477
16326478
16326479
16326480
16326481
16326482
16326483
16326484
16326486
16326487
16326488
16326489
16326490
16326491
16326495
16326496
16326497
16326498
16326499
16326500
16326501
16326502
16326503
16326504
16326505
16326545
16326546
16326547
16326553
16326554
16326555
16326556
16326557
16326558
16326559
16326560
16326561
16326562
16326563
16326564
16326565
16326566
16326567
16326568
16326569
16326570
16326571
16326576
16326577
16326578
16326579
16326580
16326582
16326583
16326586
16326597
16326633
16326634
16326635
16326636
16326637
16326638
16326639
16326640
16326643
16326644
16326645
16326646
16326647
16326648
16326649
16326650
16326651
16326653
16326654
16326655
16326656
16326657
16326658
16326659
16326660
16326661
16326662
16326663
16326664
16326665
16326666
16326667
16326668
16326669
16326670
16326671
16326672
16326673
16326674
16326675
16326676
16326677
16326678
16326679
16326680
16326681
16326682
16326683
16326684
16326685
16326686
16326689
16326690
16326691
16326720
16326721
16326722
16326723
16326724
16326726
16326727
16326728
16326729
16326730
16326731
16326732
16326733
16326734
16326735
16326736
16326737
16326739
16326740
16326741
16326742
16326743
16326744
16326747
16326748
16326749
16326750
16326751
16326752
16326753
16326754
16326755
16326756
16326757
16326758
16326759
16326760
16326761
16326762
16326763
16326765
16326766
16326767
16326768
16326769
16326770
16326771
16326772
16326773
16326774
16326775
16326779
16326810
16326811
16326812
16326813
16326814
16326816
16326817
16326818
16326819
16326820
16326821
16326822
16326823
16326824
16326825
16326826
16326827
16326828
16326829
16326830
16326833
16326834
16326835
16326836
16326837
16326839
16326840
16326841
16326842
16326843
16326844
16326845
16326846
16326847
16326848
16326849
16326850
16326852
16326853
16326854
16326856
16326857
16326858
16326861
16326862
16326863
16326864
16326865
16326866
16326867
16326868
16326869
16326870
16326900
16326901
16326903
16326904
16326905
16326906
16326907
16326908
16326909
16326910
16326911
16326912
16326913
16326914
16326915
16326916
16326917
16326918
16326919
16326920
16326921
16326923
16326925
16326926
16326927
16326928
16326929
16326930
16326931
16326932
16326933
16326934
16326935
16326936
16326937
16326938
16326941
16326942
16326943
16326944
16326945
16326947
16326948
16326950
16326952
16326953
16326954
16326955
16326956
16326957
16326958
16326959
16326990
16326991
16326992
16326993
16326994
16326995
16326996
16326997
16326998
16326999
16327000
16327001
16327002
16327003
16327004
16327005
16327006
16327007
16327008
16327009
16327010
16327011
16327012
16327013
16327014
16327015
16327017
16327018
16327019
16327020
16327021
16327022
16327023
16327024
16327025
16327026
16327027
16327028
16327029
16327030
16327032
16327033
16327034
16327035
16327036
16327037
16327038
16327039
16327042
16327043
16327044
16327045
16327046
16327047
16327048
16327049
16327080
16327081
16327082
16327083
16327084
16327085
16327086
16327087
16327088
16327089
16327090
16327091
16327092
16327093
16327094
16327095
16327096
16327097
16327098
16327099
16327100
16327101
16327102
16327103
16327104
16327105
16327106
16327107
16327109
16327110
16327111
16327112
16327113
16327114
16327115
16327116
16327117
16327118
16327119
16327120
16327121
16327123
16327124
16327125
16327126
16327127
16327128
16327129
16327130
16327132
16327133
16327134
16327135
16327136
16327137
16327138
16327170
16327171
16327172
16327173
16327174
16327175
16327176
16327177
16327178
16327179
16327182
16327183
16327184
16327185
16327186
16327187
16327188
16327189
16327190
16327191
16327192
16327193
16327194
16327195
16327196
16327197
16327198
16327199
16327200
16327201
16327202
16327203
16327204
16327205
16327206
16327207
16327208
16327209
16327210
16327211
16327212
16327214
16327216
16327217
16327218
16327219
16327220
16327221
16327222
16327223
16327224
16327225
16327226
16327227
16327228
16327260
16327261
16327262
16327263
16327264
16327268
16327269
16327270
16327271
16327272
16327273
16327274
16327275
16327278
16327279
16327280
16327281
16327282
16327283
16327284
16327285
16327286
16327287
16327288
16327289
16327290
16327291
16327292
16327293
16327295
16327296
16327297
16327298
16327299
16327300
16327301
16327302
16327303
16327304
16327305
16327306
16327307
16327308
16327309
16327310
16327311
16327312
16327313
16327314
16327315
16327316
16327317
16327351
16327352
16327353
16327354
16327355
16327357
16327358
16327359
16327360
16327361
16327362
16327363
16327365
16327366
16327368
16327369
16327370
16327371
16327372
16327373
16327374
16327375
16327376
16327377
16327378
16327379
16327380
16327381
16327382
16327383
16327384
16327385
16327386
16327387
16327388
16327389
16327390
16327391
16327392
16327393
16327394
16327395
16327396
16327397
16327398
16327399
16327400
16327401
16327402
16327403
16327404
16327405
16327406
16327407
16327440
16327441
16327442
16327443
16327444
16327445
16327446
16327447
16327448
16327449
16327450
16327451
16327452
16327453
16327454
16327455
16327456
16327457
16327458
16327459
16327460
16327461
16327463
16327464
16327465
16327466
16327467
16327468
16327469
16327471
16327472
16327474
16327475
16327476
16327477
16327478
16327479
16327480
16327481
16327482
16327483
16327484
16327485
16327486
16327487
16327488
16327489
16327490
16327491
16327492
16327493
16327494
16327495
16327496
16327530
16327531
16327532
16327533
16327534
16327535
16327536
16327537
16327538
16327539
16327540
16327541
16327542
16327543
16327544
16327545
16327546
16327547
16327548
16327549
16327550
16327551
16327552
16327553
16327555
16327556
16327557
16327558
16327559
16327560
16327561
16327562
16327563
16327565
16327566
16327567
16327568
16327569
16327570
16327571
16327572
16327573
16327574
16327575
16327577
16327578
16327579
16327580
16327581
16327582
16327583
16327584
16327585
16327620
16327621
16327622
16327623
16327624
16327625
16327626
16327627
16327628
16327629
16327630
16327631
16327632
16327633
16327634
16327635
16327636
16327637
16327638
16327639
16327640
16327641
16327642
16327643
16327644
16327646
16327647
16327648
16327649
16327651
16327652
16327653
16327654
16327656
16327657
16327659
16327660
16327661
16327662
16327663
16327664
16327665
16327666
16327667
16327668
16327669
16327670
16327671
16327672
16327673
16327674
16327675
16327710
16327711
16327712
16327713
16327714
16327715
16327716
16327717
16327718
16327719
16327720
16327721
16327722
16327723
16327724
16327725
16327726
16327727
16327728
16327729
16327730
16327731
16327732
16327733
16327734
16327735
16327738
16327739
16327740
16327742
16327743
16327744
16327745
16327747
16327748
16327750
16327751
16327752
16327753
16327754
16327755
16327756
16327757
16327758
16327759
16327760
16327761
16327762
16327763
16327764
16327800
16327801
16327802
16327803
16327804
16327805
16327806
16327807
16327808
16327809
16327810
16327811
16327812
16327813
16327814
16327815
16327816
16327817
16327818
16327819
16327820
16327821
16327822
16327823
16327824
16327825
16327826
16327827
16327829
16327830
16327831
16327832
16327833
16327834
16327835
16327836
16327837
16327838
16327839
16327840
16327841
16327842
16327843
16327844
16327845
16327846
16327847
16327848
16327849
16327850
16327851
16327852
16327853
16327854
16327890
16327891
16327892
16327893
16327897
16327899
16327900
16327901
16327906
16327907
16327908
16327909
16327910
16327911
16327912
16327913
16327914
16327915
16327916
16327917
16327918
16327919
16327920
16327921
16327922
16327923
16327924
16327925
16327926
16327927
16327928
16327929
16327930
16327931
16327932
16327933
16327934
16327935
16327936
16327937
16327938
16327939
16327940
16327941
16327942
16327943
16327980
16327981
16327984
16327985
16327986
16327987
16327988
16327989
16327990
16327991
16327992
16327993
16327994
16327995
16327998
16327999
16328000
16328001
16328002
16328003
16328004
16328005
16328006
16328007
16328008
16328011
16328012
16328013
16328014
16328015
16328016
16328017
16328018
16328019
16328020
16328021
16328022
16328023
16328024
16328025
16328026
16328027
16328028
16328029
16328030
16328031
16328032
16328033
16328070
16328071
16328072
16328073
16328074
16328075
16328076
16328077
16328078
16328079
16328080
16328081
16328082
16328083
16328084
16328085
16328086
16328087
16328090
16328091
16328092
16328093
16328094
16328095
16328096
16328097
16328098
16328099
16328100
16328101
16328102
16328103
16328104
16328105
16328106
16328107
16328108
16328109
16328110
16328111
16328112
16328113
16328114
16328115
16328116
16328117
16328118
16328119
16328120
16328122
16328160
16328161
16328162
16328163
16328164
16328165
16328166
16328167
16328168
16328169
16328170
16328171
16328172
16328173
16328174
16328175
16328176
16328177
16328178
16328179
16328181
16328182
16328183
16328184
16328185
16328186
16328187
16328188
16328189
16328190
16328191
16328192
16328193
16328194
16328195
16328196
16328197
16328198
16328199
16328200
16328201
16328202
16328203
16328204
16328205
16328206
16328207
16328208
16328209
16328210
16328211
16328250
16328251
16328252
16328253
16328254
16328255
16328256
16328257
16328258
16328259
16328260
16328261
16328262
16328263
16328264
16328265
16328266
16328267
16328268
16328269
16328270
16328272
16328273
16328274
16328275
16328276
16328277
16328278
16328279
16328280
16328281
16328282
16328283
16328284
16328285
16328286
16328287
16328288
16328289
16328290
16328291
16328292
16328293
16328294
16328295
16328296
16328297
16328298
16328299
16328300
16328301
16328340
16328341
16328342
16328343
16328354
16328355
16328356
16328357
16328358
16328359
16328360
16328361
16328363
16328364
16328365
16328366
16328367
16328368
16328369
16328370
16328373
16328374
16328375
16328376
16328377
16328378
16328379
16328380
16328381
16328382
16328383
16328384
16328385
16328386
16328387
16328388
16328389
16328390
16328430
16328431
16328435
16328436
16328437
16328438
16328439
16328440
16328441
16328442
16328443
16328446
16328447
16328448
16328449
16328450
16328451
16328452
16328454
16328455
16328456
16328457
16328458
16328459
16328460
16328461
16328463
16328464
16328465
16328466
16328467
16328468
16328469
16328470
16328471
16328472
16328473
16328474
16328475
16328476
16328477
16328478
16328479
16328480
16328520
16328521
16328523
16328524
16328525
16328526
16328527
16328528
16328529
16328530
16328531
16328532
16328533
16328534
16328535
16328538
16328539
16328540
16328541
16328542
16328543
16328545
16328546
16328547
16328548
16328549
16328550
16328551
16328552
16328554
16328555
16328556
16328557
16328558
16328559
16328560
16328561
16328562
16328563
16328564
16328565
16328566
16328567
16328568
16328569
16328610
16328611
16328612
16328613
16328614
16328615
16328616
16328617
16328618
16328619
16328620
16328621
16328622
16328623
16328624
16328625
16328626
16328629
16328630
16328631
16328632
16328633
16328635
16328636
16328637
16328638
16328639
16328640
16328641
16328642
16328644
16328645
16328646
16328647
16328648
16328649
16328650
16328651
16328652
16328653
16328654
16328655
16328656
16328657
16328658
16328659
16328700
16328701
16328702
16328703
16328704
16328705
16328706
16328709
16328710
16328711
16328712
16328713
16328714
16328715
16328716
16328717
16328720
16328721
16328722
16328723
16328724
16328726
16328727
16328728
16328729
16328730
16328732
16328733
16328734
16328735
16328736
16328737
16328738
16328739
16328740
16328741
16328742
16328743
16328744
16328745
16328746
16328747
16328748
16328790
16328791
16328792
16328793
16328803
16328804
16328805
16328806
16328807
16328808
16328810
16328811
16328812
16328813
16328814
16328816
16328817
16328818
16328819
16328820
16328821
16328822
16328823
16328824
16328825
16328826
16328827
16328828
16328829
16328830
16328831
16328832
16328833
16328834
16328835
16328836
16328837
16328838
16328880
16328881
16328882
16328887
16328888
16328889
16328895
16328896
16328897
16328898
16328899
16328901
16328902
16328903
16328904
16328905
16328906
16328907
16328908
16328909
16328910
16328911
16328912
16328913
16328914
16328915
16328916
16328917
16328918
16328919
16328920
16328921
16328922
16328923
16328924
16328925
16328926
16328927
16328970
16328971
16328975
16328976
16328977
16328978
16328979
16328980
16328981
16328982
16328986
16328987
16328988
16328989
16328991
16328992
16328993
16328994
16328995
16328997
16328998
16328999
16329001
16329002
16329003
16329004
16329005
16329006
16329007
16329008
16329009
16329010
16329011
16329012
16329013
16329014
16329015
16329016
16329017
16329060
16329061
16329063
16329064
16329065
16329066
16329067
16329068
16329069
16329070
16329071
16329072
16329073
16329076
16329077
16329078
16329079
16329080
16329082
16329083
16329084
16329085
16329087
16329088
16329089
16329090
16329091
16329092
16329093
16329094
16329095
16329096
16329097
16329098
16329099
16329100
16329101
16329102
16329103
16329104
16329105
16329106
16329107
16329150
16329151
16329153
16329154
16329155
16329156
16329157
16329158
16329159
16329160
16329161
16329162
16329163
16329167
16329168
16329169
16329170
16329172
16329173
16329174
16329175
16329177
16329178
16329179
16329180
16329182
16329183
16329184
16329185
16329186
16329187
16329188
16329189
16329190
16329191
16329192
16329193
16329194
16329195
16329196
16329240
16329241
16329242
16329243
16329244
16329245
16329246
16329247
16329251
16329252
16329253
16329254
16329257
16329258
16329259
16329260
16329262
16329263
16329264
16329265
16329267
16329268
16329269
16329270
16329272
16329273
16329274
16329275
16329276
16329277
16329278
16329279
16329280
16329281
16329282
16329283
16329284
16329285
16329286
16329330
16329331
16329332
16329333
16329334
16329335
16329336
16329337
16329342
16329343
16329344
16329347
16329348
16329349
16329350
16329352
16329353
16329354
16329355
16329357
16329358
16329359
16329360
16329361
16329362
16329363
16329364
16329365
16329366
16329367
16329368
16329369
16329370
16329371
16329372
16329373
16329374
16329375
16329376
16329420
16329421
16329422
16329423
16329424
16329425
16329426
16329427
16329432
16329433
16329434
16329437
16329438
16329439
16329440
16329442
16329443
16329444
16329445
16329447
16329448
16329449
16329450
16329451
16329452
16329453
16329454
16329455
16329456
16329457
16329458
16329459
16329460
16329461
16329462
16329463
16329464
16329465
16329510
16329511
16329512
16329513
16329514
16329515
16329516
16329517
16329522
16329523
16329524
16329527
16329528
16329529
16329530
16329532
16329533
16329534
16329535
16329537
16329538
16329539
16329540
16329541
16329542
16329543
16329544
16329545
16329546
16329547
16329548
16329549
16329550
16329551
16329552
16329553
16329554
16329555
